customer_id,product_id,Semana,Año,probabilidad_compra
154713,59822,2,1970,1.0
249486,59822,2,1970,0.9285714285714286
208575,59822,2,1970,0.9130434782608695
211965,59822,2,1970,0.9130434782608695
199044,59822,2,1970,0.9036144578313253
173667,59822,2,1970,0.9036144578313253
238377,59822,2,1970,0.8697318007662835
229521,59822,2,1970,0.8697318007662835
211989,59822,2,1970,0.8697318007662835
203322,59822,2,1970,0.8697318007662835
59703,59822,2,1970,0.8697318007662835
203058,59822,2,1970,0.8697318007662835
211542,59822,2,1970,0.8697318007662835
212505,59822,2,1970,0.8697318007662835
159027,59822,2,1970,0.8697318007662835
203889,59822,2,1970,0.8697318007662835
220047,28528,2,1970,0.8666666666666667
154713,28528,2,1970,0.8666666666666667
231057,59822,2,1970,0.8285714285714286
243546,59822,2,1970,0.8285714285714286
242442,59822,2,1970,0.8285714285714286
217848,59822,2,1970,0.8285714285714286
207339,59822,2,1970,0.8285714285714286
154713,21632,2,1970,0.8148148148148148
154713,296994,2,1970,0.8148148148148148
154713,23492,2,1970,0.8148148148148148
249486,30500,2,1970,0.8125
208518,59822,2,1970,0.8076923076923077
63690,59822,2,1970,0.8076923076923077
235932,59822,2,1970,0.8076923076923077
222225,59822,2,1970,0.8076923076923077
236973,59822,2,1970,0.8076923076923077
206442,59822,2,1970,0.8076923076923077
205191,59822,2,1970,0.8006535947712419
209637,59822,2,1970,0.8006535947712419
213102,59822,2,1970,0.8006535947712419
178230,59822,2,1970,0.8006535947712419
157767,59822,2,1970,0.8006535947712419
248724,59822,2,1970,0.7877889745109662
207216,59822,2,1970,0.7877889745109662
211413,59822,2,1970,0.7877889745109662
253146,59822,2,1970,0.7877889745109662
242409,59822,2,1970,0.7877889745109662
247029,59822,2,1970,0.7877889745109662
157080,59822,2,1970,0.7877889745109662
214194,59822,2,1970,0.7877889745109662
219381,59822,2,1970,0.7877889745109662
154740,59822,2,1970,0.7877889745109662
204411,59822,2,1970,0.7877889745109662
210627,59822,2,1970,0.7877889745109662
62811,59822,2,1970,0.7877889745109662
154743,59822,2,1970,0.7877889745109662
179790,59822,2,1970,0.7877889745109662
154146,59822,2,1970,0.7877889745109662
129264,59822,2,1970,0.7877889745109662
253053,59822,2,1970,0.7877889745109662
203256,59822,2,1970,0.7877889745109662
183672,59822,2,1970,0.7877889745109662
188106,59822,2,1970,0.7877889745109662
249159,59822,2,1970,0.7877889745109662
255489,59822,2,1970,0.7877889745109662
67056,59822,2,1970,0.7877889745109662
212475,59822,2,1970,0.7877889745109662
154551,59822,2,1970,0.7877889745109662
235458,59822,2,1970,0.7877889745109662
153600,59822,2,1970,0.7877889745109662
162960,59822,2,1970,0.7877889745109662
246054,59822,2,1970,0.7877889745109662
192714,59822,2,1970,0.7877889745109662
254118,59822,2,1970,0.7877889745109662
153882,59822,2,1970,0.7877889745109662
205947,59822,2,1970,0.7877889745109662
233427,59822,2,1970,0.7877889745109662
153912,59822,2,1970,0.7877889745109662
203277,59822,2,1970,0.7877889745109662
173940,59822,2,1970,0.7877889745109662
154011,59822,2,1970,0.7877889745109662
153744,59822,2,1970,0.7877889745109662
244680,59822,2,1970,0.7877889745109662
219420,59822,2,1970,0.7877889745109662
205812,59822,2,1970,0.7877889745109662
204762,59822,2,1970,0.7877889745109662
225972,59822,2,1970,0.7877889745109662
210810,59822,2,1970,0.7877889745109662
247548,59822,2,1970,0.7877889745109662
225012,59822,2,1970,0.7877889745109662
203241,59822,2,1970,0.7877889745109662
239115,59822,2,1970,0.7877889745109662
251253,59822,2,1970,0.7877889745109662
204057,59822,2,1970,0.7877889745109662
206076,59822,2,1970,0.7877889745109662
206616,59822,2,1970,0.7877889745109662
154383,59822,2,1970,0.7877889745109662
247956,59822,2,1970,0.7877889745109662
72108,59822,2,1970,0.7877889745109662
191247,59822,2,1970,0.7877889745109662
204522,59822,2,1970,0.7877889745109662
154713,297818,2,1970,0.6956521739130435
154713,63728,2,1970,0.6956521739130435
249486,296930,2,1970,0.6875
249486,26850,2,1970,0.6875
217848,30500,2,1970,0.6818181818181818
243546,30500,2,1970,0.6818181818181818
207339,30500,2,1970,0.6818181818181818
242442,30500,2,1970,0.6818181818181818
231057,30500,2,1970,0.6818181818181818
208575,30500,2,1970,0.6666666666666666
173667,30500,2,1970,0.6666666666666666
199044,30500,2,1970,0.6666666666666666
211965,30500,2,1970,0.6666666666666666
157767,297244,2,1970,0.6557377049180327
157767,53068,2,1970,0.6557377049180327
205191,53068,2,1970,0.6557377049180327
205191,297244,2,1970,0.6557377049180327
178230,297244,2,1970,0.6557377049180327
209637,297244,2,1970,0.6557377049180327
213102,297244,2,1970,0.6557377049180327
178230,53068,2,1970,0.6557377049180327
209637,53068,2,1970,0.6557377049180327
213102,53068,2,1970,0.6557377049180327
154713,55294,2,1970,0.6538461538461539
199044,53068,2,1970,0.6506024096385542
199044,297244,2,1970,0.6506024096385542
173667,297244,2,1970,0.6506024096385542
173667,53068,2,1970,0.6506024096385542
178230,30500,2,1970,0.6480263157894737
157767,30500,2,1970,0.6480263157894737
205191,30500,2,1970,0.6480263157894737
213102,30500,2,1970,0.6480263157894737
209637,30500,2,1970,0.6480263157894737
231057,26850,2,1970,0.6470588235294118
243546,26850,2,1970,0.6470588235294118
243546,296930,2,1970,0.6470588235294118
231057,296930,2,1970,0.6470588235294118
217848,26850,2,1970,0.6470588235294118
242442,26850,2,1970,0.6470588235294118
217848,296930,2,1970,0.6470588235294118
242442,296930,2,1970,0.6470588235294118
207339,296930,2,1970,0.6470588235294118
207339,26850,2,1970,0.6470588235294118
220047,30500,2,1970,0.6428571428571429
242442,53068,2,1970,0.6338028169014085
231057,297244,2,1970,0.6338028169014085
217848,53068,2,1970,0.6338028169014085
217848,297244,2,1970,0.6338028169014085
231057,53068,2,1970,0.6338028169014085
207339,297244,2,1970,0.6338028169014085
243546,297244,2,1970,0.6338028169014085
207339,53068,2,1970,0.6338028169014085
243546,53068,2,1970,0.6338028169014085
242442,297244,2,1970,0.6338028169014085
167364,59822,2,1970,0.625
206364,59822,2,1970,0.6060606060606061
199044,296930,2,1970,0.6
173667,296930,2,1970,0.6
173667,26850,2,1970,0.6
199044,26850,2,1970,0.6
211989,30500,2,1970,0.5866141732283464
212505,30500,2,1970,0.5866141732283464
203889,30500,2,1970,0.5866141732283464
59703,30500,2,1970,0.5866141732283464
238377,30500,2,1970,0.5866141732283464
159027,30500,2,1970,0.5866141732283464
203322,30500,2,1970,0.5866141732283464
229521,30500,2,1970,0.5866141732283464
203058,30500,2,1970,0.5866141732283464
211542,30500,2,1970,0.5866141732283464
249486,296838,2,1970,0.5833333333333334
60762,28528,2,1970,0.5806451612903226
208092,28528,2,1970,0.5806451612903226
191256,28528,2,1970,0.5806451612903226
251391,28528,2,1970,0.5806451612903226
227664,28528,2,1970,0.5806451612903226
154698,28528,2,1970,0.5806451612903226
213102,63728,2,1970,0.5803757828810021
178230,297818,2,1970,0.5803757828810021
178230,63728,2,1970,0.5803757828810021
209637,63728,2,1970,0.5803757828810021
209637,297818,2,1970,0.5803757828810021
213102,297818,2,1970,0.5803757828810021
157767,297818,2,1970,0.5803757828810021
157767,63728,2,1970,0.5803757828810021
205191,63728,2,1970,0.5803757828810021
205191,297818,2,1970,0.5803757828810021
167364,30500,2,1970,0.5757575757575758
173667,297818,2,1970,0.5748031496062992
199044,297818,2,1970,0.5748031496062992
173667,63728,2,1970,0.5748031496062992
199044,63728,2,1970,0.5748031496062992
211965,1260,2,1970,0.5714285714285714
211965,34718,2,1970,0.5714285714285714
208575,1260,2,1970,0.5714285714285714
208575,34718,2,1970,0.5714285714285714
154713,30500,2,1970,0.5625
243546,63728,2,1970,0.5566037735849056
217848,63728,2,1970,0.5566037735849056
217848,297818,2,1970,0.5566037735849056
207339,63728,2,1970,0.5566037735849056
243546,297818,2,1970,0.5566037735849056
207339,297818,2,1970,0.5566037735849056
242442,63728,2,1970,0.5566037735849056
242442,297818,2,1970,0.5566037735849056
231057,63728,2,1970,0.5566037735849056
231057,297818,2,1970,0.5566037735849056
213102,34718,2,1970,0.5466666666666666
209637,34718,2,1970,0.5466666666666666
178230,1260,2,1970,0.5466666666666666
178230,34718,2,1970,0.5466666666666666
205191,1260,2,1970,0.5466666666666666
157767,1260,2,1970,0.5466666666666666
213102,1260,2,1970,0.5466666666666666
209637,1260,2,1970,0.5466666666666666
205191,34718,2,1970,0.5466666666666666
157767,34718,2,1970,0.5466666666666666
209637,28528,2,1970,0.543046357615894
178230,28528,2,1970,0.543046357615894
205191,28528,2,1970,0.543046357615894
157767,28528,2,1970,0.543046357615894
213102,28528,2,1970,0.543046357615894
220047,53068,2,1970,0.5384615384615384
220047,297244,2,1970,0.5384615384615384
154713,297244,2,1970,0.5333333333333333
154713,1440,2,1970,0.5333333333333333
220047,1440,2,1970,0.5333333333333333
154713,53068,2,1970,0.5333333333333333
217848,28528,2,1970,0.5277777777777778
243546,28528,2,1970,0.5277777777777778
242442,28528,2,1970,0.5277777777777778
231057,28528,2,1970,0.5277777777777778
207339,28528,2,1970,0.5277777777777778
235932,296930,2,1970,0.5142857142857142
206442,296930,2,1970,0.5142857142857142
242442,34718,2,1970,0.5142857142857142
235932,26850,2,1970,0.5142857142857142
206442,26850,2,1970,0.5142857142857142
217848,1260,2,1970,0.5142857142857142
207339,34718,2,1970,0.5142857142857142
217848,34718,2,1970,0.5142857142857142
231057,34718,2,1970,0.5142857142857142
243546,34718,2,1970,0.5142857142857142
207339,1260,2,1970,0.5142857142857142
63690,296930,2,1970,0.5142857142857142
63690,26850,2,1970,0.5142857142857142
231057,1260,2,1970,0.5142857142857142
222225,26850,2,1970,0.5142857142857142
243546,1260,2,1970,0.5142857142857142
222225,296930,2,1970,0.5142857142857142
242442,1260,2,1970,0.5142857142857142
208575,296838,2,1970,0.5
236973,30500,2,1970,0.5
236973,53068,2,1970,0.5
208518,30500,2,1970,0.5
211965,296838,2,1970,0.5
154713,53044,2,1970,0.5
154713,33570,2,1970,0.5
154713,297724,2,1970,0.5
154713,23584,2,1970,0.5
208518,297244,2,1970,0.5
220047,55294,2,1970,0.5
154713,53170,2,1970,0.5
208518,53068,2,1970,0.5
236973,297244,2,1970,0.5
154713,296198,2,1970,0.5
199044,296838,2,1970,0.48717948717948717
173667,296838,2,1970,0.48717948717948717
213102,26850,2,1970,0.487012987012987
205191,296930,2,1970,0.487012987012987
213102,296930,2,1970,0.487012987012987
157767,296930,2,1970,0.487012987012987
178230,26850,2,1970,0.487012987012987
157767,26850,2,1970,0.487012987012987
209637,26850,2,1970,0.487012987012987
209637,296930,2,1970,0.487012987012987
205191,26850,2,1970,0.487012987012987
178230,296930,2,1970,0.487012987012987
253146,297818,2,1970,0.4735614307931571
154146,63728,2,1970,0.4735614307931571
246054,297818,2,1970,0.4735614307931571
153600,297818,2,1970,0.4735614307931571
251253,63728,2,1970,0.4735614307931571
206076,63728,2,1970,0.4735614307931571
154743,297818,2,1970,0.4735614307931571
192714,297818,2,1970,0.4735614307931571
154011,63728,2,1970,0.4735614307931571
251253,297818,2,1970,0.4735614307931571
244680,63728,2,1970,0.4735614307931571
179790,63728,2,1970,0.4735614307931571
191247,63728,2,1970,0.4735614307931571
162960,63728,2,1970,0.4735614307931571
204057,63728,2,1970,0.4735614307931571
203277,63728,2,1970,0.4735614307931571
154383,63728,2,1970,0.4735614307931571
207216,63728,2,1970,0.4735614307931571
173940,63728,2,1970,0.4735614307931571
247956,297818,2,1970,0.4735614307931571
179790,297818,2,1970,0.4735614307931571
225972,297818,2,1970,0.4735614307931571
225012,63728,2,1970,0.4735614307931571
206076,297818,2,1970,0.4735614307931571
235458,63728,2,1970,0.4735614307931571
219420,63728,2,1970,0.4735614307931571
203241,63728,2,1970,0.4735614307931571
255489,63728,2,1970,0.4735614307931571
253053,297818,2,1970,0.4735614307931571
248724,63728,2,1970,0.4735614307931571
205812,63728,2,1970,0.4735614307931571
154743,63728,2,1970,0.4735614307931571
154146,297818,2,1970,0.4735614307931571
154551,297818,2,1970,0.4735614307931571
210627,297818,2,1970,0.4735614307931571
244680,297818,2,1970,0.4735614307931571
203256,297818,2,1970,0.4735614307931571
253146,63728,2,1970,0.4735614307931571
62811,63728,2,1970,0.4735614307931571
242409,63728,2,1970,0.4735614307931571
204411,63728,2,1970,0.4735614307931571
153600,63728,2,1970,0.4735614307931571
203256,63728,2,1970,0.4735614307931571
242409,297818,2,1970,0.4735614307931571
153744,63728,2,1970,0.4735614307931571
205947,297818,2,1970,0.4735614307931571
254118,63728,2,1970,0.4735614307931571
248724,297818,2,1970,0.4735614307931571
153912,297818,2,1970,0.4735614307931571
211413,63728,2,1970,0.4735614307931571
207216,297818,2,1970,0.4735614307931571
233427,63728,2,1970,0.4735614307931571
210627,63728,2,1970,0.4735614307931571
153912,63728,2,1970,0.4735614307931571
154740,63728,2,1970,0.4735614307931571
129264,63728,2,1970,0.4735614307931571
205947,63728,2,1970,0.4735614307931571
247029,63728,2,1970,0.4735614307931571
153744,297818,2,1970,0.4735614307931571
129264,297818,2,1970,0.4735614307931571
191247,297818,2,1970,0.4735614307931571
225012,297818,2,1970,0.4735614307931571
154740,297818,2,1970,0.4735614307931571
214194,63728,2,1970,0.4735614307931571
247029,297818,2,1970,0.4735614307931571
157080,297818,2,1970,0.4735614307931571
206616,297818,2,1970,0.4735614307931571
219381,63728,2,1970,0.4735614307931571
154383,297818,2,1970,0.4735614307931571
154011,297818,2,1970,0.4735614307931571
205812,297818,2,1970,0.4735614307931571
247956,63728,2,1970,0.4735614307931571
173940,297818,2,1970,0.4735614307931571
211413,297818,2,1970,0.4735614307931571
206616,63728,2,1970,0.4735614307931571
204057,297818,2,1970,0.4735614307931571
192714,63728,2,1970,0.4735614307931571
62811,297818,2,1970,0.4735614307931571
253053,63728,2,1970,0.4735614307931571
255489,297818,2,1970,0.4735614307931571
204522,297818,2,1970,0.4735614307931571
233427,297818,2,1970,0.4735614307931571
203277,297818,2,1970,0.4735614307931571
204522,63728,2,1970,0.4735614307931571
246054,63728,2,1970,0.4735614307931571
219381,297818,2,1970,0.4735614307931571
254118,297818,2,1970,0.4735614307931571
214194,297818,2,1970,0.4735614307931571
157080,63728,2,1970,0.4735614307931571
162960,297818,2,1970,0.4735614307931571
247548,297818,2,1970,0.4735614307931571
153882,63728,2,1970,0.4735614307931571
210810,63728,2,1970,0.4735614307931571
235458,297818,2,1970,0.4735614307931571
219420,297818,2,1970,0.4735614307931571
212475,297818,2,1970,0.4735614307931571
67056,297818,2,1970,0.4735614307931571
249159,297818,2,1970,0.4735614307931571
212475,63728,2,1970,0.4735614307931571
239115,297818,2,1970,0.4735614307931571
67056,63728,2,1970,0.4735614307931571
72108,63728,2,1970,0.4735614307931571
153882,297818,2,1970,0.4735614307931571
225972,63728,2,1970,0.4735614307931571
183672,63728,2,1970,0.4735614307931571
204762,297818,2,1970,0.4735614307931571
183672,297818,2,1970,0.4735614307931571
188106,63728,2,1970,0.4735614307931571
72108,297818,2,1970,0.4735614307931571
204762,63728,2,1970,0.4735614307931571
154551,63728,2,1970,0.4735614307931571
210810,297818,2,1970,0.4735614307931571
204411,297818,2,1970,0.4735614307931571
239115,63728,2,1970,0.4735614307931571
203241,297818,2,1970,0.4735614307931571
188106,297818,2,1970,0.4735614307931571
247548,63728,2,1970,0.4735614307931571
249159,63728,2,1970,0.4735614307931571
208575,297818,2,1970,0.47297297297297297
208575,63728,2,1970,0.47297297297297297
211965,63728,2,1970,0.47297297297297297
211965,297818,2,1970,0.47297297297297297
222225,30500,2,1970,0.4714285714285714
63690,30500,2,1970,0.4714285714285714
235932,30500,2,1970,0.4714285714285714
206442,30500,2,1970,0.4714285714285714
167364,297244,2,1970,0.46875
167364,53068,2,1970,0.46875
236973,296838,2,1970,0.4666666666666667
208575,53068,2,1970,0.4666666666666667
211965,297244,2,1970,0.4666666666666667
208575,297244,2,1970,0.4666666666666667
211965,53068,2,1970,0.4666666666666667
208518,296838,2,1970,0.4666666666666667
236973,26850,2,1970,0.4666666666666667
208518,26850,2,1970,0.4666666666666667
72108,30500,2,1970,0.4625766871165644
204057,30500,2,1970,0.4625766871165644
206616,30500,2,1970,0.4625766871165644
154383,30500,2,1970,0.4625766871165644
206076,30500,2,1970,0.4625766871165644
251253,30500,2,1970,0.4625766871165644
210810,30500,2,1970,0.4625766871165644
157080,30500,2,1970,0.4625766871165644
225012,30500,2,1970,0.4625766871165644
255489,30500,2,1970,0.4625766871165644
192714,30500,2,1970,0.4625766871165644
154743,30500,2,1970,0.4625766871165644
246054,30500,2,1970,0.4625766871165644
253053,30500,2,1970,0.4625766871165644
204762,30500,2,1970,0.4625766871165644
247956,30500,2,1970,0.4625766871165644
203241,30500,2,1970,0.4625766871165644
153882,30500,2,1970,0.4625766871165644
203277,30500,2,1970,0.4625766871165644
247548,30500,2,1970,0.4625766871165644
129264,30500,2,1970,0.4625766871165644
62811,30500,2,1970,0.4625766871165644
204411,30500,2,1970,0.4625766871165644
253146,30500,2,1970,0.4625766871165644
205947,30500,2,1970,0.4625766871165644
219381,30500,2,1970,0.4625766871165644
173940,30500,2,1970,0.4625766871165644
212475,30500,2,1970,0.4625766871165644
239115,30500,2,1970,0.4625766871165644
247029,30500,2,1970,0.4625766871165644
248724,30500,2,1970,0.4625766871165644
211413,30500,2,1970,0.4625766871165644
153744,30500,2,1970,0.4625766871165644
154551,30500,2,1970,0.4625766871165644
214194,30500,2,1970,0.4625766871165644
207216,30500,2,1970,0.4625766871165644
235458,30500,2,1970,0.4625766871165644
67056,30500,2,1970,0.4625766871165644
191247,30500,2,1970,0.4625766871165644
249159,30500,2,1970,0.4625766871165644
154740,30500,2,1970,0.4625766871165644
233427,30500,2,1970,0.4625766871165644
154011,30500,2,1970,0.4625766871165644
162960,30500,2,1970,0.4625766871165644
153912,30500,2,1970,0.4625766871165644
219420,30500,2,1970,0.4625766871165644
204522,30500,2,1970,0.4625766871165644
205812,30500,2,1970,0.4625766871165644
244680,30500,2,1970,0.4625766871165644
242409,30500,2,1970,0.4625766871165644
179790,30500,2,1970,0.4625766871165644
153600,30500,2,1970,0.4625766871165644
188106,30500,2,1970,0.4625766871165644
225972,30500,2,1970,0.4625766871165644
154146,30500,2,1970,0.4625766871165644
203256,30500,2,1970,0.4625766871165644
183672,30500,2,1970,0.4625766871165644
254118,30500,2,1970,0.4625766871165644
210627,30500,2,1970,0.4625766871165644
220047,1388,2,1970,0.45714285714285713
220047,296048,2,1970,0.45714285714285713
220047,297556,2,1970,0.45714285714285713
220047,44960,2,1970,0.45714285714285713
157767,296838,2,1970,0.4570446735395189
178230,296838,2,1970,0.4570446735395189
213102,296838,2,1970,0.4570446735395189
209637,296838,2,1970,0.4570446735395189
205191,296838,2,1970,0.4570446735395189
249486,63728,2,1970,0.45
249486,297818,2,1970,0.45
154713,60522,2,1970,0.44
154713,11390,2,1970,0.44
191247,297244,2,1970,0.439540507859734
153912,53068,2,1970,0.439540507859734
246054,53068,2,1970,0.439540507859734
72108,53068,2,1970,0.439540507859734
207216,297244,2,1970,0.439540507859734
183672,297244,2,1970,0.439540507859734
239115,53068,2,1970,0.439540507859734
249159,53068,2,1970,0.439540507859734
254118,297244,2,1970,0.439540507859734
153912,297244,2,1970,0.439540507859734
210627,297244,2,1970,0.439540507859734
203241,297244,2,1970,0.439540507859734
204762,297244,2,1970,0.439540507859734
153600,297244,2,1970,0.439540507859734
179790,297244,2,1970,0.439540507859734
248724,297244,2,1970,0.439540507859734
153600,53068,2,1970,0.439540507859734
205947,53068,2,1970,0.439540507859734
210810,297244,2,1970,0.439540507859734
206616,53068,2,1970,0.439540507859734
249159,297244,2,1970,0.439540507859734
203277,53068,2,1970,0.439540507859734
254118,53068,2,1970,0.439540507859734
204411,297244,2,1970,0.439540507859734
179790,53068,2,1970,0.439540507859734
153882,297244,2,1970,0.439540507859734
205812,53068,2,1970,0.439540507859734
188106,53068,2,1970,0.439540507859734
153744,53068,2,1970,0.439540507859734
153744,297244,2,1970,0.439540507859734
154740,297244,2,1970,0.439540507859734
211413,53068,2,1970,0.439540507859734
242409,297244,2,1970,0.439540507859734
233427,53068,2,1970,0.439540507859734
219381,297244,2,1970,0.439540507859734
206616,297244,2,1970,0.439540507859734
242409,53068,2,1970,0.439540507859734
225972,53068,2,1970,0.439540507859734
233427,297244,2,1970,0.439540507859734
247029,53068,2,1970,0.439540507859734
219381,53068,2,1970,0.439540507859734
247029,297244,2,1970,0.439540507859734
129264,53068,2,1970,0.439540507859734
154740,53068,2,1970,0.439540507859734
253146,297244,2,1970,0.439540507859734
203241,53068,2,1970,0.439540507859734
205812,297244,2,1970,0.439540507859734
72108,297244,2,1970,0.439540507859734
203277,297244,2,1970,0.439540507859734
235458,53068,2,1970,0.439540507859734
210627,53068,2,1970,0.439540507859734
129264,297244,2,1970,0.439540507859734
253146,53068,2,1970,0.439540507859734
211413,297244,2,1970,0.439540507859734
207216,53068,2,1970,0.439540507859734
255489,297244,2,1970,0.439540507859734
235458,297244,2,1970,0.439540507859734
212475,297244,2,1970,0.439540507859734
62811,297244,2,1970,0.439540507859734
183672,53068,2,1970,0.439540507859734
251253,297244,2,1970,0.439540507859734
157080,297244,2,1970,0.439540507859734
204411,53068,2,1970,0.439540507859734
244680,53068,2,1970,0.439540507859734
247956,297244,2,1970,0.439540507859734
244680,297244,2,1970,0.439540507859734
248724,53068,2,1970,0.439540507859734
162960,297244,2,1970,0.439540507859734
253053,297244,2,1970,0.439540507859734
247956,53068,2,1970,0.439540507859734
153882,53068,2,1970,0.439540507859734
253053,53068,2,1970,0.439540507859734
162960,53068,2,1970,0.439540507859734
154011,53068,2,1970,0.439540507859734
204057,53068,2,1970,0.439540507859734
154146,53068,2,1970,0.439540507859734
212475,53068,2,1970,0.439540507859734
67056,297244,2,1970,0.439540507859734
219420,297244,2,1970,0.439540507859734
206076,53068,2,1970,0.439540507859734
154743,53068,2,1970,0.439540507859734
191247,53068,2,1970,0.439540507859734
154383,297244,2,1970,0.439540507859734
206076,297244,2,1970,0.439540507859734
246054,297244,2,1970,0.439540507859734
67056,53068,2,1970,0.439540507859734
154011,297244,2,1970,0.439540507859734
154146,297244,2,1970,0.439540507859734
154551,53068,2,1970,0.439540507859734
154383,53068,2,1970,0.439540507859734
154743,297244,2,1970,0.439540507859734
225012,53068,2,1970,0.439540507859734
210810,53068,2,1970,0.439540507859734
219420,53068,2,1970,0.439540507859734
192714,297244,2,1970,0.439540507859734
239115,297244,2,1970,0.439540507859734
204522,297244,2,1970,0.439540507859734
247548,53068,2,1970,0.439540507859734
255489,53068,2,1970,0.439540507859734
214194,53068,2,1970,0.439540507859734
204522,53068,2,1970,0.439540507859734
62811,53068,2,1970,0.439540507859734
225972,297244,2,1970,0.439540507859734
157080,53068,2,1970,0.439540507859734
203256,297244,2,1970,0.439540507859734
251253,53068,2,1970,0.439540507859734
205947,297244,2,1970,0.439540507859734
247548,297244,2,1970,0.439540507859734
204762,53068,2,1970,0.439540507859734
173940,297244,2,1970,0.439540507859734
225012,297244,2,1970,0.439540507859734
188106,297244,2,1970,0.439540507859734
192714,53068,2,1970,0.439540507859734
154551,297244,2,1970,0.439540507859734
214194,297244,2,1970,0.439540507859734
204057,297244,2,1970,0.439540507859734
203256,53068,2,1970,0.439540507859734
173940,53068,2,1970,0.439540507859734
203058,296838,2,1970,0.43824701195219123
203322,296838,2,1970,0.43824701195219123
203889,296838,2,1970,0.43824701195219123
229521,296838,2,1970,0.43824701195219123
159027,296838,2,1970,0.43824701195219123
211542,296838,2,1970,0.43824701195219123
238377,296838,2,1970,0.43824701195219123
59703,296838,2,1970,0.43824701195219123
211989,296838,2,1970,0.43824701195219123
212505,296838,2,1970,0.43824701195219123
154713,34718,2,1970,0.4375
154713,1260,2,1970,0.4375
220047,34718,2,1970,0.4375
220047,1260,2,1970,0.4375
217848,296838,2,1970,0.42857142857142855
243546,296838,2,1970,0.42857142857142855
207339,296838,2,1970,0.42857142857142855
242442,296838,2,1970,0.42857142857142855
167364,297818,2,1970,0.42857142857142855
231057,296838,2,1970,0.42857142857142855
167364,63728,2,1970,0.42857142857142855
167364,296838,2,1970,0.42424242424242425
167364,26850,2,1970,0.42424242424242425
211965,44960,2,1970,0.4107142857142857
208575,44960,2,1970,0.4107142857142857
211965,297556,2,1970,0.4107142857142857
208575,297556,2,1970,0.4107142857142857
208575,296048,2,1970,0.4107142857142857
211965,1388,2,1970,0.4107142857142857
211965,296048,2,1970,0.4107142857142857
208575,1388,2,1970,0.4107142857142857
206364,28528,2,1970,0.4
220047,11390,2,1970,0.4
220047,60522,2,1970,0.4
191256,59822,2,1970,0.3968253968253968
227664,59822,2,1970,0.3968253968253968
154698,59822,2,1970,0.3968253968253968
208092,59822,2,1970,0.3968253968253968
251391,59822,2,1970,0.3968253968253968
60762,59822,2,1970,0.3968253968253968
205191,1388,2,1970,0.3954727030625832
205191,296048,2,1970,0.3954727030625832
157767,1388,2,1970,0.3954727030625832
178230,297556,2,1970,0.3954727030625832
205191,297556,2,1970,0.3954727030625832
213102,44960,2,1970,0.3954727030625832
178230,296048,2,1970,0.3954727030625832
157767,297556,2,1970,0.3954727030625832
209637,296048,2,1970,0.3954727030625832
157767,296048,2,1970,0.3954727030625832
213102,1388,2,1970,0.3954727030625832
213102,296048,2,1970,0.3954727030625832
213102,297556,2,1970,0.3954727030625832
157767,44960,2,1970,0.3954727030625832
205191,44960,2,1970,0.3954727030625832
209637,297556,2,1970,0.3954727030625832
178230,1388,2,1970,0.3954727030625832
209637,44960,2,1970,0.3954727030625832
209637,1388,2,1970,0.3954727030625832
178230,44960,2,1970,0.3954727030625832
154713,1388,2,1970,0.39473684210526316
154713,296048,2,1970,0.39473684210526316
154713,297556,2,1970,0.39473684210526316
154713,44960,2,1970,0.39473684210526316
208575,26850,2,1970,0.391304347826087
208575,296930,2,1970,0.391304347826087
211965,296930,2,1970,0.391304347826087
211965,26850,2,1970,0.391304347826087
167364,28528,2,1970,0.38095238095238093
178230,53044,2,1970,0.37966101694915255
157767,296198,2,1970,0.37966101694915255
157767,23584,2,1970,0.37966101694915255
209637,297724,2,1970,0.37966101694915255
213102,297724,2,1970,0.37966101694915255
157767,53170,2,1970,0.37966101694915255
157767,33570,2,1970,0.37966101694915255
209637,53044,2,1970,0.37966101694915255
213102,53044,2,1970,0.37966101694915255
205191,296198,2,1970,0.37966101694915255
205191,23584,2,1970,0.37966101694915255
209637,296198,2,1970,0.37966101694915255
157767,297724,2,1970,0.37966101694915255
209637,23584,2,1970,0.37966101694915255
178230,296198,2,1970,0.37966101694915255
157767,53044,2,1970,0.37966101694915255
205191,297724,2,1970,0.37966101694915255
213102,33570,2,1970,0.37966101694915255
213102,53170,2,1970,0.37966101694915255
178230,23584,2,1970,0.37966101694915255
205191,53044,2,1970,0.37966101694915255
205191,33570,2,1970,0.37966101694915255
209637,33570,2,1970,0.37966101694915255
213102,23584,2,1970,0.37966101694915255
178230,297724,2,1970,0.37966101694915255
213102,296198,2,1970,0.37966101694915255
205191,53170,2,1970,0.37966101694915255
209637,53170,2,1970,0.37966101694915255
178230,53170,2,1970,0.37966101694915255
178230,33570,2,1970,0.37966101694915255
167364,1388,2,1970,0.37037037037037035
167364,297556,2,1970,0.37037037037037035
167364,296048,2,1970,0.37037037037037035
167364,44960,2,1970,0.37037037037037035
249486,297244,2,1970,0.35714285714285715
249486,53068,2,1970,0.35714285714285715
243546,23584,2,1970,0.35294117647058826
243546,53170,2,1970,0.35294117647058826
243546,33570,2,1970,0.35294117647058826
242442,297724,2,1970,0.35294117647058826
242442,53044,2,1970,0.35294117647058826
231057,23584,2,1970,0.35294117647058826
243546,297724,2,1970,0.35294117647058826
242442,53170,2,1970,0.35294117647058826
242442,33570,2,1970,0.35294117647058826
231057,33570,2,1970,0.35294117647058826
242442,23584,2,1970,0.35294117647058826
231057,53170,2,1970,0.35294117647058826
217848,53170,2,1970,0.35294117647058826
217848,296198,2,1970,0.35294117647058826
217848,23584,2,1970,0.35294117647058826
243546,296198,2,1970,0.35294117647058826
231057,53044,2,1970,0.35294117647058826
217848,33570,2,1970,0.35294117647058826
242442,296198,2,1970,0.35294117647058826
207339,53044,2,1970,0.35294117647058826
243546,53044,2,1970,0.35294117647058826
154713,297016,2,1970,0.35294117647058826
217848,297724,2,1970,0.35294117647058826
207339,296198,2,1970,0.35294117647058826
207339,297724,2,1970,0.35294117647058826
207339,23584,2,1970,0.35294117647058826
207339,53170,2,1970,0.35294117647058826
207339,33570,2,1970,0.35294117647058826
231057,296198,2,1970,0.35294117647058826
217848,53044,2,1970,0.35294117647058826
231057,297724,2,1970,0.35294117647058826
153912,296838,2,1970,0.3477455219271155
239115,296838,2,1970,0.3477455219271155
225012,26850,2,1970,0.3477455219271155
179790,296838,2,1970,0.3477455219271155
225012,296838,2,1970,0.3477455219271155
210627,296838,2,1970,0.3477455219271155
206616,296838,2,1970,0.3477455219271155
204057,296838,2,1970,0.3477455219271155
211413,26850,2,1970,0.3477455219271155
203241,296838,2,1970,0.3477455219271155
72108,296838,2,1970,0.3477455219271155
153744,296838,2,1970,0.3477455219271155
219381,26850,2,1970,0.3477455219271155
248724,26850,2,1970,0.3477455219271155
154740,296838,2,1970,0.3477455219271155
154740,26850,2,1970,0.3477455219271155
203241,26850,2,1970,0.3477455219271155
247029,26850,2,1970,0.3477455219271155
219381,296838,2,1970,0.3477455219271155
247029,296838,2,1970,0.3477455219271155
210627,26850,2,1970,0.3477455219271155
153744,26850,2,1970,0.3477455219271155
239115,26850,2,1970,0.3477455219271155
247548,26850,2,1970,0.3477455219271155
214194,296838,2,1970,0.3477455219271155
251253,26850,2,1970,0.3477455219271155
204762,26850,2,1970,0.3477455219271155
154383,26850,2,1970,0.3477455219271155
154743,296838,2,1970,0.3477455219271155
62811,26850,2,1970,0.3477455219271155
244680,296838,2,1970,0.3477455219271155
211413,296838,2,1970,0.3477455219271155
247956,26850,2,1970,0.3477455219271155
204057,26850,2,1970,0.3477455219271155
219420,296838,2,1970,0.3477455219271155
210810,296838,2,1970,0.3477455219271155
204411,26850,2,1970,0.3477455219271155
219420,26850,2,1970,0.3477455219271155
154383,296838,2,1970,0.3477455219271155
206076,296838,2,1970,0.3477455219271155
206076,26850,2,1970,0.3477455219271155
210810,26850,2,1970,0.3477455219271155
153912,26850,2,1970,0.3477455219271155
251253,296838,2,1970,0.3477455219271155
204522,296838,2,1970,0.3477455219271155
204762,296838,2,1970,0.3477455219271155
157080,296838,2,1970,0.3477455219271155
62811,296838,2,1970,0.3477455219271155
247548,296838,2,1970,0.3477455219271155
191247,296838,2,1970,0.3477455219271155
225972,26850,2,1970,0.3477455219271155
154743,26850,2,1970,0.3477455219271155
206616,26850,2,1970,0.3477455219271155
244680,26850,2,1970,0.3477455219271155
179790,26850,2,1970,0.3477455219271155
204522,26850,2,1970,0.3477455219271155
157080,26850,2,1970,0.3477455219271155
247956,296838,2,1970,0.3477455219271155
72108,26850,2,1970,0.3477455219271155
225972,296838,2,1970,0.3477455219271155
153882,296838,2,1970,0.3477455219271155
154551,26850,2,1970,0.3477455219271155
212475,296838,2,1970,0.3477455219271155
253146,296838,2,1970,0.3477455219271155
205947,296838,2,1970,0.3477455219271155
249159,296838,2,1970,0.3477455219271155
204411,296838,2,1970,0.3477455219271155
246054,296838,2,1970,0.3477455219271155
67056,26850,2,1970,0.3477455219271155
173940,26850,2,1970,0.3477455219271155
154146,296838,2,1970,0.3477455219271155
255489,26850,2,1970,0.3477455219271155
249159,26850,2,1970,0.3477455219271155
235458,26850,2,1970,0.3477455219271155
253053,296838,2,1970,0.3477455219271155
154011,26850,2,1970,0.3477455219271155
203277,26850,2,1970,0.3477455219271155
254118,26850,2,1970,0.3477455219271155
212475,26850,2,1970,0.3477455219271155
246054,26850,2,1970,0.3477455219271155
242409,26850,2,1970,0.3477455219271155
253146,26850,2,1970,0.3477455219271155
188106,26850,2,1970,0.3477455219271155
205812,296838,2,1970,0.3477455219271155
154146,26850,2,1970,0.3477455219271155
233427,26850,2,1970,0.3477455219271155
129264,296838,2,1970,0.3477455219271155
67056,296838,2,1970,0.3477455219271155
154551,296838,2,1970,0.3477455219271155
235458,296838,2,1970,0.3477455219271155
188106,296838,2,1970,0.3477455219271155
253053,26850,2,1970,0.3477455219271155
203256,26850,2,1970,0.3477455219271155
162960,296838,2,1970,0.3477455219271155
192714,26850,2,1970,0.3477455219271155
205947,26850,2,1970,0.3477455219271155
191247,26850,2,1970,0.3477455219271155
173940,296838,2,1970,0.3477455219271155
214194,26850,2,1970,0.3477455219271155
205812,26850,2,1970,0.3477455219271155
183672,296838,2,1970,0.3477455219271155
248724,296838,2,1970,0.3477455219271155
203256,296838,2,1970,0.3477455219271155
254118,296838,2,1970,0.3477455219271155
153600,26850,2,1970,0.3477455219271155
207216,26850,2,1970,0.3477455219271155
153882,26850,2,1970,0.3477455219271155
242409,296838,2,1970,0.3477455219271155
154011,296838,2,1970,0.3477455219271155
233427,296838,2,1970,0.3477455219271155
162960,26850,2,1970,0.3477455219271155
153600,296838,2,1970,0.3477455219271155
203277,296838,2,1970,0.3477455219271155
207216,296838,2,1970,0.3477455219271155
192714,296838,2,1970,0.3477455219271155
255489,296838,2,1970,0.3477455219271155
183672,26850,2,1970,0.3477455219271155
129264,26850,2,1970,0.3477455219271155
243546,297556,2,1970,0.3411764705882353
242442,44960,2,1970,0.3411764705882353
242442,297556,2,1970,0.3411764705882353
243546,1388,2,1970,0.3411764705882353
242442,1388,2,1970,0.3411764705882353
243546,296048,2,1970,0.3411764705882353
231057,44960,2,1970,0.3411764705882353
242442,296048,2,1970,0.3411764705882353
243546,44960,2,1970,0.3411764705882353
231057,1388,2,1970,0.3411764705882353
217848,44960,2,1970,0.3411764705882353
207339,1388,2,1970,0.3411764705882353
217848,296048,2,1970,0.3411764705882353
217848,297556,2,1970,0.3411764705882353
217848,1388,2,1970,0.3411764705882353
231057,297556,2,1970,0.3411764705882353
207339,297556,2,1970,0.3411764705882353
207339,296048,2,1970,0.3411764705882353
231057,296048,2,1970,0.3411764705882353
207339,44960,2,1970,0.3411764705882353
222225,63728,2,1970,0.33440514469453375
235932,63728,2,1970,0.33440514469453375
235932,297818,2,1970,0.33440514469453375
206442,297818,2,1970,0.33440514469453375
63690,63728,2,1970,0.33440514469453375
206442,63728,2,1970,0.33440514469453375
63690,297818,2,1970,0.33440514469453375
222225,297818,2,1970,0.33440514469453375
236973,63728,2,1970,0.3333333333333333
154713,296838,2,1970,0.3333333333333333
154713,26850,2,1970,0.3333333333333333
236973,297818,2,1970,0.3333333333333333
208518,297818,2,1970,0.3333333333333333
236973,44960,2,1970,0.3333333333333333
208518,44960,2,1970,0.3333333333333333
236973,296048,2,1970,0.3333333333333333
208518,1388,2,1970,0.3333333333333333
208518,296048,2,1970,0.3333333333333333
236973,1388,2,1970,0.3333333333333333
236973,297556,2,1970,0.3333333333333333
208518,297556,2,1970,0.3333333333333333
208518,63728,2,1970,0.3333333333333333
204057,1388,2,1970,0.3325969563082965
214194,44960,2,1970,0.3325969563082965
225012,297556,2,1970,0.3325969563082965
162960,1388,2,1970,0.3325969563082965
154740,44960,2,1970,0.3325969563082965
162960,297556,2,1970,0.3325969563082965
154383,297556,2,1970,0.3325969563082965
206616,1388,2,1970,0.3325969563082965
204057,296048,2,1970,0.3325969563082965
205947,1388,2,1970,0.3325969563082965
204057,297556,2,1970,0.3325969563082965
247956,44960,2,1970,0.3325969563082965
162960,296048,2,1970,0.3325969563082965
248724,44960,2,1970,0.3325969563082965
154383,1388,2,1970,0.3325969563082965
203277,296048,2,1970,0.3325969563082965
157080,1388,2,1970,0.3325969563082965
154383,296048,2,1970,0.3325969563082965
204522,44960,2,1970,0.3325969563082965
153912,1388,2,1970,0.3325969563082965
192714,296048,2,1970,0.3325969563082965
192714,1388,2,1970,0.3325969563082965
225972,44960,2,1970,0.3325969563082965
204522,296048,2,1970,0.3325969563082965
203277,44960,2,1970,0.3325969563082965
191247,44960,2,1970,0.3325969563082965
192714,297556,2,1970,0.3325969563082965
204522,297556,2,1970,0.3325969563082965
204522,1388,2,1970,0.3325969563082965
254118,44960,2,1970,0.3325969563082965
204057,44960,2,1970,0.3325969563082965
225012,1388,2,1970,0.3325969563082965
157080,296048,2,1970,0.3325969563082965
206616,296048,2,1970,0.3325969563082965
254118,296048,2,1970,0.3325969563082965
153912,297556,2,1970,0.3325969563082965
247956,1388,2,1970,0.3325969563082965
247956,297556,2,1970,0.3325969563082965
254118,297556,2,1970,0.3325969563082965
247956,296048,2,1970,0.3325969563082965
206616,297556,2,1970,0.3325969563082965
154383,44960,2,1970,0.3325969563082965
162960,44960,2,1970,0.3325969563082965
153912,44960,2,1970,0.3325969563082965
254118,1388,2,1970,0.3325969563082965
157080,297556,2,1970,0.3325969563082965
206616,44960,2,1970,0.3325969563082965
207216,44960,2,1970,0.3325969563082965
153912,296048,2,1970,0.3325969563082965
191247,1388,2,1970,0.3325969563082965
153600,1388,2,1970,0.3325969563082965
206076,1388,2,1970,0.3325969563082965
206076,297556,2,1970,0.3325969563082965
153882,296048,2,1970,0.3325969563082965
239115,1388,2,1970,0.3325969563082965
249159,1388,2,1970,0.3325969563082965
249159,297556,2,1970,0.3325969563082965
239115,297556,2,1970,0.3325969563082965
249159,296048,2,1970,0.3325969563082965
247548,297556,2,1970,0.3325969563082965
225972,1388,2,1970,0.3325969563082965
212475,44960,2,1970,0.3325969563082965
239115,296048,2,1970,0.3325969563082965
247548,1388,2,1970,0.3325969563082965
249159,44960,2,1970,0.3325969563082965
67056,296048,2,1970,0.3325969563082965
212475,296048,2,1970,0.3325969563082965
212475,297556,2,1970,0.3325969563082965
67056,297556,2,1970,0.3325969563082965
225972,297556,2,1970,0.3325969563082965
239115,44960,2,1970,0.3325969563082965
67056,1388,2,1970,0.3325969563082965
219420,44960,2,1970,0.3325969563082965
204411,44960,2,1970,0.3325969563082965
67056,44960,2,1970,0.3325969563082965
183672,296048,2,1970,0.3325969563082965
210810,1388,2,1970,0.3325969563082965
247548,44960,2,1970,0.3325969563082965
210810,297556,2,1970,0.3325969563082965
210810,296048,2,1970,0.3325969563082965
153882,44960,2,1970,0.3325969563082965
183672,1388,2,1970,0.3325969563082965
183672,297556,2,1970,0.3325969563082965
204762,1388,2,1970,0.3325969563082965
72108,44960,2,1970,0.3325969563082965
247548,296048,2,1970,0.3325969563082965
204762,297556,2,1970,0.3325969563082965
204762,296048,2,1970,0.3325969563082965
204762,44960,2,1970,0.3325969563082965
183672,44960,2,1970,0.3325969563082965
72108,296048,2,1970,0.3325969563082965
72108,297556,2,1970,0.3325969563082965
210810,44960,2,1970,0.3325969563082965
72108,1388,2,1970,0.3325969563082965
212475,1388,2,1970,0.3325969563082965
153882,297556,2,1970,0.3325969563082965
153882,1388,2,1970,0.3325969563082965
203256,1388,2,1970,0.3325969563082965
203256,44960,2,1970,0.3325969563082965
153744,1388,2,1970,0.3325969563082965
219420,1388,2,1970,0.3325969563082965
153600,297556,2,1970,0.3325969563082965
153600,296048,2,1970,0.3325969563082965
206076,44960,2,1970,0.3325969563082965
203256,296048,2,1970,0.3325969563082965
203256,297556,2,1970,0.3325969563082965
251253,1388,2,1970,0.3325969563082965
255489,296048,2,1970,0.3325969563082965
153600,44960,2,1970,0.3325969563082965
251253,297556,2,1970,0.3325969563082965
251253,296048,2,1970,0.3325969563082965
203277,1388,2,1970,0.3325969563082965
192714,44960,2,1970,0.3325969563082965
206076,296048,2,1970,0.3325969563082965
203277,297556,2,1970,0.3325969563082965
251253,44960,2,1970,0.3325969563082965
154551,44960,2,1970,0.3325969563082965
235458,1388,2,1970,0.3325969563082965
188106,1388,2,1970,0.3325969563082965
219420,296048,2,1970,0.3325969563082965
188106,297556,2,1970,0.3325969563082965
225972,296048,2,1970,0.3325969563082965
154551,1388,2,1970,0.3325969563082965
188106,296048,2,1970,0.3325969563082965
154551,297556,2,1970,0.3325969563082965
203241,44960,2,1970,0.3325969563082965
235458,44960,2,1970,0.3325969563082965
255489,1388,2,1970,0.3325969563082965
157080,44960,2,1970,0.3325969563082965
203241,1388,2,1970,0.3325969563082965
188106,44960,2,1970,0.3325969563082965
255489,297556,2,1970,0.3325969563082965
235458,296048,2,1970,0.3325969563082965
203241,296048,2,1970,0.3325969563082965
235458,297556,2,1970,0.3325969563082965
154551,296048,2,1970,0.3325969563082965
203241,297556,2,1970,0.3325969563082965
219420,297556,2,1970,0.3325969563082965
247029,44960,2,1970,0.3325969563082965
255489,44960,2,1970,0.3325969563082965
214194,1388,2,1970,0.3325969563082965
211413,297556,2,1970,0.3325969563082965
154146,44960,2,1970,0.3325969563082965
205947,44960,2,1970,0.3325969563082965
173940,296048,2,1970,0.3325969563082965
173940,297556,2,1970,0.3325969563082965
219381,296048,2,1970,0.3325969563082965
207216,296048,2,1970,0.3325969563082965
242409,296048,2,1970,0.3325969563082965
219381,297556,2,1970,0.3325969563082965
225012,296048,2,1970,0.3325969563082965
246054,297556,2,1970,0.3325969563082965
211413,296048,2,1970,0.3325969563082965
205947,296048,2,1970,0.3325969563082965
219381,1388,2,1970,0.3325969563082965
154740,1388,2,1970,0.3325969563082965
179790,1388,2,1970,0.3325969563082965
205812,296048,2,1970,0.3325969563082965
173940,1388,2,1970,0.3325969563082965
179790,297556,2,1970,0.3325969563082965
154011,296048,2,1970,0.3325969563082965
129264,1388,2,1970,0.3325969563082965
154743,44960,2,1970,0.3325969563082965
233427,296048,2,1970,0.3325969563082965
207216,297556,2,1970,0.3325969563082965
242409,297556,2,1970,0.3325969563082965
242409,1388,2,1970,0.3325969563082965
225012,44960,2,1970,0.3325969563082965
253146,1388,2,1970,0.3325969563082965
205812,297556,2,1970,0.3325969563082965
154011,44960,2,1970,0.3325969563082965
191247,296048,2,1970,0.3325969563082965
154146,1388,2,1970,0.3325969563082965
253146,44960,2,1970,0.3325969563082965
246054,44960,2,1970,0.3325969563082965
244680,1388,2,1970,0.3325969563082965
233427,44960,2,1970,0.3325969563082965
173940,44960,2,1970,0.3325969563082965
219381,44960,2,1970,0.3325969563082965
211413,44960,2,1970,0.3325969563082965
204411,296048,2,1970,0.3325969563082965
242409,44960,2,1970,0.3325969563082965
62811,44960,2,1970,0.3325969563082965
214194,297556,2,1970,0.3325969563082965
244680,297556,2,1970,0.3325969563082965
246054,296048,2,1970,0.3325969563082965
154146,296048,2,1970,0.3325969563082965
244680,296048,2,1970,0.3325969563082965
62811,296048,2,1970,0.3325969563082965
62811,297556,2,1970,0.3325969563082965
253146,296048,2,1970,0.3325969563082965
62811,1388,2,1970,0.3325969563082965
253146,297556,2,1970,0.3325969563082965
248724,1388,2,1970,0.3325969563082965
244680,44960,2,1970,0.3325969563082965
214194,296048,2,1970,0.3325969563082965
179790,296048,2,1970,0.3325969563082965
154146,297556,2,1970,0.3325969563082965
207216,1388,2,1970,0.3325969563082965
253053,1388,2,1970,0.3325969563082965
205812,1388,2,1970,0.3325969563082965
247029,1388,2,1970,0.3325969563082965
154740,296048,2,1970,0.3325969563082965
248724,296048,2,1970,0.3325969563082965
154743,1388,2,1970,0.3325969563082965
247029,297556,2,1970,0.3325969563082965
129264,296048,2,1970,0.3325969563082965
154743,297556,2,1970,0.3325969563082965
247029,296048,2,1970,0.3325969563082965
204411,297556,2,1970,0.3325969563082965
154011,297556,2,1970,0.3325969563082965
153744,44960,2,1970,0.3325969563082965
253053,297556,2,1970,0.3325969563082965
205812,44960,2,1970,0.3325969563082965
253053,44960,2,1970,0.3325969563082965
154743,296048,2,1970,0.3325969563082965
129264,44960,2,1970,0.3325969563082965
248724,297556,2,1970,0.3325969563082965
205947,297556,2,1970,0.3325969563082965
210627,296048,2,1970,0.3325969563082965
233427,1388,2,1970,0.3325969563082965
204411,1388,2,1970,0.3325969563082965
210627,1388,2,1970,0.3325969563082965
129264,297556,2,1970,0.3325969563082965
210627,297556,2,1970,0.3325969563082965
233427,297556,2,1970,0.3325969563082965
154011,1388,2,1970,0.3325969563082965
153744,297556,2,1970,0.3325969563082965
210627,44960,2,1970,0.3325969563082965
211413,1388,2,1970,0.3325969563082965
253053,296048,2,1970,0.3325969563082965
154740,297556,2,1970,0.3325969563082965
179790,44960,2,1970,0.3325969563082965
153744,296048,2,1970,0.3325969563082965
246054,1388,2,1970,0.3325969563082965
191247,297556,2,1970,0.3325969563082965
235932,1388,2,1970,0.3191919191919192
63690,296048,2,1970,0.3191919191919192
63690,1388,2,1970,0.3191919191919192
235932,296048,2,1970,0.3191919191919192
206442,297556,2,1970,0.3191919191919192
206442,296048,2,1970,0.3191919191919192
222225,1388,2,1970,0.3191919191919192
63690,297556,2,1970,0.3191919191919192
206442,1388,2,1970,0.3191919191919192
235932,44960,2,1970,0.3191919191919192
222225,297556,2,1970,0.3191919191919192
206442,44960,2,1970,0.3191919191919192
222225,296048,2,1970,0.3191919191919192
235932,297556,2,1970,0.3191919191919192
63690,44960,2,1970,0.3191919191919192
222225,44960,2,1970,0.3191919191919192
179790,296930,2,1970,0.3157894736842105
251253,296930,2,1970,0.3157894736842105
219420,296930,2,1970,0.3157894736842105
192714,296930,2,1970,0.3157894736842105
206076,296930,2,1970,0.3157894736842105
247956,296930,2,1970,0.3157894736842105
255489,296930,2,1970,0.3157894736842105
246054,296930,2,1970,0.3157894736842105
162960,296930,2,1970,0.3157894736842105
154011,296930,2,1970,0.3157894736842105
225012,296930,2,1970,0.3157894736842105
154743,296930,2,1970,0.3157894736842105
173940,296930,2,1970,0.3157894736842105
153600,296930,2,1970,0.3157894736842105
204057,296930,2,1970,0.3157894736842105
203256,296930,2,1970,0.3157894736842105
205947,296930,2,1970,0.3157894736842105
154383,296930,2,1970,0.3157894736842105
225972,296930,2,1970,0.3157894736842105
235458,296930,2,1970,0.3157894736842105
203241,296930,2,1970,0.3157894736842105
154551,296930,2,1970,0.3157894736842105
253146,296930,2,1970,0.3157894736842105
203277,296930,2,1970,0.3157894736842105
204762,296930,2,1970,0.3157894736842105
239115,296930,2,1970,0.3157894736842105
157080,296930,2,1970,0.3157894736842105
67056,296930,2,1970,0.3157894736842105
254118,296930,2,1970,0.3157894736842105
249159,296930,2,1970,0.3157894736842105
205812,296930,2,1970,0.3157894736842105
247548,296930,2,1970,0.3157894736842105
72108,296930,2,1970,0.3157894736842105
153882,296930,2,1970,0.3157894736842105
183672,296930,2,1970,0.3157894736842105
233427,296930,2,1970,0.3157894736842105
153912,296930,2,1970,0.3157894736842105
210627,296930,2,1970,0.3157894736842105
129264,296930,2,1970,0.3157894736842105
207216,296930,2,1970,0.3157894736842105
247029,296930,2,1970,0.3157894736842105
154740,296930,2,1970,0.3157894736842105
210810,296930,2,1970,0.3157894736842105
214194,296930,2,1970,0.3157894736842105
153744,296930,2,1970,0.3157894736842105
248724,296930,2,1970,0.3157894736842105
204411,296930,2,1970,0.3157894736842105
244680,296930,2,1970,0.3157894736842105
206616,296930,2,1970,0.3157894736842105
154146,296930,2,1970,0.3157894736842105
242409,296930,2,1970,0.3157894736842105
191247,296930,2,1970,0.3157894736842105
211413,296930,2,1970,0.3157894736842105
219381,296930,2,1970,0.3157894736842105
212475,296930,2,1970,0.3157894736842105
62811,296930,2,1970,0.3157894736842105
253053,296930,2,1970,0.3157894736842105
204522,296930,2,1970,0.3157894736842105
188106,296930,2,1970,0.3157894736842105
206442,296838,2,1970,0.315
63690,296838,2,1970,0.315
222225,296838,2,1970,0.315
235932,296838,2,1970,0.315
220047,33570,2,1970,0.3076923076923077
220047,297724,2,1970,0.3076923076923077
220047,53044,2,1970,0.3076923076923077
220047,296198,2,1970,0.3076923076923077
220047,53170,2,1970,0.3076923076923077
220047,23584,2,1970,0.3076923076923077
199044,44960,2,1970,0.3069306930693069
173667,296048,2,1970,0.3069306930693069
173667,44960,2,1970,0.3069306930693069
173667,297556,2,1970,0.3069306930693069
173667,1388,2,1970,0.3069306930693069
199044,297556,2,1970,0.3069306930693069
199044,296048,2,1970,0.3069306930693069
199044,1388,2,1970,0.3069306930693069
211542,53068,2,1970,0.30677290836653387
229521,297244,2,1970,0.30677290836653387
203322,53068,2,1970,0.30677290836653387
211542,297244,2,1970,0.30677290836653387
229521,53068,2,1970,0.30677290836653387
59703,53068,2,1970,0.30677290836653387
159027,297244,2,1970,0.30677290836653387
238377,297244,2,1970,0.30677290836653387
203058,53068,2,1970,0.30677290836653387
212505,53068,2,1970,0.30677290836653387
159027,53068,2,1970,0.30677290836653387
59703,297244,2,1970,0.30677290836653387
203889,297244,2,1970,0.30677290836653387
203889,53068,2,1970,0.30677290836653387
211989,53068,2,1970,0.30677290836653387
203322,297244,2,1970,0.30677290836653387
238377,53068,2,1970,0.30677290836653387
203058,297244,2,1970,0.30677290836653387
212505,297244,2,1970,0.30677290836653387
211989,297244,2,1970,0.30677290836653387
60762,30500,2,1970,0.304
208092,30500,2,1970,0.304
154698,30500,2,1970,0.304
227664,30500,2,1970,0.304
191256,30500,2,1970,0.304
251391,30500,2,1970,0.304
242442,55294,2,1970,0.3026315789473684
207339,55294,2,1970,0.3026315789473684
243546,55294,2,1970,0.3026315789473684
217848,55294,2,1970,0.3026315789473684
231057,55294,2,1970,0.3026315789473684
203322,44960,2,1970,0.2996742671009772
159027,1388,2,1970,0.2996742671009772
59703,296048,2,1970,0.2996742671009772
203889,297556,2,1970,0.2996742671009772
203058,1388,2,1970,0.2996742671009772
229521,296048,2,1970,0.2996742671009772
211542,44960,2,1970,0.2996742671009772
203889,1388,2,1970,0.2996742671009772
229521,297556,2,1970,0.2996742671009772
159027,297556,2,1970,0.2996742671009772
211989,44960,2,1970,0.2996742671009772
229521,1388,2,1970,0.2996742671009772
59703,44960,2,1970,0.2996742671009772
211542,296048,2,1970,0.2996742671009772
159027,44960,2,1970,0.2996742671009772
212505,44960,2,1970,0.2996742671009772
211542,297556,2,1970,0.2996742671009772
212505,297556,2,1970,0.2996742671009772
211989,1388,2,1970,0.2996742671009772
203889,44960,2,1970,0.2996742671009772
211542,1388,2,1970,0.2996742671009772
59703,297556,2,1970,0.2996742671009772
238377,296048,2,1970,0.2996742671009772
238377,297556,2,1970,0.2996742671009772
203322,1388,2,1970,0.2996742671009772
211989,296048,2,1970,0.2996742671009772
203058,296048,2,1970,0.2996742671009772
212505,1388,2,1970,0.2996742671009772
203322,297556,2,1970,0.2996742671009772
238377,1388,2,1970,0.2996742671009772
203322,296048,2,1970,0.2996742671009772
159027,296048,2,1970,0.2996742671009772
229521,44960,2,1970,0.2996742671009772
203058,297556,2,1970,0.2996742671009772
203058,44960,2,1970,0.2996742671009772
238377,44960,2,1970,0.2996742671009772
59703,1388,2,1970,0.2996742671009772
203889,296048,2,1970,0.2996742671009772
211989,297556,2,1970,0.2996742671009772
212505,296048,2,1970,0.2996742671009772
249486,28528,2,1970,0.29545454545454547
173667,28528,2,1970,0.29545454545454547
199044,28528,2,1970,0.29545454545454547
167364,297724,2,1970,0.29411764705882354
167364,53044,2,1970,0.29411764705882354
167364,296198,2,1970,0.29411764705882354
167364,33570,2,1970,0.29411764705882354
167364,23584,2,1970,0.29411764705882354
167364,53170,2,1970,0.29411764705882354
203322,296930,2,1970,0.288
59703,296930,2,1970,0.288
212505,296930,2,1970,0.288
211989,26850,2,1970,0.288
238377,296930,2,1970,0.288
159027,26850,2,1970,0.288
203058,26850,2,1970,0.288
238377,26850,2,1970,0.288
159027,296930,2,1970,0.288
203058,296930,2,1970,0.288
203889,26850,2,1970,0.288
203322,26850,2,1970,0.288
59703,26850,2,1970,0.288
229521,26850,2,1970,0.288
229521,296930,2,1970,0.288
212505,26850,2,1970,0.288
211542,296930,2,1970,0.288
203889,296930,2,1970,0.288
211989,296930,2,1970,0.288
211542,26850,2,1970,0.288
208518,53170,2,1970,0.2857142857142857
236973,297724,2,1970,0.2857142857142857
236973,53044,2,1970,0.2857142857142857
220047,59822,2,1970,0.2857142857142857
208518,296198,2,1970,0.2857142857142857
236973,33570,2,1970,0.2857142857142857
208518,33570,2,1970,0.2857142857142857
208518,297724,2,1970,0.2857142857142857
208518,53044,2,1970,0.2857142857142857
236973,23584,2,1970,0.2857142857142857
236973,296198,2,1970,0.2857142857142857
236973,53170,2,1970,0.2857142857142857
208518,23584,2,1970,0.2857142857142857
243546,11390,2,1970,0.2828282828282828
217848,60522,2,1970,0.2828282828282828
207339,60522,2,1970,0.2828282828282828
231057,11390,2,1970,0.2828282828282828
243546,60522,2,1970,0.2828282828282828
207339,11390,2,1970,0.2828282828282828
217848,11390,2,1970,0.2828282828282828
231057,60522,2,1970,0.2828282828282828
242442,11390,2,1970,0.2828282828282828
242442,60522,2,1970,0.2828282828282828
235932,53068,2,1970,0.28
235932,297244,2,1970,0.28
206442,297244,2,1970,0.28
63690,53068,2,1970,0.28
222225,297244,2,1970,0.28
63690,297244,2,1970,0.28
222225,53068,2,1970,0.28
206442,53068,2,1970,0.28
203322,63728,2,1970,0.2736842105263158
238377,297818,2,1970,0.2736842105263158
159027,297818,2,1970,0.2736842105263158
203322,297818,2,1970,0.2736842105263158
203058,297818,2,1970,0.2736842105263158
159027,63728,2,1970,0.2736842105263158
212505,297818,2,1970,0.2736842105263158
211989,297818,2,1970,0.2736842105263158
211542,297818,2,1970,0.2736842105263158
238377,63728,2,1970,0.2736842105263158
229521,297818,2,1970,0.2736842105263158
211542,63728,2,1970,0.2736842105263158
59703,297818,2,1970,0.2736842105263158
203889,297818,2,1970,0.2736842105263158
203889,63728,2,1970,0.2736842105263158
203058,63728,2,1970,0.2736842105263158
59703,63728,2,1970,0.2736842105263158
211989,63728,2,1970,0.2736842105263158
212505,63728,2,1970,0.2736842105263158
229521,63728,2,1970,0.2736842105263158
242442,33288,2,1970,0.2647058823529412
207339,33288,2,1970,0.2647058823529412
243546,33288,2,1970,0.2647058823529412
217848,33288,2,1970,0.2647058823529412
231057,33288,2,1970,0.2647058823529412
227664,297818,2,1970,0.2639593908629442
208092,63728,2,1970,0.2639593908629442
191256,297818,2,1970,0.2639593908629442
208092,297818,2,1970,0.2639593908629442
251391,63728,2,1970,0.2639593908629442
251391,297818,2,1970,0.2639593908629442
60762,63728,2,1970,0.2639593908629442
191256,63728,2,1970,0.2639593908629442
154698,63728,2,1970,0.2639593908629442
154698,297818,2,1970,0.2639593908629442
227664,63728,2,1970,0.2639593908629442
60762,297818,2,1970,0.2639593908629442
208518,296930,2,1970,0.25806451612903225
236973,296930,2,1970,0.25806451612903225
167364,296930,2,1970,0.25806451612903225
154713,296930,2,1970,0.25806451612903225
206364,30500,2,1970,0.25
206364,297556,2,1970,0.24691358024691357
206364,1388,2,1970,0.24691358024691357
206364,44960,2,1970,0.24691358024691357
206364,296048,2,1970,0.24691358024691357
211965,297724,2,1970,0.24444444444444444
208575,53170,2,1970,0.24444444444444444
211965,296198,2,1970,0.24444444444444444
208575,33570,2,1970,0.24444444444444444
208575,296198,2,1970,0.24444444444444444
211965,33570,2,1970,0.24444444444444444
211965,53170,2,1970,0.24444444444444444
208575,297724,2,1970,0.24444444444444444
208575,53044,2,1970,0.24444444444444444
211965,53044,2,1970,0.24444444444444444
211965,23584,2,1970,0.24444444444444444
208575,23584,2,1970,0.24444444444444444
208575,28528,2,1970,0.23809523809523808
211965,28528,2,1970,0.23809523809523808
167364,55294,2,1970,0.2345679012345679
178230,55294,2,1970,0.2345679012345679
157767,55294,2,1970,0.2345679012345679
209637,55294,2,1970,0.2345679012345679
205191,55294,2,1970,0.2345679012345679
213102,55294,2,1970,0.2345679012345679
208518,28528,2,1970,0.23076923076923078
206364,296198,2,1970,0.23076923076923078
206364,33570,2,1970,0.23076923076923078
206364,53170,2,1970,0.23076923076923078
236973,28528,2,1970,0.23076923076923078
206364,23584,2,1970,0.23076923076923078
206364,297724,2,1970,0.23076923076923078
206364,53044,2,1970,0.23076923076923078
217848,1440,2,1970,0.22857142857142856
231057,1440,2,1970,0.22857142857142856
242442,1440,2,1970,0.22857142857142856
207339,1440,2,1970,0.22857142857142856
243546,1440,2,1970,0.22857142857142856
178230,11390,2,1970,0.22528735632183908
157767,60522,2,1970,0.22528735632183908
213102,60522,2,1970,0.22528735632183908
178230,60522,2,1970,0.22528735632183908
209637,60522,2,1970,0.22528735632183908
157767,11390,2,1970,0.22528735632183908
213102,11390,2,1970,0.22528735632183908
209637,11390,2,1970,0.22528735632183908
205191,60522,2,1970,0.22528735632183908
205191,11390,2,1970,0.22528735632183908
217848,21632,2,1970,0.22
242442,21632,2,1970,0.22
207339,21632,2,1970,0.22
243546,297016,2,1970,0.22
243546,21632,2,1970,0.22
217848,297016,2,1970,0.22
231057,21632,2,1970,0.22
231057,297016,2,1970,0.22
242442,297016,2,1970,0.22
207339,297016,2,1970,0.22
208092,296838,2,1970,0.2196969696969697
154698,296838,2,1970,0.2196969696969697
191256,296838,2,1970,0.2196969696969697
60762,296838,2,1970,0.2196969696969697
227664,296838,2,1970,0.2196969696969697
251391,296838,2,1970,0.2196969696969697
173667,53170,2,1970,0.20987654320987653
173667,23584,2,1970,0.20987654320987653
173667,33570,2,1970,0.20987654320987653
173667,297724,2,1970,0.20987654320987653
173667,53044,2,1970,0.20987654320987653
173667,296198,2,1970,0.20987654320987653
199044,296198,2,1970,0.20987654320987653
199044,33570,2,1970,0.20987654320987653
199044,23584,2,1970,0.20987654320987653
199044,297724,2,1970,0.20987654320987653
199044,53044,2,1970,0.20987654320987653
199044,53170,2,1970,0.20987654320987653
220047,296930,2,1970,0.2
220047,26850,2,1970,0.2
220047,296838,2,1970,0.2
217848,46630,2,1970,0.19791666666666666
207339,46630,2,1970,0.19791666666666666
207339,48182,2,1970,0.19791666666666666
217848,48182,2,1970,0.19791666666666666
231057,48182,2,1970,0.19791666666666666
243546,46630,2,1970,0.19791666666666666
242442,48182,2,1970,0.19791666666666666
242442,46630,2,1970,0.19791666666666666
243546,48182,2,1970,0.19791666666666666
231057,46630,2,1970,0.19791666666666666
206364,63728,2,1970,0.1956521739130435
206364,297818,2,1970,0.1956521739130435
249486,1388,2,1970,0.1875
249486,44960,2,1970,0.1875
249486,296048,2,1970,0.1875
249486,297556,2,1970,0.1875
227664,48182,2,1970,0.1793478260869565
154698,48182,2,1970,0.1793478260869565
208092,48182,2,1970,0.1793478260869565
208092,46630,2,1970,0.1793478260869565
60762,46630,2,1970,0.1793478260869565
191256,48182,2,1970,0.1793478260869565
191256,46630,2,1970,0.1793478260869565
251391,46630,2,1970,0.1793478260869565
251391,48182,2,1970,0.1793478260869565
60762,48182,2,1970,0.1793478260869565
227664,46630,2,1970,0.1793478260869565
154698,46630,2,1970,0.1793478260869565
178230,1440,2,1970,0.17763157894736842
205191,1440,2,1970,0.17763157894736842
209637,1440,2,1970,0.17763157894736842
213102,1440,2,1970,0.17763157894736842
157767,1440,2,1970,0.17763157894736842
206364,297244,2,1970,0.1724137931034483
206364,53068,2,1970,0.1724137931034483
208518,56892,2,1970,0.16666666666666666
220047,33288,2,1970,0.16666666666666666
236973,56892,2,1970,0.16666666666666666
206364,46630,2,1970,0.16279069767441862
206364,48182,2,1970,0.16279069767441862
157767,297016,2,1970,0.16151202749140894
178230,21632,2,1970,0.16151202749140894
213102,21632,2,1970,0.16151202749140894
178230,297016,2,1970,0.16151202749140894
205191,21632,2,1970,0.16151202749140894
213102,297016,2,1970,0.16151202749140894
157767,21632,2,1970,0.16151202749140894
205191,297016,2,1970,0.16151202749140894
209637,21632,2,1970,0.16151202749140894
209637,297016,2,1970,0.16151202749140894
212505,28528,2,1970,0.16129032258064516
203322,28528,2,1970,0.16129032258064516
238377,28528,2,1970,0.16129032258064516
229521,28528,2,1970,0.16129032258064516
211542,28528,2,1970,0.16129032258064516
203889,28528,2,1970,0.16129032258064516
159027,28528,2,1970,0.16129032258064516
203058,28528,2,1970,0.16129032258064516
211989,28528,2,1970,0.16129032258064516
59703,28528,2,1970,0.16129032258064516
208575,11390,2,1970,0.14925373134328357
211965,11390,2,1970,0.14925373134328357
211965,60522,2,1970,0.14925373134328357
208575,60522,2,1970,0.14925373134328357
206364,60522,2,1970,0.14893617021276595
206364,11390,2,1970,0.14893617021276595
220047,21632,2,1970,0.14814814814814814
220047,297016,2,1970,0.14814814814814814
209637,33288,2,1970,0.14776632302405499
178230,33288,2,1970,0.14776632302405499
157767,33288,2,1970,0.14776632302405499
205191,33288,2,1970,0.14776632302405499
213102,33288,2,1970,0.14776632302405499
207339,56892,2,1970,0.14705882352941177
243546,56892,2,1970,0.14705882352941177
217848,56892,2,1970,0.14705882352941177
242442,56892,2,1970,0.14705882352941177
231057,56892,2,1970,0.14705882352941177
220047,297818,2,1970,0.14285714285714285
220047,63728,2,1970,0.14285714285714285
206364,56892,2,1970,0.13333333333333333
213102,48182,2,1970,0.1261061946902655
213102,46630,2,1970,0.1261061946902655
220047,46630,2,1970,0.1261061946902655
205191,46630,2,1970,0.1261061946902655
205191,48182,2,1970,0.1261061946902655
209637,46630,2,1970,0.1261061946902655
209637,48182,2,1970,0.1261061946902655
157767,46630,2,1970,0.1261061946902655
178230,48182,2,1970,0.1261061946902655
157767,48182,2,1970,0.1261061946902655
220047,48182,2,1970,0.1261061946902655
178230,46630,2,1970,0.1261061946902655
208092,297244,2,1970,0.125
208518,55294,2,1970,0.125
211965,55294,2,1970,0.125
236973,55294,2,1970,0.125
208092,53068,2,1970,0.125
154698,53068,2,1970,0.125
208575,55294,2,1970,0.125
191256,53068,2,1970,0.125
191256,297244,2,1970,0.125
227664,297244,2,1970,0.125
227664,53068,2,1970,0.125
251391,53068,2,1970,0.125
206364,296930,2,1970,0.125
60762,53068,2,1970,0.125
251391,297244,2,1970,0.125
154698,297244,2,1970,0.125
60762,297244,2,1970,0.125
206364,296838,2,1970,0.125
211965,21632,2,1970,0.12408759124087591
208575,21632,2,1970,0.12408759124087591
208575,297016,2,1970,0.12408759124087591
211965,297016,2,1970,0.12408759124087591
167364,11390,2,1970,0.12244897959183673
167364,60522,2,1970,0.12244897959183673
60762,1388,2,1970,0.1157556270096463
191256,297556,2,1970,0.1157556270096463
191256,1388,2,1970,0.1157556270096463
227664,1388,2,1970,0.1157556270096463
60762,297556,2,1970,0.1157556270096463
191256,296048,2,1970,0.1157556270096463
60762,296048,2,1970,0.1157556270096463
251391,1388,2,1970,0.1157556270096463
154698,44960,2,1970,0.1157556270096463
208092,1388,2,1970,0.1157556270096463
191256,44960,2,1970,0.1157556270096463
60762,44960,2,1970,0.1157556270096463
154698,1388,2,1970,0.1157556270096463
227664,44960,2,1970,0.1157556270096463
227664,296048,2,1970,0.1157556270096463
251391,296048,2,1970,0.1157556270096463
251391,44960,2,1970,0.1157556270096463
208092,296048,2,1970,0.1157556270096463
227664,297556,2,1970,0.1157556270096463
154698,296048,2,1970,0.1157556270096463
154698,297556,2,1970,0.1157556270096463
208092,297556,2,1970,0.1157556270096463
208092,44960,2,1970,0.1157556270096463
251391,297556,2,1970,0.1157556270096463
249486,55294,2,1970,0.1111111111111111
60762,11390,2,1970,0.10869565217391304
227664,60522,2,1970,0.10869565217391304
154698,11390,2,1970,0.10869565217391304
208092,60522,2,1970,0.10869565217391304
191256,11390,2,1970,0.10869565217391304
191256,60522,2,1970,0.10869565217391304
60762,60522,2,1970,0.10869565217391304
227664,11390,2,1970,0.10869565217391304
251391,60522,2,1970,0.10869565217391304
208092,11390,2,1970,0.10869565217391304
251391,11390,2,1970,0.10869565217391304
154698,60522,2,1970,0.10869565217391304
173667,11390,2,1970,0.10833333333333334
199044,60522,2,1970,0.10833333333333334
199044,11390,2,1970,0.10833333333333334
173667,60522,2,1970,0.10833333333333334
183672,28528,2,1970,0.10790464240903387
67056,28528,2,1970,0.10790464240903387
153882,28528,2,1970,0.10790464240903387
235458,28528,2,1970,0.10790464240903387
212475,28528,2,1970,0.10790464240903387
249159,28528,2,1970,0.10790464240903387
247548,28528,2,1970,0.10790464240903387
188106,28528,2,1970,0.10790464240903387
203256,28528,2,1970,0.10790464240903387
211413,28528,2,1970,0.10790464240903387
219381,28528,2,1970,0.10790464240903387
153744,28528,2,1970,0.10790464240903387
247029,28528,2,1970,0.10790464240903387
154740,28528,2,1970,0.10790464240903387
206616,28528,2,1970,0.10790464240903387
225972,28528,2,1970,0.10790464240903387
153912,28528,2,1970,0.10790464240903387
204522,28528,2,1970,0.10790464240903387
204057,28528,2,1970,0.10790464240903387
154383,28528,2,1970,0.10790464240903387
247956,28528,2,1970,0.10790464240903387
248724,28528,2,1970,0.10790464240903387
251253,28528,2,1970,0.10790464240903387
206076,28528,2,1970,0.10790464240903387
203241,28528,2,1970,0.10790464240903387
239115,28528,2,1970,0.10790464240903387
157080,28528,2,1970,0.10790464240903387
204411,28528,2,1970,0.10790464240903387
219420,28528,2,1970,0.10790464240903387
210810,28528,2,1970,0.10790464240903387
204762,28528,2,1970,0.10790464240903387
72108,28528,2,1970,0.10790464240903387
154743,28528,2,1970,0.10790464240903387
179790,28528,2,1970,0.10790464240903387
62811,28528,2,1970,0.10790464240903387
255489,28528,2,1970,0.10790464240903387
154551,28528,2,1970,0.10790464240903387
153600,28528,2,1970,0.10790464240903387
192714,28528,2,1970,0.10790464240903387
214194,28528,2,1970,0.10790464240903387
225012,28528,2,1970,0.10790464240903387
162960,28528,2,1970,0.10790464240903387
191247,28528,2,1970,0.10790464240903387
207216,28528,2,1970,0.10790464240903387
254118,28528,2,1970,0.10790464240903387
203277,28528,2,1970,0.10790464240903387
129264,28528,2,1970,0.10790464240903387
244680,28528,2,1970,0.10790464240903387
154011,28528,2,1970,0.10790464240903387
173940,28528,2,1970,0.10790464240903387
233427,28528,2,1970,0.10790464240903387
253053,28528,2,1970,0.10790464240903387
242409,28528,2,1970,0.10790464240903387
253146,28528,2,1970,0.10790464240903387
246054,28528,2,1970,0.10790464240903387
154146,28528,2,1970,0.10790464240903387
210627,28528,2,1970,0.10790464240903387
205812,28528,2,1970,0.10790464240903387
205947,28528,2,1970,0.10790464240903387
249486,60522,2,1970,0.10526315789473684
249486,11390,2,1970,0.10526315789473684
167364,21632,2,1970,0.10294117647058823
167364,297016,2,1970,0.10294117647058823
211989,33570,2,1970,0.10121457489878542
159027,296198,2,1970,0.10121457489878542
203889,53044,2,1970,0.10121457489878542
159027,53044,2,1970,0.10121457489878542
159027,297724,2,1970,0.10121457489878542
203889,296198,2,1970,0.10121457489878542
159027,23584,2,1970,0.10121457489878542
159027,53170,2,1970,0.10121457489878542
159027,33570,2,1970,0.10121457489878542
211989,53170,2,1970,0.10121457489878542
211989,23584,2,1970,0.10121457489878542
211989,297724,2,1970,0.10121457489878542
203322,296198,2,1970,0.10121457489878542
203322,53044,2,1970,0.10121457489878542
211989,53044,2,1970,0.10121457489878542
203889,23584,2,1970,0.10121457489878542
229521,53170,2,1970,0.10121457489878542
229521,23584,2,1970,0.10121457489878542
59703,296198,2,1970,0.10121457489878542
59703,53044,2,1970,0.10121457489878542
229521,297724,2,1970,0.10121457489878542
59703,297724,2,1970,0.10121457489878542
203889,33570,2,1970,0.10121457489878542
203889,297724,2,1970,0.10121457489878542
211542,296198,2,1970,0.10121457489878542
211542,53044,2,1970,0.10121457489878542
203058,296198,2,1970,0.10121457489878542
211542,297724,2,1970,0.10121457489878542
211542,23584,2,1970,0.10121457489878542
211542,53170,2,1970,0.10121457489878542
211542,33570,2,1970,0.10121457489878542
203058,53044,2,1970,0.10121457489878542
203058,297724,2,1970,0.10121457489878542
203058,23584,2,1970,0.10121457489878542
203058,53170,2,1970,0.10121457489878542
203058,33570,2,1970,0.10121457489878542
59703,33570,2,1970,0.10121457489878542
59703,53170,2,1970,0.10121457489878542
59703,23584,2,1970,0.10121457489878542
211989,296198,2,1970,0.10121457489878542
229521,33570,2,1970,0.10121457489878542
203322,297724,2,1970,0.10121457489878542
238377,296198,2,1970,0.10121457489878542
212505,297724,2,1970,0.10121457489878542
212505,23584,2,1970,0.10121457489878542
212505,53170,2,1970,0.10121457489878542
212505,33570,2,1970,0.10121457489878542
212505,53044,2,1970,0.10121457489878542
212505,296198,2,1970,0.10121457489878542
238377,33570,2,1970,0.10121457489878542
238377,53170,2,1970,0.10121457489878542
238377,23584,2,1970,0.10121457489878542
238377,297724,2,1970,0.10121457489878542
238377,53044,2,1970,0.10121457489878542
203889,53170,2,1970,0.10121457489878542
229521,53044,2,1970,0.10121457489878542
203322,23584,2,1970,0.10121457489878542
203322,53170,2,1970,0.10121457489878542
203322,33570,2,1970,0.10121457489878542
229521,296198,2,1970,0.10121457489878542
154698,53170,2,1970,0.0916030534351145
227664,297724,2,1970,0.0916030534351145
227664,23584,2,1970,0.0916030534351145
227664,53170,2,1970,0.0916030534351145
227664,33570,2,1970,0.0916030534351145
154698,33570,2,1970,0.0916030534351145
154698,297724,2,1970,0.0916030534351145
154698,23584,2,1970,0.0916030534351145
227664,296198,2,1970,0.0916030534351145
154698,53044,2,1970,0.0916030534351145
154698,296198,2,1970,0.0916030534351145
208092,297724,2,1970,0.0916030534351145
208092,23584,2,1970,0.0916030534351145
208092,53170,2,1970,0.0916030534351145
227664,53044,2,1970,0.0916030534351145
191256,23584,2,1970,0.0916030534351145
191256,297724,2,1970,0.0916030534351145
60762,53170,2,1970,0.0916030534351145
191256,53044,2,1970,0.0916030534351145
191256,296198,2,1970,0.0916030534351145
60762,53044,2,1970,0.0916030534351145
60762,297724,2,1970,0.0916030534351145
191256,53170,2,1970,0.0916030534351145
251391,296198,2,1970,0.0916030534351145
60762,23584,2,1970,0.0916030534351145
60762,33570,2,1970,0.0916030534351145
251391,33570,2,1970,0.0916030534351145
191256,33570,2,1970,0.0916030534351145
208092,296198,2,1970,0.0916030534351145
208092,33570,2,1970,0.0916030534351145
208092,53044,2,1970,0.0916030534351145
251391,297724,2,1970,0.0916030534351145
251391,23584,2,1970,0.0916030534351145
251391,53170,2,1970,0.0916030534351145
251391,53044,2,1970,0.0916030534351145
60762,296198,2,1970,0.0916030534351145
167364,1260,2,1970,0.09090909090909091
236973,1260,2,1970,0.09090909090909091
167364,34718,2,1970,0.09090909090909091
249486,33288,2,1970,0.09090909090909091
236973,34718,2,1970,0.09090909090909091
208518,34718,2,1970,0.09090909090909091
208518,1260,2,1970,0.09090909090909091
208518,1440,2,1970,0.08695652173913043
236973,1440,2,1970,0.08695652173913043
167364,1440,2,1970,0.08695652173913043
253053,296198,2,1970,0.08603491271820449
162960,296198,2,1970,0.08603491271820449
179790,296198,2,1970,0.08603491271820449
191247,33570,2,1970,0.08603491271820449
162960,53044,2,1970,0.08603491271820449
205812,33570,2,1970,0.08603491271820449
211413,297724,2,1970,0.08603491271820449
219381,53170,2,1970,0.08603491271820449
219381,33570,2,1970,0.08603491271820449
153600,33570,2,1970,0.08603491271820449
211413,23584,2,1970,0.08603491271820449
192714,297724,2,1970,0.08603491271820449
153600,53170,2,1970,0.08603491271820449
153600,23584,2,1970,0.08603491271820449
154551,33570,2,1970,0.08603491271820449
154551,53170,2,1970,0.08603491271820449
219381,23584,2,1970,0.08603491271820449
162960,297724,2,1970,0.08603491271820449
162960,53170,2,1970,0.08603491271820449
211413,53170,2,1970,0.08603491271820449
154743,23584,2,1970,0.08603491271820449
179790,33570,2,1970,0.08603491271820449
179790,53170,2,1970,0.08603491271820449
179790,23584,2,1970,0.08603491271820449
179790,297724,2,1970,0.08603491271820449
254118,23584,2,1970,0.08603491271820449
254118,53170,2,1970,0.08603491271820449
154743,297724,2,1970,0.08603491271820449
192714,296198,2,1970,0.08603491271820449
254118,33570,2,1970,0.08603491271820449
211413,33570,2,1970,0.08603491271820449
154743,53170,2,1970,0.08603491271820449
154743,33570,2,1970,0.08603491271820449
179790,53044,2,1970,0.08603491271820449
191247,53170,2,1970,0.08603491271820449
192714,53044,2,1970,0.08603491271820449
162960,33570,2,1970,0.08603491271820449
205812,53170,2,1970,0.08603491271820449
162960,23584,2,1970,0.08603491271820449
192714,23584,2,1970,0.08603491271820449
192714,53170,2,1970,0.08603491271820449
191247,296198,2,1970,0.08603491271820449
203256,297724,2,1970,0.08603491271820449
153744,53044,2,1970,0.08603491271820449
247029,297724,2,1970,0.08603491271820449
153600,296198,2,1970,0.08603491271820449
203256,23584,2,1970,0.08603491271820449
203256,53170,2,1970,0.08603491271820449
203256,33570,2,1970,0.08603491271820449
206616,23584,2,1970,0.08603491271820449
153744,296198,2,1970,0.08603491271820449
154740,297724,2,1970,0.08603491271820449
247029,23584,2,1970,0.08603491271820449
154740,23584,2,1970,0.08603491271820449
154740,53170,2,1970,0.08603491271820449
247029,53170,2,1970,0.08603491271820449
203277,53044,2,1970,0.08603491271820449
247029,33570,2,1970,0.08603491271820449
154740,33570,2,1970,0.08603491271820449
235458,296198,2,1970,0.08603491271820449
246054,33570,2,1970,0.08603491271820449
153912,296198,2,1970,0.08603491271820449
154551,297724,2,1970,0.08603491271820449
211413,296198,2,1970,0.08603491271820449
191247,23584,2,1970,0.08603491271820449
153744,297724,2,1970,0.08603491271820449
219381,297724,2,1970,0.08603491271820449
192714,33570,2,1970,0.08603491271820449
154551,23584,2,1970,0.08603491271820449
154740,296198,2,1970,0.08603491271820449
219381,53044,2,1970,0.08603491271820449
206616,33570,2,1970,0.08603491271820449
153600,297724,2,1970,0.08603491271820449
206616,53170,2,1970,0.08603491271820449
203256,296198,2,1970,0.08603491271820449
203256,53044,2,1970,0.08603491271820449
247029,296198,2,1970,0.08603491271820449
211413,53044,2,1970,0.08603491271820449
219381,296198,2,1970,0.08603491271820449
154740,53044,2,1970,0.08603491271820449
153600,53044,2,1970,0.08603491271820449
153744,33570,2,1970,0.08603491271820449
247029,53044,2,1970,0.08603491271820449
153744,53170,2,1970,0.08603491271820449
153744,23584,2,1970,0.08603491271820449
254118,297724,2,1970,0.08603491271820449
154743,53044,2,1970,0.08603491271820449
191247,297724,2,1970,0.08603491271820449
233427,297724,2,1970,0.08603491271820449
253053,53044,2,1970,0.08603491271820449
205812,53044,2,1970,0.08603491271820449
242409,23584,2,1970,0.08603491271820449
191247,53044,2,1970,0.08603491271820449
242409,53170,2,1970,0.08603491271820449
242409,33570,2,1970,0.08603491271820449
246054,296198,2,1970,0.08603491271820449
153882,23584,2,1970,0.08603491271820449
154011,296198,2,1970,0.08603491271820449
253053,297724,2,1970,0.08603491271820449
210627,53044,2,1970,0.08603491271820449
253053,23584,2,1970,0.08603491271820449
253053,53170,2,1970,0.08603491271820449
154011,53044,2,1970,0.08603491271820449
253053,33570,2,1970,0.08603491271820449
173940,296198,2,1970,0.08603491271820449
173940,53044,2,1970,0.08603491271820449
233427,33570,2,1970,0.08603491271820449
233427,53170,2,1970,0.08603491271820449
210627,297724,2,1970,0.08603491271820449
154146,296198,2,1970,0.08603491271820449
210627,23584,2,1970,0.08603491271820449
242409,53044,2,1970,0.08603491271820449
246054,53170,2,1970,0.08603491271820449
246054,23584,2,1970,0.08603491271820449
246054,297724,2,1970,0.08603491271820449
253146,297724,2,1970,0.08603491271820449
154146,53044,2,1970,0.08603491271820449
154146,297724,2,1970,0.08603491271820449
253146,23584,2,1970,0.08603491271820449
253146,53170,2,1970,0.08603491271820449
253146,296198,2,1970,0.08603491271820449
210627,53170,2,1970,0.08603491271820449
154146,23584,2,1970,0.08603491271820449
154146,53170,2,1970,0.08603491271820449
154146,33570,2,1970,0.08603491271820449
253146,33570,2,1970,0.08603491271820449
210627,33570,2,1970,0.08603491271820449
242409,297724,2,1970,0.08603491271820449
242409,296198,2,1970,0.08603491271820449
246054,53044,2,1970,0.08603491271820449
233427,23584,2,1970,0.08603491271820449
210627,296198,2,1970,0.08603491271820449
235458,297724,2,1970,0.08603491271820449
173940,297724,2,1970,0.08603491271820449
129264,297724,2,1970,0.08603491271820449
129264,23584,2,1970,0.08603491271820449
244680,296198,2,1970,0.08603491271820449
255489,23584,2,1970,0.08603491271820449
129264,53170,2,1970,0.08603491271820449
129264,33570,2,1970,0.08603491271820449
205812,296198,2,1970,0.08603491271820449
62811,297724,2,1970,0.08603491271820449
254118,296198,2,1970,0.08603491271820449
203277,33570,2,1970,0.08603491271820449
203277,53170,2,1970,0.08603491271820449
254118,53044,2,1970,0.08603491271820449
62811,23584,2,1970,0.08603491271820449
62811,53170,2,1970,0.08603491271820449
62811,33570,2,1970,0.08603491271820449
203277,23584,2,1970,0.08603491271820449
154743,296198,2,1970,0.08603491271820449
255489,297724,2,1970,0.08603491271820449
203277,297724,2,1970,0.08603491271820449
244680,53044,2,1970,0.08603491271820449
255489,53170,2,1970,0.08603491271820449
62811,53044,2,1970,0.08603491271820449
205812,297724,2,1970,0.08603491271820449
173940,23584,2,1970,0.08603491271820449
173940,53170,2,1970,0.08603491271820449
154011,297724,2,1970,0.08603491271820449
173940,33570,2,1970,0.08603491271820449
255489,33570,2,1970,0.08603491271820449
129264,296198,2,1970,0.08603491271820449
154011,23584,2,1970,0.08603491271820449
154011,53170,2,1970,0.08603491271820449
244680,33570,2,1970,0.08603491271820449
233427,296198,2,1970,0.08603491271820449
205812,23584,2,1970,0.08603491271820449
244680,53170,2,1970,0.08603491271820449
244680,23584,2,1970,0.08603491271820449
154011,33570,2,1970,0.08603491271820449
244680,297724,2,1970,0.08603491271820449
129264,53044,2,1970,0.08603491271820449
233427,53044,2,1970,0.08603491271820449
62811,296198,2,1970,0.08603491271820449
203277,296198,2,1970,0.08603491271820449
235458,53044,2,1970,0.08603491271820449
153912,53044,2,1970,0.08603491271820449
219420,53170,2,1970,0.08603491271820449
157080,296198,2,1970,0.08603491271820449
255489,296198,2,1970,0.08603491271820449
239115,297724,2,1970,0.08603491271820449
214194,296198,2,1970,0.08603491271820449
225972,33570,2,1970,0.08603491271820449
225972,53170,2,1970,0.08603491271820449
225972,23584,2,1970,0.08603491271820449
157080,53044,2,1970,0.08603491271820449
225972,297724,2,1970,0.08603491271820449
248724,297724,2,1970,0.08603491271820449
248724,23584,2,1970,0.08603491271820449
239115,53044,2,1970,0.08603491271820449
248724,53170,2,1970,0.08603491271820449
210810,33570,2,1970,0.08603491271820449
210810,53170,2,1970,0.08603491271820449
210810,23584,2,1970,0.08603491271820449
72108,296198,2,1970,0.08603491271820449
219420,297724,2,1970,0.08603491271820449
239115,296198,2,1970,0.08603491271820449
239115,23584,2,1970,0.08603491271820449
203241,33570,2,1970,0.08603491271820449
203241,53170,2,1970,0.08603491271820449
207216,296198,2,1970,0.08603491271820449
205947,296198,2,1970,0.08603491271820449
205947,53044,2,1970,0.08603491271820449
248724,296198,2,1970,0.08603491271820449
207216,53044,2,1970,0.08603491271820449
203241,296198,2,1970,0.08603491271820449
235458,23584,2,1970,0.08603491271820449
205947,297724,2,1970,0.08603491271820449
203241,53044,2,1970,0.08603491271820449
205947,23584,2,1970,0.08603491271820449
203241,23584,2,1970,0.08603491271820449
205947,53170,2,1970,0.08603491271820449
205947,33570,2,1970,0.08603491271820449
248724,53044,2,1970,0.08603491271820449
203241,297724,2,1970,0.08603491271820449
188106,296198,2,1970,0.08603491271820449
214194,53044,2,1970,0.08603491271820449
239115,33570,2,1970,0.08603491271820449
239115,53170,2,1970,0.08603491271820449
219420,23584,2,1970,0.08603491271820449
248724,33570,2,1970,0.08603491271820449
206076,53170,2,1970,0.08603491271820449
210810,297724,2,1970,0.08603491271820449
247548,23584,2,1970,0.08603491271820449
247548,297724,2,1970,0.08603491271820449
210810,53044,2,1970,0.08603491271820449
204411,297724,2,1970,0.08603491271820449
153882,297724,2,1970,0.08603491271820449
225012,296198,2,1970,0.08603491271820449
225012,53044,2,1970,0.08603491271820449
247548,53044,2,1970,0.08603491271820449
204411,53044,2,1970,0.08603491271820449
247548,296198,2,1970,0.08603491271820449
225972,296198,2,1970,0.08603491271820449
210810,296198,2,1970,0.08603491271820449
225012,297724,2,1970,0.08603491271820449
204411,296198,2,1970,0.08603491271820449
225012,23584,2,1970,0.08603491271820449
225012,53170,2,1970,0.08603491271820449
153882,33570,2,1970,0.08603491271820449
225012,33570,2,1970,0.08603491271820449
153882,53170,2,1970,0.08603491271820449
157080,33570,2,1970,0.08603491271820449
247548,53170,2,1970,0.08603491271820449
247548,33570,2,1970,0.08603491271820449
204411,53170,2,1970,0.08603491271820449
72108,53044,2,1970,0.08603491271820449
219420,33570,2,1970,0.08603491271820449
204762,33570,2,1970,0.08603491271820449
204762,53170,2,1970,0.08603491271820449
157080,297724,2,1970,0.08603491271820449
204762,23584,2,1970,0.08603491271820449
204411,33570,2,1970,0.08603491271820449
204762,297724,2,1970,0.08603491271820449
204411,23584,2,1970,0.08603491271820449
157080,53170,2,1970,0.08603491271820449
204762,53044,2,1970,0.08603491271820449
72108,297724,2,1970,0.08603491271820449
225972,53044,2,1970,0.08603491271820449
72108,23584,2,1970,0.08603491271820449
72108,53170,2,1970,0.08603491271820449
72108,33570,2,1970,0.08603491271820449
157080,23584,2,1970,0.08603491271820449
204762,296198,2,1970,0.08603491271820449
206076,33570,2,1970,0.08603491271820449
219420,53044,2,1970,0.08603491271820449
206076,23584,2,1970,0.08603491271820449
67056,297724,2,1970,0.08603491271820449
212475,33570,2,1970,0.08603491271820449
249159,53044,2,1970,0.08603491271820449
249159,296198,2,1970,0.08603491271820449
204522,297724,2,1970,0.08603491271820449
188106,33570,2,1970,0.08603491271820449
183672,33570,2,1970,0.08603491271820449
204057,33570,2,1970,0.08603491271820449
204057,53170,2,1970,0.08603491271820449
204057,23584,2,1970,0.08603491271820449
204522,23584,2,1970,0.08603491271820449
67056,53170,2,1970,0.08603491271820449
204522,53170,2,1970,0.08603491271820449
204522,33570,2,1970,0.08603491271820449
183672,53170,2,1970,0.08603491271820449
183672,23584,2,1970,0.08603491271820449
204057,297724,2,1970,0.08603491271820449
207216,297724,2,1970,0.08603491271820449
183672,297724,2,1970,0.08603491271820449
67056,23584,2,1970,0.08603491271820449
247956,296198,2,1970,0.08603491271820449
206616,53044,2,1970,0.08603491271820449
212475,53170,2,1970,0.08603491271820449
212475,23584,2,1970,0.08603491271820449
212475,297724,2,1970,0.08603491271820449
154551,53044,2,1970,0.08603491271820449
235458,53170,2,1970,0.08603491271820449
235458,33570,2,1970,0.08603491271820449
67056,296198,2,1970,0.08603491271820449
153912,297724,2,1970,0.08603491271820449
212475,296198,2,1970,0.08603491271820449
153912,23584,2,1970,0.08603491271820449
154551,296198,2,1970,0.08603491271820449
153912,53170,2,1970,0.08603491271820449
153912,33570,2,1970,0.08603491271820449
249159,33570,2,1970,0.08603491271820449
67056,53044,2,1970,0.08603491271820449
204522,296198,2,1970,0.08603491271820449
206616,297724,2,1970,0.08603491271820449
204522,53044,2,1970,0.08603491271820449
249159,53170,2,1970,0.08603491271820449
249159,23584,2,1970,0.08603491271820449
212475,53044,2,1970,0.08603491271820449
249159,297724,2,1970,0.08603491271820449
206616,296198,2,1970,0.08603491271820449
253146,53044,2,1970,0.08603491271820449
251253,33570,2,1970,0.08603491271820449
214194,33570,2,1970,0.08603491271820449
154383,296198,2,1970,0.08603491271820449
251253,296198,2,1970,0.08603491271820449
206076,297724,2,1970,0.08603491271820449
183672,296198,2,1970,0.08603491271820449
204057,53044,2,1970,0.08603491271820449
247956,53044,2,1970,0.08603491271820449
206076,296198,2,1970,0.08603491271820449
153882,296198,2,1970,0.08603491271820449
251253,53170,2,1970,0.08603491271820449
251253,23584,2,1970,0.08603491271820449
251253,297724,2,1970,0.08603491271820449
206076,53044,2,1970,0.08603491271820449
204057,296198,2,1970,0.08603491271820449
219420,296198,2,1970,0.08603491271820449
207216,23584,2,1970,0.08603491271820449
207216,53170,2,1970,0.08603491271820449
207216,33570,2,1970,0.08603491271820449
247956,33570,2,1970,0.08603491271820449
214194,53170,2,1970,0.08603491271820449
214194,23584,2,1970,0.08603491271820449
214194,297724,2,1970,0.08603491271820449
67056,33570,2,1970,0.08603491271820449
154383,33570,2,1970,0.08603491271820449
154383,53170,2,1970,0.08603491271820449
154383,23584,2,1970,0.08603491271820449
188106,53170,2,1970,0.08603491271820449
153882,53044,2,1970,0.08603491271820449
154383,297724,2,1970,0.08603491271820449
188106,23584,2,1970,0.08603491271820449
251253,53044,2,1970,0.08603491271820449
188106,53044,2,1970,0.08603491271820449
247956,297724,2,1970,0.08603491271820449
154383,53044,2,1970,0.08603491271820449
188106,297724,2,1970,0.08603491271820449
255489,53044,2,1970,0.08603491271820449
183672,53044,2,1970,0.08603491271820449
247956,23584,2,1970,0.08603491271820449
247956,53170,2,1970,0.08603491271820449
173667,55294,2,1970,0.08108108108108109
199044,55294,2,1970,0.08108108108108109
154713,53256,2,1970,0.07692307692307693
249486,297016,2,1970,0.07482993197278912
206364,21632,2,1970,0.07482993197278912
249486,21632,2,1970,0.07482993197278912
206364,297016,2,1970,0.07482993197278912
63690,28528,2,1970,0.07142857142857142
206442,28528,2,1970,0.07142857142857142
222225,28528,2,1970,0.07142857142857142
235932,28528,2,1970,0.07142857142857142
222225,33570,2,1970,0.06930693069306931
222225,53170,2,1970,0.06930693069306931
222225,23584,2,1970,0.06930693069306931
222225,297724,2,1970,0.06930693069306931
222225,53044,2,1970,0.06930693069306931
222225,296198,2,1970,0.06930693069306931
206442,53170,2,1970,0.06930693069306931
235932,297724,2,1970,0.06930693069306931
235932,296198,2,1970,0.06930693069306931
235932,23584,2,1970,0.06930693069306931
63690,23584,2,1970,0.06930693069306931
63690,53044,2,1970,0.06930693069306931
206442,296198,2,1970,0.06930693069306931
63690,296198,2,1970,0.06930693069306931
206442,53044,2,1970,0.06930693069306931
235932,53170,2,1970,0.06930693069306931
235932,33570,2,1970,0.06930693069306931
63690,53170,2,1970,0.06930693069306931
235932,53044,2,1970,0.06930693069306931
63690,33570,2,1970,0.06930693069306931
206442,23584,2,1970,0.06930693069306931
63690,297724,2,1970,0.06930693069306931
206442,297724,2,1970,0.06930693069306931
206442,33570,2,1970,0.06930693069306931
154713,56892,2,1970,0.06382978723404255
199044,56892,2,1970,0.06382978723404255
173667,56892,2,1970,0.06382978723404255
217848,56208,2,1970,0.0625
242442,56194,2,1970,0.0625
242442,56188,2,1970,0.0625
242442,22644,2,1970,0.0625
207339,22644,2,1970,0.0625
207339,56188,2,1970,0.0625
243546,56148,2,1970,0.0625
231057,56196,2,1970,0.0625
231057,13362,2,1970,0.0625
217848,56182,2,1970,0.0625
217848,13362,2,1970,0.0625
207339,56194,2,1970,0.0625
207339,56208,2,1970,0.0625
207339,56148,2,1970,0.0625
207339,56196,2,1970,0.0625
217848,56188,2,1970,0.0625
231057,56182,2,1970,0.0625
217848,22644,2,1970,0.0625
207339,13362,2,1970,0.0625
207339,56182,2,1970,0.0625
217848,56194,2,1970,0.0625
217848,56148,2,1970,0.0625
217848,56196,2,1970,0.0625
242442,56196,2,1970,0.0625
206364,56208,2,1970,0.0625
243546,56208,2,1970,0.0625
243546,56196,2,1970,0.0625
206364,56148,2,1970,0.0625
243546,13362,2,1970,0.0625
243546,56182,2,1970,0.0625
243546,56194,2,1970,0.0625
206364,56196,2,1970,0.0625
242442,56148,2,1970,0.0625
231057,56188,2,1970,0.0625
242442,56208,2,1970,0.0625
206364,56182,2,1970,0.0625
206364,56194,2,1970,0.0625
243546,56188,2,1970,0.0625
206364,56188,2,1970,0.0625
231057,56194,2,1970,0.0625
242442,56182,2,1970,0.0625
231057,56148,2,1970,0.0625
231057,22644,2,1970,0.0625
242442,13362,2,1970,0.0625
154713,33288,2,1970,0.0625
243546,22644,2,1970,0.0625
231057,56208,2,1970,0.0625
191256,55294,2,1970,0.06153846153846154
154698,55294,2,1970,0.06153846153846154
60762,55294,2,1970,0.06153846153846154
227664,55294,2,1970,0.06153846153846154
208092,55294,2,1970,0.06153846153846154
251391,55294,2,1970,0.06153846153846154
157767,13362,2,1970,0.061224489795918366
213102,13362,2,1970,0.061224489795918366
209637,13362,2,1970,0.061224489795918366
205191,13362,2,1970,0.061224489795918366
178230,13362,2,1970,0.061224489795918366
210810,55294,2,1970,0.060794044665012405
129264,55294,2,1970,0.060794044665012405
157080,55294,2,1970,0.060794044665012405
214194,55294,2,1970,0.060794044665012405
154740,55294,2,1970,0.060794044665012405
247029,55294,2,1970,0.060794044665012405
153744,55294,2,1970,0.060794044665012405
203256,55294,2,1970,0.060794044665012405
254118,55294,2,1970,0.060794044665012405
203277,55294,2,1970,0.060794044665012405
255489,55294,2,1970,0.060794044665012405
153600,55294,2,1970,0.060794044665012405
219381,55294,2,1970,0.060794044665012405
205947,55294,2,1970,0.060794044665012405
253053,55294,2,1970,0.060794044665012405
154743,55294,2,1970,0.060794044665012405
179790,55294,2,1970,0.060794044665012405
219420,55294,2,1970,0.060794044665012405
211413,55294,2,1970,0.060794044665012405
210627,55294,2,1970,0.060794044665012405
203241,55294,2,1970,0.060794044665012405
242409,55294,2,1970,0.060794044665012405
192714,55294,2,1970,0.060794044665012405
248724,55294,2,1970,0.060794044665012405
239115,55294,2,1970,0.060794044665012405
246054,55294,2,1970,0.060794044665012405
253146,55294,2,1970,0.060794044665012405
162960,55294,2,1970,0.060794044665012405
207216,55294,2,1970,0.060794044665012405
154551,55294,2,1970,0.060794044665012405
154383,55294,2,1970,0.060794044665012405
247956,55294,2,1970,0.060794044665012405
244680,55294,2,1970,0.060794044665012405
206616,55294,2,1970,0.060794044665012405
249159,55294,2,1970,0.060794044665012405
204522,55294,2,1970,0.060794044665012405
67056,55294,2,1970,0.060794044665012405
204057,55294,2,1970,0.060794044665012405
204762,55294,2,1970,0.060794044665012405
153912,55294,2,1970,0.060794044665012405
225012,55294,2,1970,0.060794044665012405
62811,55294,2,1970,0.060794044665012405
247548,55294,2,1970,0.060794044665012405
183672,55294,2,1970,0.060794044665012405
205812,55294,2,1970,0.060794044665012405
212475,55294,2,1970,0.060794044665012405
154011,55294,2,1970,0.060794044665012405
204411,55294,2,1970,0.060794044665012405
72108,55294,2,1970,0.060794044665012405
235458,55294,2,1970,0.060794044665012405
188106,55294,2,1970,0.060794044665012405
225972,55294,2,1970,0.060794044665012405
233427,55294,2,1970,0.060794044665012405
154146,55294,2,1970,0.060794044665012405
251253,55294,2,1970,0.060794044665012405
191247,55294,2,1970,0.060794044665012405
206076,55294,2,1970,0.060794044665012405
173940,55294,2,1970,0.060794044665012405
153882,55294,2,1970,0.060794044665012405
249486,23584,2,1970,0.06060606060606061
249486,296198,2,1970,0.06060606060606061
249486,53170,2,1970,0.06060606060606061
249486,53044,2,1970,0.06060606060606061
249486,297724,2,1970,0.06060606060606061
249486,33570,2,1970,0.06060606060606061
206364,53256,2,1970,0.057692307692307696
211965,46630,2,1970,0.05714285714285714
211965,48182,2,1970,0.05714285714285714
208575,48182,2,1970,0.05714285714285714
208575,46630,2,1970,0.05714285714285714
220047,56892,2,1970,0.05555555555555555
220047,13362,2,1970,0.05555555555555555
220047,22644,2,1970,0.05555555555555555
211542,55294,2,1970,0.05426356589147287
211989,55294,2,1970,0.05426356589147287
203058,55294,2,1970,0.05426356589147287
203889,55294,2,1970,0.05426356589147287
59703,55294,2,1970,0.05426356589147287
238377,55294,2,1970,0.05426356589147287
159027,55294,2,1970,0.05426356589147287
229521,55294,2,1970,0.05426356589147287
203322,55294,2,1970,0.05426356589147287
212505,55294,2,1970,0.05426356589147287
203322,33288,2,1970,0.05394190871369295
211542,33288,2,1970,0.05394190871369295
203058,33288,2,1970,0.05394190871369295
211989,33288,2,1970,0.05394190871369295
238377,33288,2,1970,0.05394190871369295
229521,33288,2,1970,0.05394190871369295
59703,33288,2,1970,0.05394190871369295
212505,33288,2,1970,0.05394190871369295
159027,33288,2,1970,0.05394190871369295
203889,33288,2,1970,0.05394190871369295
236973,33288,2,1970,0.05263157894736842
167364,33288,2,1970,0.05263157894736842
208518,33288,2,1970,0.05263157894736842
208575,53256,2,1970,0.05172413793103448
211965,53256,2,1970,0.05172413793103448
249486,48182,2,1970,0.05
236973,60522,2,1970,0.05
208518,60522,2,1970,0.05
208518,11390,2,1970,0.05
236973,11390,2,1970,0.05
249486,46630,2,1970,0.05
206364,26850,2,1970,0.05
212505,60522,2,1970,0.04696132596685083
211989,60522,2,1970,0.04696132596685083
203322,60522,2,1970,0.04696132596685083
211989,11390,2,1970,0.04696132596685083
159027,60522,2,1970,0.04696132596685083
238377,11390,2,1970,0.04696132596685083
203322,11390,2,1970,0.04696132596685083
203058,60522,2,1970,0.04696132596685083
203889,11390,2,1970,0.04696132596685083
238377,60522,2,1970,0.04696132596685083
203058,11390,2,1970,0.04696132596685083
212505,11390,2,1970,0.04696132596685083
59703,11390,2,1970,0.04696132596685083
229521,60522,2,1970,0.04696132596685083
203889,60522,2,1970,0.04696132596685083
229521,11390,2,1970,0.04696132596685083
59703,60522,2,1970,0.04696132596685083
211542,60522,2,1970,0.04696132596685083
159027,11390,2,1970,0.04696132596685083
211542,11390,2,1970,0.04696132596685083
211989,1440,2,1970,0.046875
212505,1440,2,1970,0.046875
203058,1440,2,1970,0.046875
59703,1440,2,1970,0.046875
229521,1440,2,1970,0.046875
211542,1440,2,1970,0.046875
159027,1440,2,1970,0.046875
203322,1440,2,1970,0.046875
238377,1440,2,1970,0.046875
203889,1440,2,1970,0.046875
208575,13362,2,1970,0.045454545454545456
211965,22644,2,1970,0.045454545454545456
211965,56892,2,1970,0.045454545454545456
211965,33288,2,1970,0.045454545454545456
211965,13362,2,1970,0.045454545454545456
208575,33288,2,1970,0.045454545454545456
208575,22644,2,1970,0.045454545454545456
208575,56892,2,1970,0.045454545454545456
60762,26850,2,1970,0.044444444444444446
227664,26850,2,1970,0.044444444444444446
154698,26850,2,1970,0.044444444444444446
191256,26850,2,1970,0.044444444444444446
208092,26850,2,1970,0.044444444444444446
251391,26850,2,1970,0.044444444444444446
173667,46630,2,1970,0.04424778761061947
199044,48182,2,1970,0.04424778761061947
199044,46630,2,1970,0.04424778761061947
173667,48182,2,1970,0.04424778761061947
211965,1440,2,1970,0.043478260869565216
208575,1440,2,1970,0.043478260869565216
249486,1440,2,1970,0.043478260869565216
199044,1440,2,1970,0.043478260869565216
173667,1440,2,1970,0.043478260869565216
167364,48182,2,1970,0.041666666666666664
167364,46630,2,1970,0.041666666666666664
227664,21632,2,1970,0.03949044585987261
199044,297016,2,1970,0.03949044585987261
227664,297016,2,1970,0.03949044585987261
251391,297016,2,1970,0.03949044585987261
173667,297016,2,1970,0.03949044585987261
251391,21632,2,1970,0.03949044585987261
208092,297016,2,1970,0.03949044585987261
154698,21632,2,1970,0.03949044585987261
208092,21632,2,1970,0.03949044585987261
60762,297016,2,1970,0.03949044585987261
191256,21632,2,1970,0.03949044585987261
154698,297016,2,1970,0.03949044585987261
60762,21632,2,1970,0.03949044585987261
191256,297016,2,1970,0.03949044585987261
173667,21632,2,1970,0.03949044585987261
199044,21632,2,1970,0.03949044585987261
178230,56182,2,1970,0.037914691943127965
154698,56196,2,1970,0.037914691943127965
178230,56148,2,1970,0.037914691943127965
205191,56196,2,1970,0.037914691943127965
227664,56182,2,1970,0.037914691943127965
178230,56208,2,1970,0.037914691943127965
60762,56194,2,1970,0.037914691943127965
205191,56188,2,1970,0.037914691943127965
227664,56196,2,1970,0.037914691943127965
154698,56182,2,1970,0.037914691943127965
205191,56148,2,1970,0.037914691943127965
154698,56194,2,1970,0.037914691943127965
205191,56208,2,1970,0.037914691943127965
154698,56188,2,1970,0.037914691943127965
205191,56194,2,1970,0.037914691943127965
227664,56188,2,1970,0.037914691943127965
60762,56208,2,1970,0.037914691943127965
60762,56148,2,1970,0.037914691943127965
178230,56188,2,1970,0.037914691943127965
60762,56196,2,1970,0.037914691943127965
178230,56196,2,1970,0.037914691943127965
227664,56194,2,1970,0.037914691943127965
154698,56208,2,1970,0.037914691943127965
178230,56194,2,1970,0.037914691943127965
251391,56208,2,1970,0.037914691943127965
60762,56182,2,1970,0.037914691943127965
220047,56188,2,1970,0.037914691943127965
154698,56148,2,1970,0.037914691943127965
208092,56196,2,1970,0.037914691943127965
227664,56148,2,1970,0.037914691943127965
157767,56148,2,1970,0.037914691943127965
191256,56208,2,1970,0.037914691943127965
220047,56208,2,1970,0.037914691943127965
191256,56148,2,1970,0.037914691943127965
157767,56182,2,1970,0.037914691943127965
209637,56182,2,1970,0.037914691943127965
220047,56194,2,1970,0.037914691943127965
191256,56182,2,1970,0.037914691943127965
191256,56194,2,1970,0.037914691943127965
191256,56188,2,1970,0.037914691943127965
157767,56196,2,1970,0.037914691943127965
251391,56196,2,1970,0.037914691943127965
208092,56188,2,1970,0.037914691943127965
213102,56188,2,1970,0.037914691943127965
208092,56194,2,1970,0.037914691943127965
205191,56182,2,1970,0.037914691943127965
209637,56196,2,1970,0.037914691943127965
208092,56182,2,1970,0.037914691943127965
251391,56188,2,1970,0.037914691943127965
209637,56148,2,1970,0.037914691943127965
251391,56194,2,1970,0.037914691943127965
208092,56208,2,1970,0.037914691943127965
208092,56148,2,1970,0.037914691943127965
251391,56182,2,1970,0.037914691943127965
209637,56208,2,1970,0.037914691943127965
157767,56194,2,1970,0.037914691943127965
191256,56196,2,1970,0.037914691943127965
157767,56188,2,1970,0.037914691943127965
213102,56196,2,1970,0.037914691943127965
227664,56208,2,1970,0.037914691943127965
220047,56182,2,1970,0.037914691943127965
60762,56188,2,1970,0.037914691943127965
220047,56196,2,1970,0.037914691943127965
251391,56148,2,1970,0.037914691943127965
213102,56208,2,1970,0.037914691943127965
213102,56148,2,1970,0.037914691943127965
157767,56208,2,1970,0.037914691943127965
220047,56148,2,1970,0.037914691943127965
209637,56188,2,1970,0.037914691943127965
209637,56194,2,1970,0.037914691943127965
213102,56182,2,1970,0.037914691943127965
213102,56194,2,1970,0.037914691943127965
222225,33288,2,1970,0.034482758620689655
235932,33288,2,1970,0.034482758620689655
206442,33288,2,1970,0.034482758620689655
63690,33288,2,1970,0.034482758620689655
191256,296930,2,1970,0.03389830508474576
251391,296930,2,1970,0.03389830508474576
227664,296930,2,1970,0.03389830508474576
154698,296930,2,1970,0.03389830508474576
208092,296930,2,1970,0.03389830508474576
60762,296930,2,1970,0.03389830508474576
238377,56892,2,1970,0.03225806451612903
229521,56892,2,1970,0.03225806451612903
203322,56892,2,1970,0.03225806451612903
211542,56892,2,1970,0.03225806451612903
206364,33288,2,1970,0.03225806451612903
159027,56892,2,1970,0.03225806451612903
203889,56892,2,1970,0.03225806451612903
212505,56892,2,1970,0.03225806451612903
59703,56892,2,1970,0.03225806451612903
203058,56892,2,1970,0.03225806451612903
211989,56892,2,1970,0.03225806451612903
247548,11390,2,1970,0.031184155077960386
225972,60522,2,1970,0.031184155077960386
225012,60522,2,1970,0.031184155077960386
239115,60522,2,1970,0.031184155077960386
225012,11390,2,1970,0.031184155077960386
239115,11390,2,1970,0.031184155077960386
247548,60522,2,1970,0.031184155077960386
204762,60522,2,1970,0.031184155077960386
204762,11390,2,1970,0.031184155077960386
225972,11390,2,1970,0.031184155077960386
235458,11390,2,1970,0.031184155077960386
157080,11390,2,1970,0.031184155077960386
214194,60522,2,1970,0.031184155077960386
203256,60522,2,1970,0.031184155077960386
154740,60522,2,1970,0.031184155077960386
179790,60522,2,1970,0.031184155077960386
179790,11390,2,1970,0.031184155077960386
254118,11390,2,1970,0.031184155077960386
205812,60522,2,1970,0.031184155077960386
254118,60522,2,1970,0.031184155077960386
244680,60522,2,1970,0.031184155077960386
244680,11390,2,1970,0.031184155077960386
129264,11390,2,1970,0.031184155077960386
191247,11390,2,1970,0.031184155077960386
129264,60522,2,1970,0.031184155077960386
210627,60522,2,1970,0.031184155077960386
205812,11390,2,1970,0.031184155077960386
173940,11390,2,1970,0.031184155077960386
173940,60522,2,1970,0.031184155077960386
210627,11390,2,1970,0.031184155077960386
154146,60522,2,1970,0.031184155077960386
253053,11390,2,1970,0.031184155077960386
253053,60522,2,1970,0.031184155077960386
253146,60522,2,1970,0.031184155077960386
154146,11390,2,1970,0.031184155077960386
253146,11390,2,1970,0.031184155077960386
154740,11390,2,1970,0.031184155077960386
203256,11390,2,1970,0.031184155077960386
219381,11390,2,1970,0.031184155077960386
154383,60522,2,1970,0.031184155077960386
214194,11390,2,1970,0.031184155077960386
188106,60522,2,1970,0.031184155077960386
188106,11390,2,1970,0.031184155077960386
157080,60522,2,1970,0.031184155077960386
205947,11390,2,1970,0.031184155077960386
205947,60522,2,1970,0.031184155077960386
219420,11390,2,1970,0.031184155077960386
251253,60522,2,1970,0.031184155077960386
251253,11390,2,1970,0.031184155077960386
219420,60522,2,1970,0.031184155077960386
154383,11390,2,1970,0.031184155077960386
219381,60522,2,1970,0.031184155077960386
203277,60522,2,1970,0.031184155077960386
154551,60522,2,1970,0.031184155077960386
212475,11390,2,1970,0.031184155077960386
212475,60522,2,1970,0.031184155077960386
154551,11390,2,1970,0.031184155077960386
203277,11390,2,1970,0.031184155077960386
153744,60522,2,1970,0.031184155077960386
235458,60522,2,1970,0.031184155077960386
191247,60522,2,1970,0.031184155077960386
153744,11390,2,1970,0.031184155077960386
204411,60522,2,1970,0.031184155077960386
248724,60522,2,1970,0.031184155077960386
247956,60522,2,1970,0.031184155077960386
62811,11390,2,1970,0.031184155077960386
206616,60522,2,1970,0.031184155077960386
207216,11390,2,1970,0.031184155077960386
210810,60522,2,1970,0.031184155077960386
153600,60522,2,1970,0.031184155077960386
153882,60522,2,1970,0.031184155077960386
249159,11390,2,1970,0.031184155077960386
247029,11390,2,1970,0.031184155077960386
246054,11390,2,1970,0.031184155077960386
153882,11390,2,1970,0.031184155077960386
192714,11390,2,1970,0.031184155077960386
246054,60522,2,1970,0.031184155077960386
204411,11390,2,1970,0.031184155077960386
249159,60522,2,1970,0.031184155077960386
192714,60522,2,1970,0.031184155077960386
211413,60522,2,1970,0.031184155077960386
247956,11390,2,1970,0.031184155077960386
206616,11390,2,1970,0.031184155077960386
67056,60522,2,1970,0.031184155077960386
67056,11390,2,1970,0.031184155077960386
207216,60522,2,1970,0.031184155077960386
210810,11390,2,1970,0.031184155077960386
248724,11390,2,1970,0.031184155077960386
204522,11390,2,1970,0.031184155077960386
204057,11390,2,1970,0.031184155077960386
204522,60522,2,1970,0.031184155077960386
204057,60522,2,1970,0.031184155077960386
154743,60522,2,1970,0.031184155077960386
233427,11390,2,1970,0.031184155077960386
154743,11390,2,1970,0.031184155077960386
153912,11390,2,1970,0.031184155077960386
153912,60522,2,1970,0.031184155077960386
206076,60522,2,1970,0.031184155077960386
211413,11390,2,1970,0.031184155077960386
206076,11390,2,1970,0.031184155077960386
72108,11390,2,1970,0.031184155077960386
183672,60522,2,1970,0.031184155077960386
255489,11390,2,1970,0.031184155077960386
154011,60522,2,1970,0.031184155077960386
183672,11390,2,1970,0.031184155077960386
154011,11390,2,1970,0.031184155077960386
162960,60522,2,1970,0.031184155077960386
255489,60522,2,1970,0.031184155077960386
162960,11390,2,1970,0.031184155077960386
203241,11390,2,1970,0.031184155077960386
242409,11390,2,1970,0.031184155077960386
72108,60522,2,1970,0.031184155077960386
203241,60522,2,1970,0.031184155077960386
242409,60522,2,1970,0.031184155077960386
233427,60522,2,1970,0.031184155077960386
247029,60522,2,1970,0.031184155077960386
153600,11390,2,1970,0.031184155077960386
62811,60522,2,1970,0.031184155077960386
206442,1440,2,1970,0.030612244897959183
235932,1440,2,1970,0.030612244897959183
63690,1440,2,1970,0.030612244897959183
222225,1440,2,1970,0.030612244897959183
153912,1440,2,1970,0.030037546933667083
233427,1440,2,1970,0.030037546933667083
219420,1440,2,1970,0.030037546933667083
67056,1440,2,1970,0.030037546933667083
204057,1440,2,1970,0.030037546933667083
206076,1440,2,1970,0.030037546933667083
211413,1440,2,1970,0.030037546933667083
205812,1440,2,1970,0.030037546933667083
251253,1440,2,1970,0.030037546933667083
129264,1440,2,1970,0.030037546933667083
253053,1440,2,1970,0.030037546933667083
203241,1440,2,1970,0.030037546933667083
204522,1440,2,1970,0.030037546933667083
157080,1440,2,1970,0.030037546933667083
242409,1440,2,1970,0.030037546933667083
154146,1440,2,1970,0.030037546933667083
154383,1440,2,1970,0.030037546933667083
239115,1440,2,1970,0.030037546933667083
183672,1440,2,1970,0.030037546933667083
212475,1440,2,1970,0.030037546933667083
205947,1440,2,1970,0.030037546933667083
246054,1440,2,1970,0.030037546933667083
244680,1440,2,1970,0.030037546933667083
192714,1440,2,1970,0.030037546933667083
235458,1440,2,1970,0.030037546933667083
154740,1440,2,1970,0.030037546933667083
247956,1440,2,1970,0.030037546933667083
207216,1440,2,1970,0.030037546933667083
72108,1440,2,1970,0.030037546933667083
62811,1440,2,1970,0.030037546933667083
154011,1440,2,1970,0.030037546933667083
204762,1440,2,1970,0.030037546933667083
249159,1440,2,1970,0.030037546933667083
247548,1440,2,1970,0.030037546933667083
206616,1440,2,1970,0.030037546933667083
210627,1440,2,1970,0.030037546933667083
173940,1440,2,1970,0.030037546933667083
154551,1440,2,1970,0.030037546933667083
253146,1440,2,1970,0.030037546933667083
203277,1440,2,1970,0.030037546933667083
255489,1440,2,1970,0.030037546933667083
162960,1440,2,1970,0.030037546933667083
219381,1440,2,1970,0.030037546933667083
203256,1440,2,1970,0.030037546933667083
248724,1440,2,1970,0.030037546933667083
179790,1440,2,1970,0.030037546933667083
254118,1440,2,1970,0.030037546933667083
153600,1440,2,1970,0.030037546933667083
204411,1440,2,1970,0.030037546933667083
191247,1440,2,1970,0.030037546933667083
153882,1440,2,1970,0.030037546933667083
247029,1440,2,1970,0.030037546933667083
225972,1440,2,1970,0.030037546933667083
214194,1440,2,1970,0.030037546933667083
154743,1440,2,1970,0.030037546933667083
153744,1440,2,1970,0.030037546933667083
225012,1440,2,1970,0.030037546933667083
188106,1440,2,1970,0.030037546933667083
210810,1440,2,1970,0.030037546933667083
231057,53256,2,1970,0.029411764705882353
207339,53256,2,1970,0.029411764705882353
217848,53256,2,1970,0.029411764705882353
242442,53256,2,1970,0.029411764705882353
243546,53256,2,1970,0.029411764705882353
249486,13362,2,1970,0.028985507246376812
173667,13362,2,1970,0.028985507246376812
199044,13362,2,1970,0.028985507246376812
173940,296906,2,1970,0.02756892230576441
204411,296906,2,1970,0.02756892230576441
203256,296906,2,1970,0.02756892230576441
204522,296906,2,1970,0.02756892230576441
247029,296906,2,1970,0.02756892230576441
212475,296906,2,1970,0.02756892230576441
206076,296906,2,1970,0.02756892230576441
249159,296906,2,1970,0.02756892230576441
162960,296906,2,1970,0.02756892230576441
62811,296906,2,1970,0.02756892230576441
225012,296906,2,1970,0.02756892230576441
206616,296906,2,1970,0.02756892230576441
225972,296906,2,1970,0.02756892230576441
72108,296906,2,1970,0.02756892230576441
253053,296906,2,1970,0.02756892230576441
154740,296906,2,1970,0.02756892230576441
211413,296906,2,1970,0.02756892230576441
205947,296906,2,1970,0.02756892230576441
247956,296906,2,1970,0.02756892230576441
244680,296906,2,1970,0.02756892230576441
247548,296906,2,1970,0.02756892230576441
254118,296906,2,1970,0.02756892230576441
188106,296906,2,1970,0.02756892230576441
154743,296906,2,1970,0.02756892230576441
207216,296906,2,1970,0.02756892230576441
248724,296906,2,1970,0.02756892230576441
154551,296906,2,1970,0.02756892230576441
192714,296906,2,1970,0.02756892230576441
251253,296906,2,1970,0.02756892230576441
153744,296906,2,1970,0.02756892230576441
204762,296906,2,1970,0.02756892230576441
154383,296906,2,1970,0.02756892230576441
153882,296906,2,1970,0.02756892230576441
203277,296906,2,1970,0.02756892230576441
183672,296906,2,1970,0.02756892230576441
154011,296906,2,1970,0.02756892230576441
210627,296906,2,1970,0.02756892230576441
153600,296906,2,1970,0.02756892230576441
253146,296906,2,1970,0.02756892230576441
157080,296906,2,1970,0.02756892230576441
239115,296906,2,1970,0.02756892230576441
154146,296906,2,1970,0.02756892230576441
255489,296906,2,1970,0.02756892230576441
153912,296906,2,1970,0.02756892230576441
203241,296906,2,1970,0.02756892230576441
242409,296906,2,1970,0.02756892230576441
214194,296906,2,1970,0.02756892230576441
129264,296906,2,1970,0.02756892230576441
210810,296906,2,1970,0.02756892230576441
219420,296906,2,1970,0.02756892230576441
235458,296906,2,1970,0.02756892230576441
179790,296906,2,1970,0.02756892230576441
246054,296906,2,1970,0.02756892230576441
191247,296906,2,1970,0.02756892230576441
233427,296906,2,1970,0.02756892230576441
204057,296906,2,1970,0.02756892230576441
67056,296906,2,1970,0.02756892230576441
219381,296906,2,1970,0.02756892230576441
205812,296906,2,1970,0.02756892230576441
205191,53256,2,1970,0.027156549520766772
154698,53256,2,1970,0.027156549520766772
209637,53256,2,1970,0.027156549520766772
157767,53256,2,1970,0.027156549520766772
208092,53256,2,1970,0.027156549520766772
60762,53256,2,1970,0.027156549520766772
251391,53256,2,1970,0.027156549520766772
178230,53256,2,1970,0.027156549520766772
213102,53256,2,1970,0.027156549520766772
227664,53256,2,1970,0.027156549520766772
191256,53256,2,1970,0.027156549520766772
213102,22644,2,1970,0.02666666666666667
205191,22644,2,1970,0.02666666666666667
209637,22644,2,1970,0.02666666666666667
178230,22644,2,1970,0.02666666666666667
157767,22644,2,1970,0.02666666666666667
199044,34718,2,1970,0.02564102564102564
173667,34718,2,1970,0.02564102564102564
199044,1260,2,1970,0.02564102564102564
173667,1260,2,1970,0.02564102564102564
173667,33288,2,1970,0.02531645569620253
199044,33288,2,1970,0.02531645569620253
153882,33288,2,1970,0.021929824561403508
247548,33288,2,1970,0.021929824561403508
154146,33288,2,1970,0.021929824561403508
192714,33288,2,1970,0.021929824561403508
162960,33288,2,1970,0.021929824561403508
154383,33288,2,1970,0.021929824561403508
255489,33288,2,1970,0.021929824561403508
210627,33288,2,1970,0.021929824561403508
253053,33288,2,1970,0.021929824561403508
204411,33288,2,1970,0.021929824561403508
154011,33288,2,1970,0.021929824561403508
203241,33288,2,1970,0.021929824561403508
239115,33288,2,1970,0.021929824561403508
242409,33288,2,1970,0.021929824561403508
203256,33288,2,1970,0.021929824561403508
219381,33288,2,1970,0.021929824561403508
225972,33288,2,1970,0.021929824561403508
246054,33288,2,1970,0.021929824561403508
179790,33288,2,1970,0.021929824561403508
251253,33288,2,1970,0.021929824561403508
183672,33288,2,1970,0.021929824561403508
72108,33288,2,1970,0.021929824561403508
206076,33288,2,1970,0.021929824561403508
204762,33288,2,1970,0.021929824561403508
153600,33288,2,1970,0.021929824561403508
191247,33288,2,1970,0.021929824561403508
247029,33288,2,1970,0.021929824561403508
253146,33288,2,1970,0.021929824561403508
225012,33288,2,1970,0.021929824561403508
247956,33288,2,1970,0.021929824561403508
206616,33288,2,1970,0.021929824561403508
154551,33288,2,1970,0.021929824561403508
173940,33288,2,1970,0.021929824561403508
67056,33288,2,1970,0.021929824561403508
212475,33288,2,1970,0.021929824561403508
210810,33288,2,1970,0.021929824561403508
248724,33288,2,1970,0.021929824561403508
204522,33288,2,1970,0.021929824561403508
214194,33288,2,1970,0.021929824561403508
207216,33288,2,1970,0.021929824561403508
157080,33288,2,1970,0.021929824561403508
204057,33288,2,1970,0.021929824561403508
205812,33288,2,1970,0.021929824561403508
233427,33288,2,1970,0.021929824561403508
254118,33288,2,1970,0.021929824561403508
203277,33288,2,1970,0.021929824561403508
235458,33288,2,1970,0.021929824561403508
211413,33288,2,1970,0.021929824561403508
188106,33288,2,1970,0.021929824561403508
153912,33288,2,1970,0.021929824561403508
205947,33288,2,1970,0.021929824561403508
219420,33288,2,1970,0.021929824561403508
154740,33288,2,1970,0.021929824561403508
62811,33288,2,1970,0.021929824561403508
154743,33288,2,1970,0.021929824561403508
153744,33288,2,1970,0.021929824561403508
249159,33288,2,1970,0.021929824561403508
129264,33288,2,1970,0.021929824561403508
244680,33288,2,1970,0.021929824561403508
205191,56892,2,1970,0.020833333333333332
213102,56892,2,1970,0.020833333333333332
178230,56892,2,1970,0.020833333333333332
209637,56892,2,1970,0.020833333333333332
157767,56892,2,1970,0.020833333333333332
222225,53256,2,1970,0.020618556701030927
235932,53256,2,1970,0.020618556701030927
206442,53256,2,1970,0.020618556701030927
63690,53256,2,1970,0.020618556701030927
206442,1260,2,1970,0.02040816326530612
63690,1260,2,1970,0.02040816326530612
206442,34718,2,1970,0.02040816326530612
63690,34718,2,1970,0.02040816326530612
222225,1260,2,1970,0.02040816326530612
235932,1260,2,1970,0.02040816326530612
222225,34718,2,1970,0.02040816326530612
235932,34718,2,1970,0.02040816326530612
235932,296906,2,1970,0.02
222225,296906,2,1970,0.02
63690,296906,2,1970,0.02
206442,296906,2,1970,0.02
235932,11390,2,1970,0.019933554817275746
63690,11390,2,1970,0.019933554817275746
222225,11390,2,1970,0.019933554817275746
63690,60522,2,1970,0.019933554817275746
235932,60522,2,1970,0.019933554817275746
206442,60522,2,1970,0.019933554817275746
206442,11390,2,1970,0.019933554817275746
222225,60522,2,1970,0.019933554817275746
206442,56148,2,1970,0.019801980198019802
222225,297016,2,1970,0.019801980198019802
222225,56148,2,1970,0.019801980198019802
206442,297016,2,1970,0.019801980198019802
63690,297016,2,1970,0.019801980198019802
63690,56148,2,1970,0.019801980198019802
206442,56194,2,1970,0.019801980198019802
222225,56196,2,1970,0.019801980198019802
63690,56182,2,1970,0.019801980198019802
222225,23492,2,1970,0.019801980198019802
206442,56182,2,1970,0.019801980198019802
222225,21632,2,1970,0.019801980198019802
63690,21632,2,1970,0.019801980198019802
206442,21632,2,1970,0.019801980198019802
222225,56182,2,1970,0.019801980198019802
63690,23492,2,1970,0.019801980198019802
222225,296994,2,1970,0.019801980198019802
222225,56194,2,1970,0.019801980198019802
222225,56188,2,1970,0.019801980198019802
63690,56196,2,1970,0.019801980198019802
206442,23492,2,1970,0.019801980198019802
206442,56196,2,1970,0.019801980198019802
222225,56208,2,1970,0.019801980198019802
235932,56194,2,1970,0.019801980198019802
235932,56188,2,1970,0.019801980198019802
206442,296994,2,1970,0.019801980198019802
235932,56182,2,1970,0.019801980198019802
63690,56188,2,1970,0.019801980198019802
235932,23492,2,1970,0.019801980198019802
235932,56196,2,1970,0.019801980198019802
63690,56194,2,1970,0.019801980198019802
235932,296994,2,1970,0.019801980198019802
235932,297016,2,1970,0.019801980198019802
63690,56208,2,1970,0.019801980198019802
235932,21632,2,1970,0.019801980198019802
235932,56148,2,1970,0.019801980198019802
235932,56208,2,1970,0.019801980198019802
206442,56208,2,1970,0.019801980198019802
206442,56188,2,1970,0.019801980198019802
63690,296994,2,1970,0.019801980198019802
206616,56892,2,1970,0.018656716417910446
153882,56892,2,1970,0.018656716417910446
246054,56892,2,1970,0.018656716417910446
254118,56892,2,1970,0.018656716417910446
255489,56892,2,1970,0.018656716417910446
249159,56892,2,1970,0.018656716417910446
253146,56892,2,1970,0.018656716417910446
233427,56892,2,1970,0.018656716417910446
211413,56892,2,1970,0.018656716417910446
154146,56892,2,1970,0.018656716417910446
183672,56892,2,1970,0.018656716417910446
253053,56892,2,1970,0.018656716417910446
204762,56892,2,1970,0.018656716417910446
247548,56892,2,1970,0.018656716417910446
153600,56892,2,1970,0.018656716417910446
242409,56892,2,1970,0.018656716417910446
235458,56892,2,1970,0.018656716417910446
239115,56892,2,1970,0.018656716417910446
203277,56892,2,1970,0.018656716417910446
212475,56892,2,1970,0.018656716417910446
162960,56892,2,1970,0.018656716417910446
204057,56892,2,1970,0.018656716417910446
129264,56892,2,1970,0.018656716417910446
173940,56892,2,1970,0.018656716417910446
72108,56892,2,1970,0.018656716417910446
188106,56892,2,1970,0.018656716417910446
210810,56892,2,1970,0.018656716417910446
205812,56892,2,1970,0.018656716417910446
191247,56892,2,1970,0.018656716417910446
219420,56892,2,1970,0.018656716417910446
203256,56892,2,1970,0.018656716417910446
154740,56892,2,1970,0.018656716417910446
179790,56892,2,1970,0.018656716417910446
219381,56892,2,1970,0.018656716417910446
62811,56892,2,1970,0.018656716417910446
248724,56892,2,1970,0.018656716417910446
205947,56892,2,1970,0.018656716417910446
225012,56892,2,1970,0.018656716417910446
154011,56892,2,1970,0.018656716417910446
210627,56892,2,1970,0.018656716417910446
153744,56892,2,1970,0.018656716417910446
206076,56892,2,1970,0.018656716417910446
203241,56892,2,1970,0.018656716417910446
154383,56892,2,1970,0.018656716417910446
225972,56892,2,1970,0.018656716417910446
192714,56892,2,1970,0.018656716417910446
154743,56892,2,1970,0.018656716417910446
214194,56892,2,1970,0.018656716417910446
207216,56892,2,1970,0.018656716417910446
153912,56892,2,1970,0.018656716417910446
204411,56892,2,1970,0.018656716417910446
67056,56892,2,1970,0.018656716417910446
157080,56892,2,1970,0.018656716417910446
204522,56892,2,1970,0.018656716417910446
154551,56892,2,1970,0.018656716417910446
251253,56892,2,1970,0.018656716417910446
247029,56892,2,1970,0.018656716417910446
247956,56892,2,1970,0.018656716417910446
244680,56892,2,1970,0.018656716417910446
227664,297782,2,1970,0.017241379310344827
60762,296994,2,1970,0.017241379310344827
60762,23492,2,1970,0.017241379310344827
191256,296994,2,1970,0.017241379310344827
227664,296994,2,1970,0.017241379310344827
60762,297782,2,1970,0.017241379310344827
251391,40902,2,1970,0.017241379310344827
60762,40902,2,1970,0.017241379310344827
191256,297782,2,1970,0.017241379310344827
251391,23492,2,1970,0.017241379310344827
208092,296994,2,1970,0.017241379310344827
154698,296994,2,1970,0.017241379310344827
154698,297782,2,1970,0.017241379310344827
154698,23492,2,1970,0.017241379310344827
154698,40902,2,1970,0.017241379310344827
227664,40902,2,1970,0.017241379310344827
208092,40902,2,1970,0.017241379310344827
208092,23492,2,1970,0.017241379310344827
208092,297782,2,1970,0.017241379310344827
191256,40902,2,1970,0.017241379310344827
191256,23492,2,1970,0.017241379310344827
251391,296994,2,1970,0.017241379310344827
251391,297782,2,1970,0.017241379310344827
227664,23492,2,1970,0.017241379310344827
251391,22644,2,1970,0.01639344262295082
227664,22644,2,1970,0.01639344262295082
60762,22644,2,1970,0.01639344262295082
191256,22644,2,1970,0.01639344262295082
208092,22644,2,1970,0.01639344262295082
154698,22644,2,1970,0.01639344262295082
154698,56892,2,1970,0.016129032258064516
251391,1440,2,1970,0.016129032258064516
208092,1440,2,1970,0.016129032258064516
60762,56892,2,1970,0.016129032258064516
251391,56892,2,1970,0.016129032258064516
227664,56892,2,1970,0.016129032258064516
227664,1440,2,1970,0.016129032258064516
208092,56892,2,1970,0.016129032258064516
191256,1440,2,1970,0.016129032258064516
60762,1440,2,1970,0.016129032258064516
191256,56892,2,1970,0.016129032258064516
154698,1440,2,1970,0.016129032258064516
60762,13362,2,1970,0.013888888888888888
251391,13362,2,1970,0.013888888888888888
227664,13362,2,1970,0.013888888888888888
154698,13362,2,1970,0.013888888888888888
191256,13362,2,1970,0.013888888888888888
206364,13362,2,1970,0.013888888888888888
167364,13362,2,1970,0.013888888888888888
208092,13362,2,1970,0.013888888888888888
153912,56148,2,1970,0.011740041928721174
153912,56208,2,1970,0.011740041928721174
233427,56208,2,1970,0.011740041928721174
203277,56188,2,1970,0.011740041928721174
153912,297016,2,1970,0.011740041928721174
219381,56194,2,1970,0.011740041928721174
129264,21632,2,1970,0.011740041928721174
154743,56148,2,1970,0.011740041928721174
203277,56194,2,1970,0.011740041928721174
153744,56208,2,1970,0.011740041928721174
154743,297016,2,1970,0.011740041928721174
129264,56188,2,1970,0.011740041928721174
247029,56194,2,1970,0.011740041928721174
179790,56196,2,1970,0.011740041928721174
219381,296994,2,1970,0.011740041928721174
254118,56208,2,1970,0.011740041928721174
153600,56188,2,1970,0.011740041928721174
203277,21632,2,1970,0.011740041928721174
129264,56194,2,1970,0.011740041928721174
203277,296994,2,1970,0.011740041928721174
129264,296994,2,1970,0.011740041928721174
255489,56208,2,1970,0.011740041928721174
247029,56188,2,1970,0.011740041928721174
233427,56148,2,1970,0.011740041928721174
203277,56182,2,1970,0.011740041928721174
129264,56182,2,1970,0.011740041928721174
154743,56208,2,1970,0.011740041928721174
233427,297016,2,1970,0.011740041928721174
153600,56194,2,1970,0.011740041928721174
233427,23492,2,1970,0.011740041928721174
204522,56148,2,1970,0.011740041928721174
204522,297016,2,1970,0.011740041928721174
154743,56188,2,1970,0.011740041928721174
205812,23492,2,1970,0.011740041928721174
129264,56208,2,1970,0.011740041928721174
179790,56208,2,1970,0.011740041928721174
62811,56188,2,1970,0.011740041928721174
204522,56196,2,1970,0.011740041928721174
179790,56148,2,1970,0.011740041928721174
205812,21632,2,1970,0.011740041928721174
179790,297016,2,1970,0.011740041928721174
62811,56194,2,1970,0.011740041928721174
153600,296994,2,1970,0.011740041928721174
233427,21632,2,1970,0.011740041928721174
204522,23492,2,1970,0.011740041928721174
173940,56188,2,1970,0.011740041928721174
173940,56194,2,1970,0.011740041928721174
205812,56196,2,1970,0.011740041928721174
129264,56148,2,1970,0.011740041928721174
153912,56196,2,1970,0.011740041928721174
255489,297016,2,1970,0.011740041928721174
205812,56208,2,1970,0.011740041928721174
129264,23492,2,1970,0.011740041928721174
154743,56194,2,1970,0.011740041928721174
129264,56196,2,1970,0.011740041928721174
153912,23492,2,1970,0.011740041928721174
153912,21632,2,1970,0.011740041928721174
205812,56148,2,1970,0.011740041928721174
205812,297016,2,1970,0.011740041928721174
153912,56182,2,1970,0.011740041928721174
153912,296994,2,1970,0.011740041928721174
153912,56194,2,1970,0.011740041928721174
153912,56188,2,1970,0.011740041928721174
255489,56148,2,1970,0.011740041928721174
233427,56196,2,1970,0.011740041928721174
219381,56188,2,1970,0.011740041928721174
204522,56208,2,1970,0.011740041928721174
129264,297016,2,1970,0.011740041928721174
153744,56148,2,1970,0.011740041928721174
162960,56208,2,1970,0.011740041928721174
219381,56182,2,1970,0.011740041928721174
162960,23492,2,1970,0.011740041928721174
179790,56188,2,1970,0.011740041928721174
154743,21632,2,1970,0.011740041928721174
153882,56148,2,1970,0.011740041928721174
153882,56208,2,1970,0.011740041928721174
188106,56196,2,1970,0.011740041928721174
188106,23492,2,1970,0.011740041928721174
153744,56188,2,1970,0.011740041928721174
153744,56194,2,1970,0.011740041928721174
153882,21632,2,1970,0.011740041928721174
153744,296994,2,1970,0.011740041928721174
179790,56182,2,1970,0.011740041928721174
247029,56196,2,1970,0.011740041928721174
188106,21632,2,1970,0.011740041928721174
254118,56188,2,1970,0.011740041928721174
254118,56194,2,1970,0.011740041928721174
188106,56182,2,1970,0.011740041928721174
153882,297016,2,1970,0.011740041928721174
179790,56194,2,1970,0.011740041928721174
254118,296994,2,1970,0.011740041928721174
188106,56208,2,1970,0.011740041928721174
162960,56182,2,1970,0.011740041928721174
219381,56148,2,1970,0.011740041928721174
162960,296994,2,1970,0.011740041928721174
162960,21632,2,1970,0.011740041928721174
179790,296994,2,1970,0.011740041928721174
247029,56208,2,1970,0.011740041928721174
153882,23492,2,1970,0.011740041928721174
162960,56194,2,1970,0.011740041928721174
219381,56196,2,1970,0.011740041928721174
162960,56188,2,1970,0.011740041928721174
247029,56148,2,1970,0.011740041928721174
153882,56196,2,1970,0.011740041928721174
188106,56148,2,1970,0.011740041928721174
188106,297016,2,1970,0.011740041928721174
219381,56208,2,1970,0.011740041928721174
247029,297016,2,1970,0.011740041928721174
153744,56182,2,1970,0.011740041928721174
162960,56196,2,1970,0.011740041928721174
179790,23492,2,1970,0.011740041928721174
162960,297016,2,1970,0.011740041928721174
153882,296994,2,1970,0.011740041928721174
153744,56196,2,1970,0.011740041928721174
153882,56194,2,1970,0.011740041928721174
154743,296994,2,1970,0.011740041928721174
247029,21632,2,1970,0.011740041928721174
247029,56182,2,1970,0.011740041928721174
247029,296994,2,1970,0.011740041928721174
153744,297016,2,1970,0.011740041928721174
203277,297016,2,1970,0.011740041928721174
254118,297016,2,1970,0.011740041928721174
153882,56188,2,1970,0.011740041928721174
162960,56148,2,1970,0.011740041928721174
219381,297016,2,1970,0.011740041928721174
203277,56196,2,1970,0.011740041928721174
254118,56148,2,1970,0.011740041928721174
203277,23492,2,1970,0.011740041928721174
153744,23492,2,1970,0.011740041928721174
153882,56182,2,1970,0.011740041928721174
188106,296994,2,1970,0.011740041928721174
203277,56208,2,1970,0.011740041928721174
247029,23492,2,1970,0.011740041928721174
188106,56194,2,1970,0.011740041928721174
219381,23492,2,1970,0.011740041928721174
188106,56188,2,1970,0.011740041928721174
254118,56182,2,1970,0.011740041928721174
254118,21632,2,1970,0.011740041928721174
154743,23492,2,1970,0.011740041928721174
153744,21632,2,1970,0.011740041928721174
219381,21632,2,1970,0.011740041928721174
179790,21632,2,1970,0.011740041928721174
254118,23492,2,1970,0.011740041928721174
154743,56182,2,1970,0.011740041928721174
173940,296994,2,1970,0.011740041928721174
254118,56196,2,1970,0.011740041928721174
203277,56148,2,1970,0.011740041928721174
154743,56196,2,1970,0.011740041928721174
253146,297016,2,1970,0.011740041928721174
206616,56182,2,1970,0.011740041928721174
205812,56182,2,1970,0.011740041928721174
239115,56208,2,1970,0.011740041928721174
210627,56208,2,1970,0.011740041928721174
251253,56196,2,1970,0.011740041928721174
204762,21632,2,1970,0.011740041928721174
246054,23492,2,1970,0.011740041928721174
204762,56182,2,1970,0.011740041928721174
72108,23492,2,1970,0.011740041928721174
206076,21632,2,1970,0.011740041928721174
204762,296994,2,1970,0.011740041928721174
204762,56194,2,1970,0.011740041928721174
251253,297016,2,1970,0.011740041928721174
251253,56148,2,1970,0.011740041928721174
204762,56188,2,1970,0.011740041928721174
210627,56148,2,1970,0.011740041928721174
72108,56196,2,1970,0.011740041928721174
253146,56188,2,1970,0.011740041928721174
210627,297016,2,1970,0.011740041928721174
206076,56182,2,1970,0.011740041928721174
253146,56194,2,1970,0.011740041928721174
206076,296994,2,1970,0.011740041928721174
253053,56208,2,1970,0.011740041928721174
251253,23492,2,1970,0.011740041928721174
206076,23492,2,1970,0.011740041928721174
251253,56182,2,1970,0.011740041928721174
204762,56148,2,1970,0.011740041928721174
204762,297016,2,1970,0.011740041928721174
72108,296994,2,1970,0.011740041928721174
251253,56188,2,1970,0.011740041928721174
72108,56182,2,1970,0.011740041928721174
246054,297016,2,1970,0.011740041928721174
251253,56194,2,1970,0.011740041928721174
251253,296994,2,1970,0.011740041928721174
204762,56196,2,1970,0.011740041928721174
246054,56196,2,1970,0.011740041928721174
244680,56194,2,1970,0.011740041928721174
253053,297016,2,1970,0.011740041928721174
253053,56148,2,1970,0.011740041928721174
204762,23492,2,1970,0.011740041928721174
72108,21632,2,1970,0.011740041928721174
244680,56188,2,1970,0.011740041928721174
206076,56196,2,1970,0.011740041928721174
251253,21632,2,1970,0.011740041928721174
251253,56208,2,1970,0.011740041928721174
72108,297016,2,1970,0.011740041928721174
233427,56182,2,1970,0.011740041928721174
206076,56194,2,1970,0.011740041928721174
210627,56194,2,1970,0.011740041928721174
210627,56188,2,1970,0.011740041928721174
239115,21632,2,1970,0.011740041928721174
246054,296994,2,1970,0.011740041928721174
255489,56196,2,1970,0.011740041928721174
253146,23492,2,1970,0.011740041928721174
239115,56182,2,1970,0.011740041928721174
203241,21632,2,1970,0.011740041928721174
253146,56196,2,1970,0.011740041928721174
253146,56208,2,1970,0.011740041928721174
239115,296994,2,1970,0.011740041928721174
239115,56194,2,1970,0.011740041928721174
203241,56182,2,1970,0.011740041928721174
203241,296994,2,1970,0.011740041928721174
246054,56194,2,1970,0.011740041928721174
239115,56188,2,1970,0.011740041928721174
253146,56148,2,1970,0.011740041928721174
203241,56188,2,1970,0.011740041928721174
246054,56188,2,1970,0.011740041928721174
203241,23492,2,1970,0.011740041928721174
210627,296994,2,1970,0.011740041928721174
210627,56182,2,1970,0.011740041928721174
203241,297016,2,1970,0.011740041928721174
72108,56148,2,1970,0.011740041928721174
206076,56188,2,1970,0.011740041928721174
72108,56208,2,1970,0.011740041928721174
239115,56148,2,1970,0.011740041928721174
239115,297016,2,1970,0.011740041928721174
210627,56196,2,1970,0.011740041928721174
203241,56208,2,1970,0.011740041928721174
203241,56148,2,1970,0.011740041928721174
210627,23492,2,1970,0.011740041928721174
210627,21632,2,1970,0.011740041928721174
253146,296994,2,1970,0.011740041928721174
239115,56196,2,1970,0.011740041928721174
246054,21632,2,1970,0.011740041928721174
253146,56182,2,1970,0.011740041928721174
239115,23492,2,1970,0.011740041928721174
253146,21632,2,1970,0.011740041928721174
203241,56196,2,1970,0.011740041928721174
246054,56182,2,1970,0.011740041928721174
72108,56194,2,1970,0.011740041928721174
246054,56148,2,1970,0.011740041928721174
72108,56188,2,1970,0.011740041928721174
206076,297016,2,1970,0.011740041928721174
204522,56194,2,1970,0.011740041928721174
173940,56148,2,1970,0.011740041928721174
206616,21632,2,1970,0.011740041928721174
173940,56208,2,1970,0.011740041928721174
244680,56148,2,1970,0.011740041928721174
204522,56188,2,1970,0.011740041928721174
244680,297016,2,1970,0.011740041928721174
206616,23492,2,1970,0.011740041928721174
253053,56188,2,1970,0.011740041928721174
253053,56194,2,1970,0.011740041928721174
206616,56196,2,1970,0.011740041928721174
247956,56208,2,1970,0.011740041928721174
247956,56148,2,1970,0.011740041928721174
247956,297016,2,1970,0.011740041928721174
206616,297016,2,1970,0.011740041928721174
206616,56148,2,1970,0.011740041928721174
206616,56208,2,1970,0.011740041928721174
253053,296994,2,1970,0.011740041928721174
247956,56196,2,1970,0.011740041928721174
173940,297016,2,1970,0.011740041928721174
203241,56194,2,1970,0.011740041928721174
206616,296994,2,1970,0.011740041928721174
233427,56188,2,1970,0.011740041928721174
233427,296994,2,1970,0.011740041928721174
173940,56182,2,1970,0.011740041928721174
205812,296994,2,1970,0.011740041928721174
205812,56194,2,1970,0.011740041928721174
205812,56188,2,1970,0.011740041928721174
233427,56194,2,1970,0.011740041928721174
173940,21632,2,1970,0.011740041928721174
204522,21632,2,1970,0.011740041928721174
62811,296994,2,1970,0.011740041928721174
206616,56194,2,1970,0.011740041928721174
62811,56182,2,1970,0.011740041928721174
173940,23492,2,1970,0.011740041928721174
173940,56196,2,1970,0.011740041928721174
204522,56182,2,1970,0.011740041928721174
204522,296994,2,1970,0.011740041928721174
244680,56208,2,1970,0.011740041928721174
206616,56188,2,1970,0.011740041928721174
62811,21632,2,1970,0.011740041928721174
154383,56188,2,1970,0.011740041928721174
62811,23492,2,1970,0.011740041928721174
154383,56194,2,1970,0.011740041928721174
247548,296994,2,1970,0.011740041928721174
247956,56194,2,1970,0.011740041928721174
247548,21632,2,1970,0.011740041928721174
253053,23492,2,1970,0.011740041928721174
253053,56196,2,1970,0.011740041928721174
154383,297016,2,1970,0.011740041928721174
247548,56182,2,1970,0.011740041928721174
154383,56148,2,1970,0.011740041928721174
62811,56208,2,1970,0.011740041928721174
247548,56194,2,1970,0.011740041928721174
247956,56182,2,1970,0.011740041928721174
247548,56188,2,1970,0.011740041928721174
247956,56188,2,1970,0.011740041928721174
154383,56208,2,1970,0.011740041928721174
244680,296994,2,1970,0.011740041928721174
246054,56208,2,1970,0.011740041928721174
206076,56208,2,1970,0.011740041928721174
206076,56148,2,1970,0.011740041928721174
204762,56208,2,1970,0.011740041928721174
247956,296994,2,1970,0.011740041928721174
247548,23492,2,1970,0.011740041928721174
154383,296994,2,1970,0.011740041928721174
253053,56182,2,1970,0.011740041928721174
247956,23492,2,1970,0.011740041928721174
247548,56208,2,1970,0.011740041928721174
154383,56182,2,1970,0.011740041928721174
62811,56196,2,1970,0.011740041928721174
247548,56148,2,1970,0.011740041928721174
247548,297016,2,1970,0.011740041928721174
244680,56196,2,1970,0.011740041928721174
244680,23492,2,1970,0.011740041928721174
154383,21632,2,1970,0.011740041928721174
253053,21632,2,1970,0.011740041928721174
247956,21632,2,1970,0.011740041928721174
154383,23492,2,1970,0.011740041928721174
244680,21632,2,1970,0.011740041928721174
154383,56196,2,1970,0.011740041928721174
62811,297016,2,1970,0.011740041928721174
244680,56182,2,1970,0.011740041928721174
62811,56148,2,1970,0.011740041928721174
247548,56196,2,1970,0.011740041928721174
153600,56182,2,1970,0.011740041928721174
203256,297016,2,1970,0.011740041928721174
214194,23492,2,1970,0.011740041928721174
212475,56196,2,1970,0.011740041928721174
204057,23492,2,1970,0.011740041928721174
242409,56196,2,1970,0.011740041928721174
212475,297016,2,1970,0.011740041928721174
204057,21632,2,1970,0.011740041928721174
157080,56188,2,1970,0.011740041928721174
249159,56188,2,1970,0.011740041928721174
214194,296994,2,1970,0.011740041928721174
204057,56182,2,1970,0.011740041928721174
249159,56194,2,1970,0.011740041928721174
214194,56194,2,1970,0.011740041928721174
204057,296994,2,1970,0.011740041928721174
157080,56194,2,1970,0.011740041928721174
204057,56194,2,1970,0.011740041928721174
214194,56188,2,1970,0.011740041928721174
157080,296994,2,1970,0.011740041928721174
154146,56182,2,1970,0.011740041928721174
212475,23492,2,1970,0.011740041928721174
249159,296994,2,1970,0.011740041928721174
204057,56188,2,1970,0.011740041928721174
249159,56182,2,1970,0.011740041928721174
204411,56188,2,1970,0.011740041928721174
154146,296994,2,1970,0.011740041928721174
192714,56208,2,1970,0.011740041928721174
157080,56182,2,1970,0.011740041928721174
154146,56194,2,1970,0.011740041928721174
192714,56148,2,1970,0.011740041928721174
192714,297016,2,1970,0.011740041928721174
154146,56188,2,1970,0.011740041928721174
242409,297016,2,1970,0.011740041928721174
192714,56196,2,1970,0.011740041928721174
212475,56148,2,1970,0.011740041928721174
204411,56194,2,1970,0.011740041928721174
249159,56148,2,1970,0.011740041928721174
248724,56148,2,1970,0.011740041928721174
235458,21632,2,1970,0.011740041928721174
235458,56182,2,1970,0.011740041928721174
219420,23492,2,1970,0.011740041928721174
225012,56148,2,1970,0.011740041928721174
235458,296994,2,1970,0.011740041928721174
248724,297016,2,1970,0.011740041928721174
219420,56196,2,1970,0.011740041928721174
214194,56196,2,1970,0.011740041928721174
204411,21632,2,1970,0.011740041928721174
235458,56194,2,1970,0.011740041928721174
235458,56188,2,1970,0.011740041928721174
242409,23492,2,1970,0.011740041928721174
225012,56208,2,1970,0.011740041928721174
154551,56196,2,1970,0.011740041928721174
248724,56208,2,1970,0.011740041928721174
214194,56182,2,1970,0.011740041928721174
219420,297016,2,1970,0.011740041928721174
219420,56148,2,1970,0.011740041928721174
154146,21632,2,1970,0.011740041928721174
214194,21632,2,1970,0.011740041928721174
204057,56208,2,1970,0.011740041928721174
219420,56208,2,1970,0.011740041928721174
204411,56182,2,1970,0.011740041928721174
204411,296994,2,1970,0.011740041928721174
204057,56148,2,1970,0.011740041928721174
204057,297016,2,1970,0.011740041928721174
183672,56196,2,1970,0.011740041928721174
183672,23492,2,1970,0.011740041928721174
204057,56196,2,1970,0.011740041928721174
212475,56208,2,1970,0.011740041928721174
212475,21632,2,1970,0.011740041928721174
212475,56182,2,1970,0.011740041928721174
242409,56148,2,1970,0.011740041928721174
154740,56196,2,1970,0.011740041928721174
154740,21632,2,1970,0.011740041928721174
157080,297016,2,1970,0.011740041928721174
157080,56148,2,1970,0.011740041928721174
67056,23492,2,1970,0.011740041928721174
67056,297016,2,1970,0.011740041928721174
154551,56188,2,1970,0.011740041928721174
157080,56208,2,1970,0.011740041928721174
154551,56194,2,1970,0.011740041928721174
211413,56208,2,1970,0.011740041928721174
154551,296994,2,1970,0.011740041928721174
249159,56208,2,1970,0.011740041928721174
154551,56182,2,1970,0.011740041928721174
154740,23492,2,1970,0.011740041928721174
249159,56196,2,1970,0.011740041928721174
211413,56148,2,1970,0.011740041928721174
242409,56208,2,1970,0.011740041928721174
211413,297016,2,1970,0.011740041928721174
205947,56182,2,1970,0.011740041928721174
207216,297016,2,1970,0.011740041928721174
154740,297016,2,1970,0.011740041928721174
154551,56208,2,1970,0.011740041928721174
211413,21632,2,1970,0.011740041928721174
154740,56148,2,1970,0.011740041928721174
211413,56196,2,1970,0.011740041928721174
207216,56148,2,1970,0.011740041928721174
211413,23492,2,1970,0.011740041928721174
154740,56208,2,1970,0.011740041928721174
67056,56196,2,1970,0.011740041928721174
154551,21632,2,1970,0.011740041928721174
205947,296994,2,1970,0.011740041928721174
205947,21632,2,1970,0.011740041928721174
67056,21632,2,1970,0.011740041928721174
192714,56188,2,1970,0.011740041928721174
192714,56194,2,1970,0.011740041928721174
157080,21632,2,1970,0.011740041928721174
192714,23492,2,1970,0.011740041928721174
207216,23492,2,1970,0.011740041928721174
249159,21632,2,1970,0.011740041928721174
192714,21632,2,1970,0.011740041928721174
212475,296994,2,1970,0.011740041928721174
211413,56182,2,1970,0.011740041928721174
205947,56196,2,1970,0.011740041928721174
212475,56194,2,1970,0.011740041928721174
205947,23492,2,1970,0.011740041928721174
67056,56188,2,1970,0.011740041928721174
212475,56188,2,1970,0.011740041928721174
183672,296994,2,1970,0.011740041928721174
192714,56182,2,1970,0.011740041928721174
192714,296994,2,1970,0.011740041928721174
183672,56182,2,1970,0.011740041928721174
157080,23492,2,1970,0.011740041928721174
207216,56196,2,1970,0.011740041928721174
154740,56188,2,1970,0.011740041928721174
157080,56196,2,1970,0.011740041928721174
154740,56194,2,1970,0.011740041928721174
183672,21632,2,1970,0.011740041928721174
67056,56194,2,1970,0.011740041928721174
154740,296994,2,1970,0.011740041928721174
67056,56148,2,1970,0.011740041928721174
154740,56182,2,1970,0.011740041928721174
249159,23492,2,1970,0.011740041928721174
67056,296994,2,1970,0.011740041928721174
67056,56182,2,1970,0.011740041928721174
219420,21632,2,1970,0.011740041928721174
225012,297016,2,1970,0.011740041928721174
248724,56196,2,1970,0.011740041928721174
205947,56208,2,1970,0.011740041928721174
191247,56196,2,1970,0.011740041928721174
154011,21632,2,1970,0.011740041928721174
207216,56194,2,1970,0.011740041928721174
183672,56188,2,1970,0.011740041928721174
154011,23492,2,1970,0.011740041928721174
154011,56196,2,1970,0.011740041928721174
191247,297016,2,1970,0.011740041928721174
225972,56208,2,1970,0.011740041928721174
225012,56194,2,1970,0.011740041928721174
191247,56148,2,1970,0.011740041928721174
203256,56182,2,1970,0.011740041928721174
153600,297016,2,1970,0.011740041928721174
207216,296994,2,1970,0.011740041928721174
191247,56208,2,1970,0.011740041928721174
225012,296994,2,1970,0.011740041928721174
207216,56182,2,1970,0.011740041928721174
154011,297016,2,1970,0.011740041928721174
225972,56148,2,1970,0.011740041928721174
153600,56148,2,1970,0.011740041928721174
154011,56148,2,1970,0.011740041928721174
225972,297016,2,1970,0.011740041928721174
203256,296994,2,1970,0.011740041928721174
154011,56208,2,1970,0.011740041928721174
203256,56194,2,1970,0.011740041928721174
211413,56188,2,1970,0.011740041928721174
203256,56188,2,1970,0.011740041928721174
154551,56148,2,1970,0.011740041928721174
214194,297016,2,1970,0.011740041928721174
205947,56194,2,1970,0.011740041928721174
225012,56188,2,1970,0.011740041928721174
203256,21632,2,1970,0.011740041928721174
191247,23492,2,1970,0.011740041928721174
207216,56188,2,1970,0.011740041928721174
154011,56194,2,1970,0.011740041928721174
255489,23492,2,1970,0.011740041928721174
203256,56208,2,1970,0.011740041928721174
153600,21632,2,1970,0.011740041928721174
203256,56148,2,1970,0.011740041928721174
154011,56188,2,1970,0.011740041928721174
255489,21632,2,1970,0.011740041928721174
191247,56188,2,1970,0.011740041928721174
154011,296994,2,1970,0.011740041928721174
183672,56194,2,1970,0.011740041928721174
191247,56194,2,1970,0.011740041928721174
207216,56208,2,1970,0.011740041928721174
154551,23492,2,1970,0.011740041928721174
154011,56182,2,1970,0.011740041928721174
255489,56188,2,1970,0.011740041928721174
191247,296994,2,1970,0.011740041928721174
255489,56182,2,1970,0.011740041928721174
191247,56182,2,1970,0.011740041928721174
153600,23492,2,1970,0.011740041928721174
255489,296994,2,1970,0.011740041928721174
204411,56208,2,1970,0.011740041928721174
203256,56196,2,1970,0.011740041928721174
154551,297016,2,1970,0.011740041928721174
203256,23492,2,1970,0.011740041928721174
191247,21632,2,1970,0.011740041928721174
255489,56194,2,1970,0.011740041928721174
153600,56196,2,1970,0.011740041928721174
205947,56188,2,1970,0.011740041928721174
242409,56188,2,1970,0.011740041928721174
153600,56208,2,1970,0.011740041928721174
204411,56148,2,1970,0.011740041928721174
205947,297016,2,1970,0.011740041928721174
210810,56182,2,1970,0.011740041928721174
225972,56194,2,1970,0.011740041928721174
235458,23492,2,1970,0.011740041928721174
235458,56196,2,1970,0.011740041928721174
210810,21632,2,1970,0.011740041928721174
183672,56148,2,1970,0.011740041928721174
210810,23492,2,1970,0.011740041928721174
67056,56208,2,1970,0.011740041928721174
183672,56208,2,1970,0.011740041928721174
225972,296994,2,1970,0.011740041928721174
154146,56196,2,1970,0.011740041928721174
242409,21632,2,1970,0.011740041928721174
210810,56196,2,1970,0.011740041928721174
235458,297016,2,1970,0.011740041928721174
210810,296994,2,1970,0.011740041928721174
225012,56196,2,1970,0.011740041928721174
219420,56188,2,1970,0.011740041928721174
225972,56188,2,1970,0.011740041928721174
154146,23492,2,1970,0.011740041928721174
204411,23492,2,1970,0.011740041928721174
248724,21632,2,1970,0.011740041928721174
219420,56194,2,1970,0.011740041928721174
183672,297016,2,1970,0.011740041928721174
219420,296994,2,1970,0.011740041928721174
214194,56208,2,1970,0.011740041928721174
210810,56194,2,1970,0.011740041928721174
210810,56188,2,1970,0.011740041928721174
219420,56182,2,1970,0.011740041928721174
211413,296994,2,1970,0.011740041928721174
248724,23492,2,1970,0.011740041928721174
214194,56148,2,1970,0.011740041928721174
235458,56148,2,1970,0.011740041928721174
249159,297016,2,1970,0.011740041928721174
210810,297016,2,1970,0.011740041928721174
248724,56194,2,1970,0.011740041928721174
154146,56208,2,1970,0.011740041928721174
207216,21632,2,1970,0.011740041928721174
204411,297016,2,1970,0.011740041928721174
242409,56194,2,1970,0.011740041928721174
225972,56196,2,1970,0.011740041928721174
205947,56148,2,1970,0.011740041928721174
211413,56194,2,1970,0.011740041928721174
225012,56182,2,1970,0.011740041928721174
242409,296994,2,1970,0.011740041928721174
242409,56182,2,1970,0.011740041928721174
225972,23492,2,1970,0.011740041928721174
248724,56188,2,1970,0.011740041928721174
154146,56148,2,1970,0.011740041928721174
225012,21632,2,1970,0.011740041928721174
225972,56182,2,1970,0.011740041928721174
225972,21632,2,1970,0.011740041928721174
248724,296994,2,1970,0.011740041928721174
235458,56208,2,1970,0.011740041928721174
154146,297016,2,1970,0.011740041928721174
210810,56148,2,1970,0.011740041928721174
204411,56196,2,1970,0.011740041928721174
210810,56208,2,1970,0.011740041928721174
248724,56182,2,1970,0.011740041928721174
225012,23492,2,1970,0.011740041928721174
211542,56208,2,1970,0.010666666666666666
159027,23492,2,1970,0.010666666666666666
159027,56148,2,1970,0.010666666666666666
159027,297016,2,1970,0.010666666666666666
238377,21632,2,1970,0.010666666666666666
211542,56148,2,1970,0.010666666666666666
159027,56208,2,1970,0.010666666666666666
159027,56196,2,1970,0.010666666666666666
212505,56182,2,1970,0.010666666666666666
238377,56182,2,1970,0.010666666666666666
211989,56148,2,1970,0.010666666666666666
211989,296994,2,1970,0.010666666666666666
211989,21632,2,1970,0.010666666666666666
211989,56194,2,1970,0.010666666666666666
211989,56188,2,1970,0.010666666666666666
203322,56208,2,1970,0.010666666666666666
211989,23492,2,1970,0.010666666666666666
211989,56196,2,1970,0.010666666666666666
203322,56148,2,1970,0.010666666666666666
203322,297016,2,1970,0.010666666666666666
203322,56196,2,1970,0.010666666666666666
203322,23492,2,1970,0.010666666666666666
211989,297016,2,1970,0.010666666666666666
203322,21632,2,1970,0.010666666666666666
159027,21632,2,1970,0.010666666666666666
211989,56208,2,1970,0.010666666666666666
203322,56182,2,1970,0.010666666666666666
203322,296994,2,1970,0.010666666666666666
203322,56194,2,1970,0.010666666666666666
203322,56188,2,1970,0.010666666666666666
159027,56188,2,1970,0.010666666666666666
159027,56194,2,1970,0.010666666666666666
159027,296994,2,1970,0.010666666666666666
159027,56182,2,1970,0.010666666666666666
238377,56188,2,1970,0.010666666666666666
238377,56194,2,1970,0.010666666666666666
238377,296994,2,1970,0.010666666666666666
211542,297016,2,1970,0.010666666666666666
211989,56182,2,1970,0.010666666666666666
203889,56188,2,1970,0.010666666666666666
203889,56208,2,1970,0.010666666666666666
203058,23492,2,1970,0.010666666666666666
203889,297016,2,1970,0.010666666666666666
229521,56194,2,1970,0.010666666666666666
203889,56148,2,1970,0.010666666666666666
203889,56182,2,1970,0.010666666666666666
203058,21632,2,1970,0.010666666666666666
229521,23492,2,1970,0.010666666666666666
203058,56188,2,1970,0.010666666666666666
203058,56182,2,1970,0.010666666666666666
203058,296994,2,1970,0.010666666666666666
203889,296994,2,1970,0.010666666666666666
212505,23492,2,1970,0.010666666666666666
59703,21632,2,1970,0.010666666666666666
212505,21632,2,1970,0.010666666666666666
203058,56196,2,1970,0.010666666666666666
203889,56196,2,1970,0.010666666666666666
203058,297016,2,1970,0.010666666666666666
212505,56196,2,1970,0.010666666666666666
59703,56182,2,1970,0.010666666666666666
203058,56148,2,1970,0.010666666666666666
203058,56208,2,1970,0.010666666666666666
203889,23492,2,1970,0.010666666666666666
59703,296994,2,1970,0.010666666666666666
59703,56188,2,1970,0.010666666666666666
203889,21632,2,1970,0.010666666666666666
212505,297016,2,1970,0.010666666666666666
212505,56148,2,1970,0.010666666666666666
229521,56208,2,1970,0.010666666666666666
229521,56188,2,1970,0.010666666666666666
59703,56194,2,1970,0.010666666666666666
212505,56208,2,1970,0.010666666666666666
229521,56148,2,1970,0.010666666666666666
203058,56194,2,1970,0.010666666666666666
211542,56182,2,1970,0.010666666666666666
229521,21632,2,1970,0.010666666666666666
211542,23492,2,1970,0.010666666666666666
203889,56194,2,1970,0.010666666666666666
229521,56182,2,1970,0.010666666666666666
212505,296994,2,1970,0.010666666666666666
238377,23492,2,1970,0.010666666666666666
59703,297016,2,1970,0.010666666666666666
211542,21632,2,1970,0.010666666666666666
229521,56196,2,1970,0.010666666666666666
212505,56188,2,1970,0.010666666666666666
59703,56196,2,1970,0.010666666666666666
238377,297016,2,1970,0.010666666666666666
211542,56196,2,1970,0.010666666666666666
59703,56148,2,1970,0.010666666666666666
212505,56194,2,1970,0.010666666666666666
238377,56148,2,1970,0.010666666666666666
211542,296994,2,1970,0.010666666666666666
211542,56194,2,1970,0.010666666666666666
229521,296994,2,1970,0.010666666666666666
211542,56188,2,1970,0.010666666666666666
59703,23492,2,1970,0.010666666666666666
238377,56208,2,1970,0.010666666666666666
59703,56208,2,1970,0.010666666666666666
229521,297016,2,1970,0.010666666666666666
238377,56196,2,1970,0.010666666666666666
63690,55294,2,1970,0.010309278350515464
206442,55294,2,1970,0.010309278350515464
235932,55294,2,1970,0.010309278350515464
222225,55294,2,1970,0.010309278350515464
235932,13362,2,1970,0.010256410256410256
63690,22644,2,1970,0.010256410256410256
235932,22644,2,1970,0.010256410256410256
222225,13362,2,1970,0.010256410256410256
63690,13362,2,1970,0.010256410256410256
206442,13362,2,1970,0.010256410256410256
206442,22644,2,1970,0.010256410256410256
222225,22644,2,1970,0.010256410256410256
222225,56892,2,1970,0.010101010101010102
63690,56892,2,1970,0.010101010101010102
235932,56892,2,1970,0.010101010101010102
206442,56892,2,1970,0.010101010101010102
227664,297128,2,1970,0.009966777408637873
60762,56220,2,1970,0.009966777408637873
227664,296906,2,1970,0.009966777408637873
227664,56152,2,1970,0.009966777408637873
60762,56152,2,1970,0.009966777408637873
60762,296906,2,1970,0.009966777408637873
60762,56242,2,1970,0.009966777408637873
60762,297128,2,1970,0.009966777408637873
227664,56220,2,1970,0.009966777408637873
191256,56242,2,1970,0.009966777408637873
173667,56152,2,1970,0.009966777408637873
208092,297128,2,1970,0.009966777408637873
208092,56242,2,1970,0.009966777408637873
199044,296906,2,1970,0.009966777408637873
199044,297128,2,1970,0.009966777408637873
208092,56152,2,1970,0.009966777408637873
154698,56220,2,1970,0.009966777408637873
208092,296906,2,1970,0.009966777408637873
191256,56220,2,1970,0.009966777408637873
154698,56152,2,1970,0.009966777408637873
199044,56220,2,1970,0.009966777408637873
199044,56242,2,1970,0.009966777408637873
173667,56242,2,1970,0.009966777408637873
173667,297128,2,1970,0.009966777408637873
154698,56242,2,1970,0.009966777408637873
154698,297128,2,1970,0.009966777408637873
173667,296906,2,1970,0.009966777408637873
199044,56152,2,1970,0.009966777408637873
173667,56220,2,1970,0.009966777408637873
251391,297128,2,1970,0.009966777408637873
251391,56242,2,1970,0.009966777408637873
227664,56242,2,1970,0.009966777408637873
191256,56152,2,1970,0.009966777408637873
208092,56220,2,1970,0.009966777408637873
191256,296906,2,1970,0.009966777408637873
191256,297128,2,1970,0.009966777408637873
154698,296906,2,1970,0.009966777408637873
251391,296906,2,1970,0.009966777408637873
251391,56152,2,1970,0.009966777408637873
251391,56220,2,1970,0.009966777408637873
154551,53256,2,1970,0.009504132231404958
179790,53256,2,1970,0.009504132231404958
244680,53256,2,1970,0.009504132231404958
67056,53256,2,1970,0.009504132231404958
157080,53256,2,1970,0.009504132231404958
207216,53256,2,1970,0.009504132231404958
204411,53256,2,1970,0.009504132231404958
204522,53256,2,1970,0.009504132231404958
219381,53256,2,1970,0.009504132231404958
251253,53256,2,1970,0.009504132231404958
225972,53256,2,1970,0.009504132231404958
154743,53256,2,1970,0.009504132231404958
210627,53256,2,1970,0.009504132231404958
153912,53256,2,1970,0.009504132231404958
153744,53256,2,1970,0.009504132231404958
205947,53256,2,1970,0.009504132231404958
248724,53256,2,1970,0.009504132231404958
225012,53256,2,1970,0.009504132231404958
62811,53256,2,1970,0.009504132231404958
192714,53256,2,1970,0.009504132231404958
214194,53256,2,1970,0.009504132231404958
154383,53256,2,1970,0.009504132231404958
206076,53256,2,1970,0.009504132231404958
247029,53256,2,1970,0.009504132231404958
247956,53256,2,1970,0.009504132231404958
203256,53256,2,1970,0.009504132231404958
173940,53256,2,1970,0.009504132231404958
154011,53256,2,1970,0.009504132231404958
211413,53256,2,1970,0.009504132231404958
154146,53256,2,1970,0.009504132231404958
188106,53256,2,1970,0.009504132231404958
247548,53256,2,1970,0.009504132231404958
191247,53256,2,1970,0.009504132231404958
183672,53256,2,1970,0.009504132231404958
153882,53256,2,1970,0.009504132231404958
153600,53256,2,1970,0.009504132231404958
72108,53256,2,1970,0.009504132231404958
235458,53256,2,1970,0.009504132231404958
242409,53256,2,1970,0.009504132231404958
154740,53256,2,1970,0.009504132231404958
239115,53256,2,1970,0.009504132231404958
210810,53256,2,1970,0.009504132231404958
203277,53256,2,1970,0.009504132231404958
129264,53256,2,1970,0.009504132231404958
246054,53256,2,1970,0.009504132231404958
254118,53256,2,1970,0.009504132231404958
253053,53256,2,1970,0.009504132231404958
249159,53256,2,1970,0.009504132231404958
233427,53256,2,1970,0.009504132231404958
219420,53256,2,1970,0.009504132231404958
205812,53256,2,1970,0.009504132231404958
212475,53256,2,1970,0.009504132231404958
204762,53256,2,1970,0.009504132231404958
253146,53256,2,1970,0.009504132231404958
204057,53256,2,1970,0.009504132231404958
203241,53256,2,1970,0.009504132231404958
206616,53256,2,1970,0.009504132231404958
162960,53256,2,1970,0.009504132231404958
255489,53256,2,1970,0.009504132231404958
199044,53256,2,1970,0.008849557522123894
173667,53256,2,1970,0.008849557522123894
211989,1260,2,1970,0.008333333333333333
203322,1260,2,1970,0.008333333333333333
203889,1260,2,1970,0.008333333333333333
212505,34718,2,1970,0.008333333333333333
212505,1260,2,1970,0.008333333333333333
211542,1260,2,1970,0.008333333333333333
59703,1260,2,1970,0.008333333333333333
159027,34718,2,1970,0.008333333333333333
229521,34718,2,1970,0.008333333333333333
211542,34718,2,1970,0.008333333333333333
159027,1260,2,1970,0.008333333333333333
203889,34718,2,1970,0.008333333333333333
203322,34718,2,1970,0.008333333333333333
203058,1260,2,1970,0.008333333333333333
229521,1260,2,1970,0.008333333333333333
238377,34718,2,1970,0.008333333333333333
238377,1260,2,1970,0.008333333333333333
211989,34718,2,1970,0.008333333333333333
203058,34718,2,1970,0.008333333333333333
59703,34718,2,1970,0.008333333333333333
229521,296906,2,1970,0.008264462809917356
238377,296906,2,1970,0.008264462809917356
211542,296906,2,1970,0.008264462809917356
159027,296906,2,1970,0.008264462809917356
211989,296906,2,1970,0.008264462809917356
203889,296906,2,1970,0.008264462809917356
203058,296906,2,1970,0.008264462809917356
212505,296906,2,1970,0.008264462809917356
203322,296906,2,1970,0.008264462809917356
59703,296906,2,1970,0.008264462809917356
60762,33288,2,1970,0.007874015748031496
191256,33288,2,1970,0.007874015748031496
251391,33288,2,1970,0.007874015748031496
208092,33288,2,1970,0.007874015748031496
227664,33288,2,1970,0.007874015748031496
154698,33288,2,1970,0.007874015748031496
178230,23492,2,1970,0.007142857142857143
157767,23492,2,1970,0.007142857142857143
213102,40902,2,1970,0.007142857142857143
213102,23492,2,1970,0.007142857142857143
209637,40902,2,1970,0.007142857142857143
157767,40902,2,1970,0.007142857142857143
209637,23492,2,1970,0.007142857142857143
157767,296994,2,1970,0.007142857142857143
209637,296994,2,1970,0.007142857142857143
178230,40902,2,1970,0.007142857142857143
209637,297782,2,1970,0.007142857142857143
178230,297782,2,1970,0.007142857142857143
157767,297782,2,1970,0.007142857142857143
178230,296994,2,1970,0.007142857142857143
213102,297782,2,1970,0.007142857142857143
205191,40902,2,1970,0.007142857142857143
205191,23492,2,1970,0.007142857142857143
213102,296994,2,1970,0.007142857142857143
205191,296994,2,1970,0.007142857142857143
205191,297782,2,1970,0.007142857142857143
211542,53256,2,1970,0.0055248618784530384
159027,53256,2,1970,0.0055248618784530384
238377,53256,2,1970,0.0055248618784530384
203322,53256,2,1970,0.0055248618784530384
59703,53256,2,1970,0.0055248618784530384
203889,53256,2,1970,0.0055248618784530384
211989,53256,2,1970,0.0055248618784530384
212505,53256,2,1970,0.0055248618784530384
229521,53256,2,1970,0.0055248618784530384
203058,53256,2,1970,0.0055248618784530384
204411,1260,2,1970,0.004968944099378882
157080,1260,2,1970,0.004968944099378882
153912,1260,2,1970,0.004968944099378882
219420,34718,2,1970,0.004968944099378882
173940,34718,2,1970,0.004968944099378882
154743,34718,2,1970,0.004968944099378882
206616,1260,2,1970,0.004968944099378882
233427,1260,2,1970,0.004968944099378882
204057,34718,2,1970,0.004968944099378882
205812,1260,2,1970,0.004968944099378882
153744,34718,2,1970,0.004968944099378882
247029,1260,2,1970,0.004968944099378882
204057,1260,2,1970,0.004968944099378882
249159,1260,2,1970,0.004968944099378882
214194,1260,2,1970,0.004968944099378882
212475,1260,2,1970,0.004968944099378882
153912,34718,2,1970,0.004968944099378882
129264,34718,2,1970,0.004968944099378882
212475,34718,2,1970,0.004968944099378882
173940,1260,2,1970,0.004968944099378882
206076,1260,2,1970,0.004968944099378882
248724,34718,2,1970,0.004968944099378882
225012,34718,2,1970,0.004968944099378882
153882,34718,2,1970,0.004968944099378882
203256,1260,2,1970,0.004968944099378882
191247,34718,2,1970,0.004968944099378882
225012,1260,2,1970,0.004968944099378882
188106,34718,2,1970,0.004968944099378882
225972,34718,2,1970,0.004968944099378882
162960,1260,2,1970,0.004968944099378882
154743,1260,2,1970,0.004968944099378882
219381,1260,2,1970,0.004968944099378882
153882,1260,2,1970,0.004968944099378882
255489,1260,2,1970,0.004968944099378882
162960,34718,2,1970,0.004968944099378882
191247,1260,2,1970,0.004968944099378882
179790,34718,2,1970,0.004968944099378882
255489,34718,2,1970,0.004968944099378882
204411,34718,2,1970,0.004968944099378882
153600,1260,2,1970,0.004968944099378882
179790,1260,2,1970,0.004968944099378882
153600,34718,2,1970,0.004968944099378882
247029,34718,2,1970,0.004968944099378882
254118,34718,2,1970,0.004968944099378882
205812,34718,2,1970,0.004968944099378882
235458,1260,2,1970,0.004968944099378882
203277,1260,2,1970,0.004968944099378882
233427,34718,2,1970,0.004968944099378882
129264,1260,2,1970,0.004968944099378882
214194,34718,2,1970,0.004968944099378882
219420,1260,2,1970,0.004968944099378882
210810,1260,2,1970,0.004968944099378882
254118,1260,2,1970,0.004968944099378882
225972,1260,2,1970,0.004968944099378882
153744,1260,2,1970,0.004968944099378882
210810,34718,2,1970,0.004968944099378882
248724,1260,2,1970,0.004968944099378882
235458,34718,2,1970,0.004968944099378882
219381,34718,2,1970,0.004968944099378882
188106,1260,2,1970,0.004968944099378882
203277,34718,2,1970,0.004968944099378882
246054,1260,2,1970,0.004968944099378882
211413,1260,2,1970,0.004968944099378882
203256,34718,2,1970,0.004968944099378882
253146,34718,2,1970,0.004968944099378882
154551,34718,2,1970,0.004968944099378882
154146,34718,2,1970,0.004968944099378882
62811,1260,2,1970,0.004968944099378882
251253,1260,2,1970,0.004968944099378882
249159,34718,2,1970,0.004968944099378882
203241,1260,2,1970,0.004968944099378882
244680,1260,2,1970,0.004968944099378882
239115,34718,2,1970,0.004968944099378882
244680,34718,2,1970,0.004968944099378882
247548,1260,2,1970,0.004968944099378882
67056,34718,2,1970,0.004968944099378882
253053,34718,2,1970,0.004968944099378882
246054,34718,2,1970,0.004968944099378882
204762,34718,2,1970,0.004968944099378882
204522,1260,2,1970,0.004968944099378882
242409,1260,2,1970,0.004968944099378882
239115,1260,2,1970,0.004968944099378882
154383,1260,2,1970,0.004968944099378882
247956,34718,2,1970,0.004968944099378882
207216,34718,2,1970,0.004968944099378882
72108,1260,2,1970,0.004968944099378882
183672,1260,2,1970,0.004968944099378882
206076,34718,2,1970,0.004968944099378882
205947,1260,2,1970,0.004968944099378882
62811,34718,2,1970,0.004968944099378882
183672,34718,2,1970,0.004968944099378882
205947,34718,2,1970,0.004968944099378882
192714,34718,2,1970,0.004968944099378882
242409,34718,2,1970,0.004968944099378882
154551,1260,2,1970,0.004968944099378882
154011,1260,2,1970,0.004968944099378882
253053,1260,2,1970,0.004968944099378882
204522,34718,2,1970,0.004968944099378882
154740,1260,2,1970,0.004968944099378882
203241,34718,2,1970,0.004968944099378882
72108,34718,2,1970,0.004968944099378882
67056,1260,2,1970,0.004968944099378882
207216,1260,2,1970,0.004968944099378882
251253,34718,2,1970,0.004968944099378882
192714,1260,2,1970,0.004968944099378882
206616,34718,2,1970,0.004968944099378882
204762,1260,2,1970,0.004968944099378882
210627,34718,2,1970,0.004968944099378882
154383,34718,2,1970,0.004968944099378882
247548,34718,2,1970,0.004968944099378882
253146,1260,2,1970,0.004968944099378882
210627,1260,2,1970,0.004968944099378882
157080,34718,2,1970,0.004968944099378882
211413,34718,2,1970,0.004968944099378882
247956,1260,2,1970,0.004968944099378882
154011,34718,2,1970,0.004968944099378882
154146,1260,2,1970,0.004968944099378882
154740,34718,2,1970,0.004968944099378882
203889,22644,2,1970,0.004219409282700422
238377,22644,2,1970,0.004219409282700422
203322,22644,2,1970,0.004219409282700422
229521,22644,2,1970,0.004219409282700422
229521,13362,2,1970,0.004219409282700422
59703,22644,2,1970,0.004219409282700422
203058,22644,2,1970,0.004219409282700422
159027,13362,2,1970,0.004219409282700422
238377,13362,2,1970,0.004219409282700422
211989,13362,2,1970,0.004219409282700422
211989,22644,2,1970,0.004219409282700422
203058,13362,2,1970,0.004219409282700422
211542,22644,2,1970,0.004219409282700422
59703,13362,2,1970,0.004219409282700422
159027,22644,2,1970,0.004219409282700422
212505,22644,2,1970,0.004219409282700422
212505,13362,2,1970,0.004219409282700422
203322,13362,2,1970,0.004219409282700422
211542,13362,2,1970,0.004219409282700422
203889,13362,2,1970,0.004219409282700422
222225,48182,2,1970,0.0034129692832764505
222225,56220,2,1970,0.0034129692832764505
222225,56152,2,1970,0.0034129692832764505
222225,297128,2,1970,0.0034129692832764505
222225,56242,2,1970,0.0034129692832764505
222225,46630,2,1970,0.0034129692832764505
63690,48182,2,1970,0.0034129692832764505
206442,297128,2,1970,0.0034129692832764505
235932,46630,2,1970,0.0034129692832764505
63690,56220,2,1970,0.0034129692832764505
235932,56242,2,1970,0.0034129692832764505
63690,56242,2,1970,0.0034129692832764505
206442,56242,2,1970,0.0034129692832764505
206442,56152,2,1970,0.0034129692832764505
206442,46630,2,1970,0.0034129692832764505
206442,48182,2,1970,0.0034129692832764505
63690,297128,2,1970,0.0034129692832764505
235932,56220,2,1970,0.0034129692832764505
235932,48182,2,1970,0.0034129692832764505
206442,56220,2,1970,0.0034129692832764505
235932,297128,2,1970,0.0034129692832764505
63690,56152,2,1970,0.0034129692832764505
63690,46630,2,1970,0.0034129692832764505
235932,56152,2,1970,0.0034129692832764505
210627,13362,2,1970,0.0025188916876574307
153600,13362,2,1970,0.0025188916876574307
62811,22644,2,1970,0.0025188916876574307
207216,22644,2,1970,0.0025188916876574307
249159,13362,2,1970,0.0025188916876574307
244680,22644,2,1970,0.0025188916876574307
162960,13362,2,1970,0.0025188916876574307
203256,13362,2,1970,0.0025188916876574307
212475,22644,2,1970,0.0025188916876574307
173940,13362,2,1970,0.0025188916876574307
157080,13362,2,1970,0.0025188916876574307
204411,22644,2,1970,0.0025188916876574307
153600,22644,2,1970,0.0025188916876574307
212475,13362,2,1970,0.0025188916876574307
210627,22644,2,1970,0.0025188916876574307
233427,22644,2,1970,0.0025188916876574307
154743,22644,2,1970,0.0025188916876574307
249159,22644,2,1970,0.0025188916876574307
225012,13362,2,1970,0.0025188916876574307
173940,22644,2,1970,0.0025188916876574307
179790,13362,2,1970,0.0025188916876574307
244680,13362,2,1970,0.0025188916876574307
254118,13362,2,1970,0.0025188916876574307
205947,13362,2,1970,0.0025188916876574307
207216,13362,2,1970,0.0025188916876574307
154743,13362,2,1970,0.0025188916876574307
253053,22644,2,1970,0.0025188916876574307
183672,13362,2,1970,0.0025188916876574307
203256,22644,2,1970,0.0025188916876574307
254118,22644,2,1970,0.0025188916876574307
179790,22644,2,1970,0.0025188916876574307
253146,22644,2,1970,0.0025188916876574307
129264,22644,2,1970,0.0025188916876574307
253146,13362,2,1970,0.0025188916876574307
204411,13362,2,1970,0.0025188916876574307
62811,13362,2,1970,0.0025188916876574307
235458,13362,2,1970,0.0025188916876574307
129264,13362,2,1970,0.0025188916876574307
235458,22644,2,1970,0.0025188916876574307
205947,22644,2,1970,0.0025188916876574307
183672,22644,2,1970,0.0025188916876574307
246054,22644,2,1970,0.0025188916876574307
157080,22644,2,1970,0.0025188916876574307
162960,22644,2,1970,0.0025188916876574307
233427,13362,2,1970,0.0025188916876574307
253053,13362,2,1970,0.0025188916876574307
246054,13362,2,1970,0.0025188916876574307
225012,22644,2,1970,0.0025188916876574307
154011,13362,2,1970,0.0025188916876574307
239115,13362,2,1970,0.0025188916876574307
255489,13362,2,1970,0.0025188916876574307
206076,22644,2,1970,0.0025188916876574307
247029,22644,2,1970,0.0025188916876574307
67056,22644,2,1970,0.0025188916876574307
191247,22644,2,1970,0.0025188916876574307
206616,13362,2,1970,0.0025188916876574307
210810,22644,2,1970,0.0025188916876574307
214194,22644,2,1970,0.0025188916876574307
154146,13362,2,1970,0.0025188916876574307
247548,22644,2,1970,0.0025188916876574307
242409,13362,2,1970,0.0025188916876574307
188106,22644,2,1970,0.0025188916876574307
211413,22644,2,1970,0.0025188916876574307
72108,22644,2,1970,0.0025188916876574307
153744,13362,2,1970,0.0025188916876574307
247956,22644,2,1970,0.0025188916876574307
219420,22644,2,1970,0.0025188916876574307
154551,22644,2,1970,0.0025188916876574307
188106,13362,2,1970,0.0025188916876574307
153882,22644,2,1970,0.0025188916876574307
192714,22644,2,1970,0.0025188916876574307
153912,22644,2,1970,0.0025188916876574307
251253,13362,2,1970,0.0025188916876574307
154146,22644,2,1970,0.0025188916876574307
210810,13362,2,1970,0.0025188916876574307
247548,13362,2,1970,0.0025188916876574307
153882,13362,2,1970,0.0025188916876574307
154551,13362,2,1970,0.0025188916876574307
206076,13362,2,1970,0.0025188916876574307
204762,22644,2,1970,0.0025188916876574307
192714,13362,2,1970,0.0025188916876574307
251253,22644,2,1970,0.0025188916876574307
67056,13362,2,1970,0.0025188916876574307
153912,13362,2,1970,0.0025188916876574307
214194,13362,2,1970,0.0025188916876574307
247029,13362,2,1970,0.0025188916876574307
219381,13362,2,1970,0.0025188916876574307
203277,22644,2,1970,0.0025188916876574307
242409,22644,2,1970,0.0025188916876574307
205812,22644,2,1970,0.0025188916876574307
154011,22644,2,1970,0.0025188916876574307
225972,13362,2,1970,0.0025188916876574307
72108,13362,2,1970,0.0025188916876574307
154740,22644,2,1970,0.0025188916876574307
247956,13362,2,1970,0.0025188916876574307
248724,22644,2,1970,0.0025188916876574307
205812,13362,2,1970,0.0025188916876574307
204057,22644,2,1970,0.0025188916876574307
204762,13362,2,1970,0.0025188916876574307
203241,13362,2,1970,0.0025188916876574307
191247,13362,2,1970,0.0025188916876574307
154383,13362,2,1970,0.0025188916876574307
219381,22644,2,1970,0.0025188916876574307
219420,13362,2,1970,0.0025188916876574307
204522,13362,2,1970,0.0025188916876574307
204057,13362,2,1970,0.0025188916876574307
154740,13362,2,1970,0.0025188916876574307
204522,22644,2,1970,0.0025188916876574307
203241,22644,2,1970,0.0025188916876574307
239115,22644,2,1970,0.0025188916876574307
206616,22644,2,1970,0.0025188916876574307
211413,13362,2,1970,0.0025188916876574307
225972,22644,2,1970,0.0025188916876574307
255489,22644,2,1970,0.0025188916876574307
153744,22644,2,1970,0.0025188916876574307
248724,13362,2,1970,0.0025188916876574307
203277,13362,2,1970,0.0025188916876574307
154383,22644,2,1970,0.0025188916876574307
203256,46630,2,1970,0.0007296607077708865
203256,56220,2,1970,0.0007296607077708865
203889,46630,2,1970,0.0007296607077708865
191247,297128,2,1970,0.0007296607077708865
203889,56152,2,1970,0.0007296607077708865
203889,56242,2,1970,0.0007296607077708865
203256,48182,2,1970,0.0007296607077708865
191247,56242,2,1970,0.0007296607077708865
203889,297128,2,1970,0.0007296607077708865
59703,56242,2,1970,0.0007296607077708865
203889,48182,2,1970,0.0007296607077708865
219420,297128,2,1970,0.0007296607077708865
249159,48182,2,1970,0.0007296607077708865
212475,56152,2,1970,0.0007296607077708865
203058,56242,2,1970,0.0007296607077708865
212475,297128,2,1970,0.0007296607077708865
204057,56220,2,1970,0.0007296607077708865
212475,56242,2,1970,0.0007296607077708865
204057,48182,2,1970,0.0007296607077708865
249159,56220,2,1970,0.0007296607077708865
204057,46630,2,1970,0.0007296607077708865
204057,56152,2,1970,0.0007296607077708865
204057,297128,2,1970,0.0007296607077708865
204057,56242,2,1970,0.0007296607077708865
219420,56242,2,1970,0.0007296607077708865
235458,56220,2,1970,0.0007296607077708865
235458,48182,2,1970,0.0007296607077708865
203889,56220,2,1970,0.0007296607077708865
219420,56152,2,1970,0.0007296607077708865
235458,46630,2,1970,0.0007296607077708865
235458,56152,2,1970,0.0007296607077708865
219420,46630,2,1970,0.0007296607077708865
219420,48182,2,1970,0.0007296607077708865
210810,56220,2,1970,0.0007296607077708865
153600,56242,2,1970,0.0007296607077708865
235458,297128,2,1970,0.0007296607077708865
210810,48182,2,1970,0.0007296607077708865
210810,46630,2,1970,0.0007296607077708865
235458,56242,2,1970,0.0007296607077708865
210810,56152,2,1970,0.0007296607077708865
210810,297128,2,1970,0.0007296607077708865
210810,56242,2,1970,0.0007296607077708865
219420,56220,2,1970,0.0007296607077708865
255489,56152,2,1970,0.0007296607077708865
203256,56152,2,1970,0.0007296607077708865
229521,48182,2,1970,0.0007296607077708865
203277,56152,2,1970,0.0007296607077708865
203277,297128,2,1970,0.0007296607077708865
203277,56242,2,1970,0.0007296607077708865
229521,56220,2,1970,0.0007296607077708865
254118,56242,2,1970,0.0007296607077708865
254118,297128,2,1970,0.0007296607077708865
229521,46630,2,1970,0.0007296607077708865
203277,46630,2,1970,0.0007296607077708865
254118,56152,2,1970,0.0007296607077708865
254118,46630,2,1970,0.0007296607077708865
229521,56152,2,1970,0.0007296607077708865
254118,48182,2,1970,0.0007296607077708865
188106,56220,2,1970,0.0007296607077708865
188106,48182,2,1970,0.0007296607077708865
129264,56220,2,1970,0.0007296607077708865
203277,48182,2,1970,0.0007296607077708865
255489,56220,2,1970,0.0007296607077708865
205812,56242,2,1970,0.0007296607077708865
173940,56220,2,1970,0.0007296607077708865
205812,46630,2,1970,0.0007296607077708865
233427,46630,2,1970,0.0007296607077708865
233427,56152,2,1970,0.0007296607077708865
205812,56152,2,1970,0.0007296607077708865
205812,297128,2,1970,0.0007296607077708865
233427,297128,2,1970,0.0007296607077708865
129264,48182,2,1970,0.0007296607077708865
233427,56242,2,1970,0.0007296607077708865
129264,56242,2,1970,0.0007296607077708865
129264,297128,2,1970,0.0007296607077708865
129264,56152,2,1970,0.0007296607077708865
203277,56220,2,1970,0.0007296607077708865
129264,46630,2,1970,0.0007296607077708865
254118,56220,2,1970,0.0007296607077708865
229521,297128,2,1970,0.0007296607077708865
188106,46630,2,1970,0.0007296607077708865
255489,46630,2,1970,0.0007296607077708865
255489,297128,2,1970,0.0007296607077708865
153600,48182,2,1970,0.0007296607077708865
153600,46630,2,1970,0.0007296607077708865
212475,46630,2,1970,0.0007296607077708865
153600,56152,2,1970,0.0007296607077708865
191247,56220,2,1970,0.0007296607077708865
255489,48182,2,1970,0.0007296607077708865
229521,56242,2,1970,0.0007296607077708865
203256,56242,2,1970,0.0007296607077708865
191247,48182,2,1970,0.0007296607077708865
191247,46630,2,1970,0.0007296607077708865
203256,297128,2,1970,0.0007296607077708865
153600,297128,2,1970,0.0007296607077708865
191247,56152,2,1970,0.0007296607077708865
255489,56242,2,1970,0.0007296607077708865
153600,56220,2,1970,0.0007296607077708865
153882,56220,2,1970,0.0007296607077708865
153882,48182,2,1970,0.0007296607077708865
162960,56242,2,1970,0.0007296607077708865
153882,46630,2,1970,0.0007296607077708865
162960,297128,2,1970,0.0007296607077708865
162960,56152,2,1970,0.0007296607077708865
162960,46630,2,1970,0.0007296607077708865
162960,48182,2,1970,0.0007296607077708865
153882,56152,2,1970,0.0007296607077708865
162960,56220,2,1970,0.0007296607077708865
153882,297128,2,1970,0.0007296607077708865
153882,56242,2,1970,0.0007296607077708865
59703,297128,2,1970,0.0007296607077708865
188106,297128,2,1970,0.0007296607077708865
188106,56152,2,1970,0.0007296607077708865
203058,297128,2,1970,0.0007296607077708865
211413,297128,2,1970,0.0007296607077708865
249159,46630,2,1970,0.0007296607077708865
67056,46630,2,1970,0.0007296607077708865
205947,56220,2,1970,0.0007296607077708865
154551,297128,2,1970,0.0007296607077708865
154551,56242,2,1970,0.0007296607077708865
67056,56242,2,1970,0.0007296607077708865
67056,297128,2,1970,0.0007296607077708865
67056,56152,2,1970,0.0007296607077708865
67056,48182,2,1970,0.0007296607077708865
154551,46630,2,1970,0.0007296607077708865
157080,56242,2,1970,0.0007296607077708865
157080,297128,2,1970,0.0007296607077708865
67056,56220,2,1970,0.0007296607077708865
157080,56152,2,1970,0.0007296607077708865
157080,46630,2,1970,0.0007296607077708865
157080,48182,2,1970,0.0007296607077708865
154551,56152,2,1970,0.0007296607077708865
154551,48182,2,1970,0.0007296607077708865
157080,56220,2,1970,0.0007296607077708865
192714,46630,2,1970,0.0007296607077708865
207216,56152,2,1970,0.0007296607077708865
192714,56242,2,1970,0.0007296607077708865
192714,297128,2,1970,0.0007296607077708865
205947,56242,2,1970,0.0007296607077708865
192714,56152,2,1970,0.0007296607077708865
205947,297128,2,1970,0.0007296607077708865
207216,297128,2,1970,0.0007296607077708865
205947,48182,2,1970,0.0007296607077708865
192714,48182,2,1970,0.0007296607077708865
192714,56220,2,1970,0.0007296607077708865
205947,56152,2,1970,0.0007296607077708865
207216,56242,2,1970,0.0007296607077708865
205947,46630,2,1970,0.0007296607077708865
154551,56220,2,1970,0.0007296607077708865
214194,56220,2,1970,0.0007296607077708865
204411,56220,2,1970,0.0007296607077708865
212475,48182,2,1970,0.0007296607077708865
225972,297128,2,1970,0.0007296607077708865
225012,56152,2,1970,0.0007296607077708865
204411,56242,2,1970,0.0007296607077708865
225972,56152,2,1970,0.0007296607077708865
225012,46630,2,1970,0.0007296607077708865
248724,56220,2,1970,0.0007296607077708865
225012,48182,2,1970,0.0007296607077708865
225972,56242,2,1970,0.0007296607077708865
225972,48182,2,1970,0.0007296607077708865
212505,56242,2,1970,0.0007296607077708865
212505,297128,2,1970,0.0007296607077708865
225012,56220,2,1970,0.0007296607077708865
212505,56152,2,1970,0.0007296607077708865
212505,56220,2,1970,0.0007296607077708865
212505,46630,2,1970,0.0007296607077708865
225972,46630,2,1970,0.0007296607077708865
248724,48182,2,1970,0.0007296607077708865
214194,48182,2,1970,0.0007296607077708865
248724,56242,2,1970,0.0007296607077708865
214194,46630,2,1970,0.0007296607077708865
214194,56152,2,1970,0.0007296607077708865
204411,48182,2,1970,0.0007296607077708865
204411,46630,2,1970,0.0007296607077708865
214194,297128,2,1970,0.0007296607077708865
214194,56242,2,1970,0.0007296607077708865
248724,297128,2,1970,0.0007296607077708865
204411,297128,2,1970,0.0007296607077708865
204411,56152,2,1970,0.0007296607077708865
248724,56152,2,1970,0.0007296607077708865
225012,56242,2,1970,0.0007296607077708865
225972,56220,2,1970,0.0007296607077708865
225012,297128,2,1970,0.0007296607077708865
248724,46630,2,1970,0.0007296607077708865
203322,56220,2,1970,0.0007296607077708865
203322,48182,2,1970,0.0007296607077708865
203322,46630,2,1970,0.0007296607077708865
159027,56242,2,1970,0.0007296607077708865
238377,56242,2,1970,0.0007296607077708865
211413,48182,2,1970,0.0007296607077708865
211413,56220,2,1970,0.0007296607077708865
238377,297128,2,1970,0.0007296607077708865
183672,56220,2,1970,0.0007296607077708865
238377,56152,2,1970,0.0007296607077708865
238377,46630,2,1970,0.0007296607077708865
211413,56152,2,1970,0.0007296607077708865
159027,297128,2,1970,0.0007296607077708865
238377,48182,2,1970,0.0007296607077708865
159027,56152,2,1970,0.0007296607077708865
183672,48182,2,1970,0.0007296607077708865
183672,46630,2,1970,0.0007296607077708865
159027,46630,2,1970,0.0007296607077708865
211413,46630,2,1970,0.0007296607077708865
233427,48182,2,1970,0.0007296607077708865
207216,46630,2,1970,0.0007296607077708865
203058,56220,2,1970,0.0007296607077708865
203058,56152,2,1970,0.0007296607077708865
249159,56152,2,1970,0.0007296607077708865
203058,46630,2,1970,0.0007296607077708865
203058,48182,2,1970,0.0007296607077708865
212475,56220,2,1970,0.0007296607077708865
154740,56220,2,1970,0.0007296607077708865
154740,48182,2,1970,0.0007296607077708865
211413,56242,2,1970,0.0007296607077708865
154740,46630,2,1970,0.0007296607077708865
249159,297128,2,1970,0.0007296607077708865
154740,56152,2,1970,0.0007296607077708865
249159,56242,2,1970,0.0007296607077708865
154740,297128,2,1970,0.0007296607077708865
154740,56242,2,1970,0.0007296607077708865
238377,56220,2,1970,0.0007296607077708865
159027,48182,2,1970,0.0007296607077708865
183672,56152,2,1970,0.0007296607077708865
211989,56152,2,1970,0.0007296607077708865
154011,46630,2,1970,0.0007296607077708865
154011,48182,2,1970,0.0007296607077708865
211989,56220,2,1970,0.0007296607077708865
211989,48182,2,1970,0.0007296607077708865
154011,56220,2,1970,0.0007296607077708865
211989,46630,2,1970,0.0007296607077708865
207216,56220,2,1970,0.0007296607077708865
159027,56220,2,1970,0.0007296607077708865
211989,297128,2,1970,0.0007296607077708865
211989,56242,2,1970,0.0007296607077708865
203322,56242,2,1970,0.0007296607077708865
203322,297128,2,1970,0.0007296607077708865
203322,56152,2,1970,0.0007296607077708865
207216,48182,2,1970,0.0007296607077708865
154011,56152,2,1970,0.0007296607077708865
154011,297128,2,1970,0.0007296607077708865
154011,56242,2,1970,0.0007296607077708865
242409,56220,2,1970,0.0007296607077708865
242409,48182,2,1970,0.0007296607077708865
242409,46630,2,1970,0.0007296607077708865
154146,56242,2,1970,0.0007296607077708865
242409,56152,2,1970,0.0007296607077708865
154146,297128,2,1970,0.0007296607077708865
154146,56152,2,1970,0.0007296607077708865
154146,46630,2,1970,0.0007296607077708865
183672,56242,2,1970,0.0007296607077708865
183672,297128,2,1970,0.0007296607077708865
242409,297128,2,1970,0.0007296607077708865
154146,48182,2,1970,0.0007296607077708865
242409,56242,2,1970,0.0007296607077708865
154146,56220,2,1970,0.0007296607077708865
205812,48182,2,1970,0.0007296607077708865
188106,56242,2,1970,0.0007296607077708865
203241,48182,2,1970,0.0007296607077708865
253053,46630,2,1970,0.0007296607077708865
247956,48182,2,1970,0.0007296607077708865
239115,56152,2,1970,0.0007296607077708865
253146,56152,2,1970,0.0007296607077708865
153912,56220,2,1970,0.0007296607077708865
244680,48182,2,1970,0.0007296607077708865
204522,56242,2,1970,0.0007296607077708865
62811,56220,2,1970,0.0007296607077708865
204522,297128,2,1970,0.0007296607077708865
247956,46630,2,1970,0.0007296607077708865
211542,56220,2,1970,0.0007296607077708865
239115,48182,2,1970,0.0007296607077708865
247548,297128,2,1970,0.0007296607077708865
204522,56152,2,1970,0.0007296607077708865
211542,48182,2,1970,0.0007296607077708865
154383,297128,2,1970,0.0007296607077708865
253053,56152,2,1970,0.0007296607077708865
244680,46630,2,1970,0.0007296607077708865
211542,46630,2,1970,0.0007296607077708865
253146,46630,2,1970,0.0007296607077708865
246054,48182,2,1970,0.0007296607077708865
239115,46630,2,1970,0.0007296607077708865
154383,56242,2,1970,0.0007296607077708865
153912,56242,2,1970,0.0007296607077708865
246054,56220,2,1970,0.0007296607077708865
251253,56152,2,1970,0.0007296607077708865
206076,297128,2,1970,0.0007296607077708865
203241,56220,2,1970,0.0007296607077708865
253146,56242,2,1970,0.0007296607077708865
251253,46630,2,1970,0.0007296607077708865
206076,56242,2,1970,0.0007296607077708865
153912,56152,2,1970,0.0007296607077708865
206616,297128,2,1970,0.0007296607077708865
253053,56220,2,1970,0.0007296607077708865
239115,56220,2,1970,0.0007296607077708865
247956,56220,2,1970,0.0007296607077708865
206616,56242,2,1970,0.0007296607077708865
244680,56220,2,1970,0.0007296607077708865
251253,48182,2,1970,0.0007296607077708865
253146,297128,2,1970,0.0007296607077708865
153912,46630,2,1970,0.0007296607077708865
251253,56220,2,1970,0.0007296607077708865
153912,48182,2,1970,0.0007296607077708865
253053,48182,2,1970,0.0007296607077708865
247548,56242,2,1970,0.0007296607077708865
204522,46630,2,1970,0.0007296607077708865
62811,48182,2,1970,0.0007296607077708865
210627,46630,2,1970,0.0007296607077708865
72108,297128,2,1970,0.0007296607077708865
246054,56242,2,1970,0.0007296607077708865
246054,297128,2,1970,0.0007296607077708865
204762,56152,2,1970,0.0007296607077708865
244680,56152,2,1970,0.0007296607077708865
204762,46630,2,1970,0.0007296607077708865
244680,56242,2,1970,0.0007296607077708865
62811,297128,2,1970,0.0007296607077708865
204762,48182,2,1970,0.0007296607077708865
154383,56152,2,1970,0.0007296607077708865
204762,56220,2,1970,0.0007296607077708865
62811,46630,2,1970,0.0007296607077708865
72108,56242,2,1970,0.0007296607077708865
253146,56220,2,1970,0.0007296607077708865
247956,56152,2,1970,0.0007296607077708865
154383,48182,2,1970,0.0007296607077708865
244680,297128,2,1970,0.0007296607077708865
239115,56242,2,1970,0.0007296607077708865
246054,56152,2,1970,0.0007296607077708865
154383,46630,2,1970,0.0007296607077708865
239115,297128,2,1970,0.0007296607077708865
72108,56152,2,1970,0.0007296607077708865
154383,56220,2,1970,0.0007296607077708865
247956,297128,2,1970,0.0007296607077708865
204762,297128,2,1970,0.0007296607077708865
211542,56152,2,1970,0.0007296607077708865
204522,48182,2,1970,0.0007296607077708865
246054,46630,2,1970,0.0007296607077708865
247548,56152,2,1970,0.0007296607077708865
211542,297128,2,1970,0.0007296607077708865
253146,48182,2,1970,0.0007296607077708865
247548,46630,2,1970,0.0007296607077708865
62811,56152,2,1970,0.0007296607077708865
211542,56242,2,1970,0.0007296607077708865
253053,297128,2,1970,0.0007296607077708865
247548,48182,2,1970,0.0007296607077708865
247548,56220,2,1970,0.0007296607077708865
253053,56242,2,1970,0.0007296607077708865
204522,56220,2,1970,0.0007296607077708865
72108,56220,2,1970,0.0007296607077708865
72108,48182,2,1970,0.0007296607077708865
204762,56242,2,1970,0.0007296607077708865
72108,46630,2,1970,0.0007296607077708865
247956,56242,2,1970,0.0007296607077708865
153912,297128,2,1970,0.0007296607077708865
62811,56242,2,1970,0.0007296607077708865
153744,48182,2,1970,0.0007296607077708865
247029,56152,2,1970,0.0007296607077708865
179790,56152,2,1970,0.0007296607077708865
153744,56152,2,1970,0.0007296607077708865
173940,56152,2,1970,0.0007296607077708865
154743,297128,2,1970,0.0007296607077708865
203241,297128,2,1970,0.0007296607077708865
233427,56220,2,1970,0.0007296607077708865
59703,48182,2,1970,0.0007296607077708865
212505,48182,2,1970,0.0007296607077708865
154743,56242,2,1970,0.0007296607077708865
173940,56242,2,1970,0.0007296607077708865
210627,56242,2,1970,0.0007296607077708865
153744,297128,2,1970,0.0007296607077708865
219381,46630,2,1970,0.0007296607077708865
203241,56152,2,1970,0.0007296607077708865
210627,297128,2,1970,0.0007296607077708865
153744,46630,2,1970,0.0007296607077708865
219381,56152,2,1970,0.0007296607077708865
203241,56242,2,1970,0.0007296607077708865
247029,297128,2,1970,0.0007296607077708865
173940,297128,2,1970,0.0007296607077708865
153744,56220,2,1970,0.0007296607077708865
247029,56242,2,1970,0.0007296607077708865
179790,46630,2,1970,0.0007296607077708865
179790,56220,2,1970,0.0007296607077708865
154743,48182,2,1970,0.0007296607077708865
154743,46630,2,1970,0.0007296607077708865
59703,56220,2,1970,0.0007296607077708865
219381,56242,2,1970,0.0007296607077708865
154743,56152,2,1970,0.0007296607077708865
179790,48182,2,1970,0.0007296607077708865
210627,56220,2,1970,0.0007296607077708865
59703,46630,2,1970,0.0007296607077708865
203241,46630,2,1970,0.0007296607077708865
210627,56152,2,1970,0.0007296607077708865
59703,56152,2,1970,0.0007296607077708865
251253,297128,2,1970,0.0007296607077708865
210627,48182,2,1970,0.0007296607077708865
251253,56242,2,1970,0.0007296607077708865
206076,56152,2,1970,0.0007296607077708865
179790,56242,2,1970,0.0007296607077708865
173940,48182,2,1970,0.0007296607077708865
206616,56152,2,1970,0.0007296607077708865
154743,56220,2,1970,0.0007296607077708865
219381,56220,2,1970,0.0007296607077708865
206076,46630,2,1970,0.0007296607077708865
206076,48182,2,1970,0.0007296607077708865
205812,56220,2,1970,0.0007296607077708865
247029,48182,2,1970,0.0007296607077708865
247029,56220,2,1970,0.0007296607077708865
219381,297128,2,1970,0.0007296607077708865
173940,46630,2,1970,0.0007296607077708865
179790,297128,2,1970,0.0007296607077708865
206616,56220,2,1970,0.0007296607077708865
247029,46630,2,1970,0.0007296607077708865
206616,46630,2,1970,0.0007296607077708865
206616,48182,2,1970,0.0007296607077708865
206076,56220,2,1970,0.0007296607077708865
153744,56242,2,1970,0.0007296607077708865
219381,48182,2,1970,0.0007296607077708865
249486,23492,2,1970,0.0
249486,296906,2,1970,0.0
60762,34718,2,1970,0.0
210627,297782,2,1970,0.0
178230,56220,2,1970,0.0
178230,56152,2,1970,0.0
154383,297782,2,1970,0.0
154011,297782,2,1970,0.0
211413,40902,2,1970,0.0
247956,297782,2,1970,0.0
249486,40902,2,1970,0.0
154011,40902,2,1970,0.0
154740,40902,2,1970,0.0
235932,40902,2,1970,0.0
222225,40902,2,1970,0.0
242409,40902,2,1970,0.0
251391,34718,2,1970,0.0
238377,297782,2,1970,0.0
154146,297782,2,1970,0.0
249486,56188,2,1970,0.0
159027,40902,2,1970,0.0
249486,22644,2,1970,0.0
206076,297782,2,1970,0.0
183672,297782,2,1970,0.0
154146,40902,2,1970,0.0
183672,40902,2,1970,0.0
159027,297782,2,1970,0.0
178230,296906,2,1970,0.0
235932,297782,2,1970,0.0
251253,297782,2,1970,0.0
60762,1260,2,1970,0.0
206076,40902,2,1970,0.0
249486,56220,2,1970,0.0
209637,56220,2,1970,0.0
249486,56152,2,1970,0.0
244680,297782,2,1970,0.0
211413,297782,2,1970,0.0
222225,297782,2,1970,0.0
154383,40902,2,1970,0.0
249486,297782,2,1970,0.0
251391,1260,2,1970,0.0
251253,40902,2,1970,0.0
210627,40902,2,1970,0.0
249486,56182,2,1970,0.0
209637,56152,2,1970,0.0
249486,296994,2,1970,0.0
249486,1260,2,1970,0.0
238377,40902,2,1970,0.0
242409,297782,2,1970,0.0
209637,56242,2,1970,0.0
209637,297128,2,1970,0.0
209637,296906,2,1970,0.0
227664,34718,2,1970,0.0
192714,40902,2,1970,0.0
178230,297128,2,1970,0.0
199044,56188,2,1970,0.0
153744,40902,2,1970,0.0
199044,296994,2,1970,0.0
199044,56182,2,1970,0.0
247029,297782,2,1970,0.0
199044,297782,2,1970,0.0
208575,56208,2,1970,0.0
199044,23492,2,1970,0.0
154698,34718,2,1970,0.0
199044,40902,2,1970,0.0
157080,297782,2,1970,0.0
199044,56196,2,1970,0.0
208575,56148,2,1970,0.0
199044,56148,2,1970,0.0
199044,56208,2,1970,0.0
208575,56242,2,1970,0.0
217848,56220,2,1970,0.0
208575,56196,2,1970,0.0
157080,40902,2,1970,0.0
217848,296994,2,1970,0.0
208575,297128,2,1970,0.0
208575,40902,2,1970,0.0
199044,56194,2,1970,0.0
199044,22644,2,1970,0.0
208575,296906,2,1970,0.0
214194,297782,2,1970,0.0
59703,40902,2,1970,0.0
212505,297782,2,1970,0.0
212505,40902,2,1970,0.0
179790,40902,2,1970,0.0
59703,297782,2,1970,0.0
225972,40902,2,1970,0.0
219381,297782,2,1970,0.0
225012,297782,2,1970,0.0
179790,297782,2,1970,0.0
225972,297782,2,1970,0.0
219381,40902,2,1970,0.0
225012,40902,2,1970,0.0
154743,297782,2,1970,0.0
204411,40902,2,1970,0.0
248724,297782,2,1970,0.0
248724,40902,2,1970,0.0
247029,40902,2,1970,0.0
204411,297782,2,1970,0.0
153744,297782,2,1970,0.0
214194,40902,2,1970,0.0
154743,40902,2,1970,0.0
208575,23492,2,1970,0.0
208575,56152,2,1970,0.0
178230,56242,2,1970,0.0
217848,297128,2,1970,0.0
217848,56242,2,1970,0.0
205947,297782,2,1970,0.0
204522,40902,2,1970,0.0
208092,34718,2,1970,0.0
204522,297782,2,1970,0.0
205947,40902,2,1970,0.0
192714,297782,2,1970,0.0
207216,40902,2,1970,0.0
211542,297782,2,1970,0.0
208092,1260,2,1970,0.0
211542,40902,2,1970,0.0
62811,297782,2,1970,0.0
207216,297782,2,1970,0.0
203322,297782,2,1970,0.0
203322,40902,2,1970,0.0
62811,40902,2,1970,0.0
211989,40902,2,1970,0.0
247956,40902,2,1970,0.0
211989,297782,2,1970,0.0
227664,1260,2,1970,0.0
244680,40902,2,1970,0.0
157767,56242,2,1970,0.0
217848,40902,2,1970,0.0
153912,40902,2,1970,0.0
157767,297128,2,1970,0.0
208575,297782,2,1970,0.0
67056,297782,2,1970,0.0
63690,40902,2,1970,0.0
208575,56182,2,1970,0.0
217848,297782,2,1970,0.0
208575,296994,2,1970,0.0
154698,1260,2,1970,0.0
67056,40902,2,1970,0.0
208575,56194,2,1970,0.0
208575,56220,2,1970,0.0
208575,56188,2,1970,0.0
217848,56152,2,1970,0.0
157767,56220,2,1970,0.0
217848,296906,2,1970,0.0
153912,297782,2,1970,0.0
154551,40902,2,1970,0.0
157767,56152,2,1970,0.0
157767,296906,2,1970,0.0
217848,23492,2,1970,0.0
154551,297782,2,1970,0.0
63690,297782,2,1970,0.0
154740,297782,2,1970,0.0
154713,56182,2,1970,0.0
249159,40902,2,1970,0.0
229521,297782,2,1970,0.0
231057,296906,2,1970,0.0
208518,56220,2,1970,0.0
208518,56194,2,1970,0.0
208518,296994,2,1970,0.0
231057,23492,2,1970,0.0
208518,56182,2,1970,0.0
208518,48182,2,1970,0.0
231057,40902,2,1970,0.0
231057,297128,2,1970,0.0
208518,46630,2,1970,0.0
173667,23492,2,1970,0.0
254118,297782,2,1970,0.0
173667,40902,2,1970,0.0
208518,297782,2,1970,0.0
243546,297782,2,1970,0.0
208518,21632,2,1970,0.0
173667,56196,2,1970,0.0
208518,56152,2,1970,0.0
206616,297782,2,1970,0.0
208518,296906,2,1970,0.0
254118,40902,2,1970,0.0
231057,56242,2,1970,0.0
208518,13362,2,1970,0.0
208518,23492,2,1970,0.0
208518,40902,2,1970,0.0
208518,297128,2,1970,0.0
208518,56196,2,1970,0.0
208518,56242,2,1970,0.0
231057,56152,2,1970,0.0
208518,56188,2,1970,0.0
229521,40902,2,1970,0.0
206616,40902,2,1970,0.0
243546,56152,2,1970,0.0
243546,296906,2,1970,0.0
162960,40902,2,1970,0.0
153882,297782,2,1970,0.0
167364,296994,2,1970,0.0
167364,56194,2,1970,0.0
243546,23492,2,1970,0.0
243546,40902,2,1970,0.0
243546,297128,2,1970,0.0
167364,56220,2,1970,0.0
173667,56188,2,1970,0.0
167364,56188,2,1970,0.0
243546,56242,2,1970,0.0
162960,297782,2,1970,0.0
206442,297782,2,1970,0.0
173667,56194,2,1970,0.0
167364,22644,2,1970,0.0
153882,40902,2,1970,0.0
231057,56220,2,1970,0.0
173667,296994,2,1970,0.0
231057,296994,2,1970,0.0
231057,297782,2,1970,0.0
188106,40902,2,1970,0.0
188106,297782,2,1970,0.0
173667,56182,2,1970,0.0
173667,297782,2,1970,0.0
208518,22644,2,1970,0.0
208518,297016,2,1970,0.0
208518,56148,2,1970,0.0
173667,56148,2,1970,0.0
154713,40902,2,1970,0.0
236973,56152,2,1970,0.0
236973,296906,2,1970,0.0
129264,40902,2,1970,0.0
154713,13362,2,1970,0.0
236973,13362,2,1970,0.0
236973,23492,2,1970,0.0
236973,40902,2,1970,0.0
154713,296906,2,1970,0.0
236973,297128,2,1970,0.0
236973,56196,2,1970,0.0
236973,56242,2,1970,0.0
236973,297016,2,1970,0.0
154713,56152,2,1970,0.0
236973,56148,2,1970,0.0
233427,40902,2,1970,0.0
236973,56208,2,1970,0.0
173940,297782,2,1970,0.0
205812,40902,2,1970,0.0
236973,53256,2,1970,0.0
154713,22644,2,1970,0.0
154713,297782,2,1970,0.0
154713,56188,2,1970,0.0
205812,297782,2,1970,0.0
233427,297782,2,1970,0.0
154713,46630,2,1970,0.0
154713,48182,2,1970,0.0
154713,56220,2,1970,0.0
236973,21632,2,1970,0.0
236973,297782,2,1970,0.0
203277,40902,2,1970,0.0
236973,46630,2,1970,0.0
208518,56208,2,1970,0.0
207339,56242,2,1970,0.0
207339,297128,2,1970,0.0
208518,53256,2,1970,0.0
173667,56208,2,1970,0.0
207339,40902,2,1970,0.0
207339,23492,2,1970,0.0
236973,22644,2,1970,0.0
207339,296906,2,1970,0.0
207339,56152,2,1970,0.0
207339,297782,2,1970,0.0
203277,297782,2,1970,0.0
154713,56208,2,1970,0.0
154713,56148,2,1970,0.0
236973,56188,2,1970,0.0
236973,56220,2,1970,0.0
207339,296994,2,1970,0.0
207339,56220,2,1970,0.0
154713,56242,2,1970,0.0
236973,56194,2,1970,0.0
236973,296994,2,1970,0.0
236973,56182,2,1970,0.0
173940,40902,2,1970,0.0
129264,297782,2,1970,0.0
154713,56196,2,1970,0.0
236973,48182,2,1970,0.0
154713,297128,2,1970,0.0
253053,297782,2,1970,0.0
173667,22644,2,1970,0.0
249486,297128,2,1970,0.0
213102,296906,2,1970,0.0
206364,297128,2,1970,0.0
204057,297782,2,1970,0.0
249486,56208,2,1970,0.0
249486,34718,2,1970,0.0
220047,296994,2,1970,0.0
204057,40902,2,1970,0.0
213102,56242,2,1970,0.0
213102,297128,2,1970,0.0
249486,53256,2,1970,0.0
220047,56220,2,1970,0.0
206364,56242,2,1970,0.0
242442,56220,2,1970,0.0
242442,296994,2,1970,0.0
242442,297782,2,1970,0.0
167364,56182,2,1970,0.0
213102,56152,2,1970,0.0
242442,56152,2,1970,0.0
206364,34718,2,1970,0.0
242442,296906,2,1970,0.0
242442,23492,2,1970,0.0
219420,40902,2,1970,0.0
213102,56220,2,1970,0.0
242442,40902,2,1970,0.0
242442,297128,2,1970,0.0
191256,34718,2,1970,0.0
205191,56242,2,1970,0.0
235458,297782,2,1970,0.0
242442,56242,2,1970,0.0
220047,297782,2,1970,0.0
206364,40902,2,1970,0.0
206364,23492,2,1970,0.0
206364,1440,2,1970,0.0
206364,22644,2,1970,0.0
249486,56196,2,1970,0.0
206364,56220,2,1970,0.0
206364,1260,2,1970,0.0
206364,296994,2,1970,0.0
203241,40902,2,1970,0.0
220047,53256,2,1970,0.0
203058,297782,2,1970,0.0
249486,56242,2,1970,0.0
203058,40902,2,1970,0.0
249159,297782,2,1970,0.0
206364,55294,2,1970,0.0
206364,297782,2,1970,0.0
212475,297782,2,1970,0.0
206364,56152,2,1970,0.0
249486,56892,2,1970,0.0
206364,296906,2,1970,0.0
203241,297782,2,1970,0.0
220047,56242,2,1970,0.0
249486,56148,2,1970,0.0
220047,297128,2,1970,0.0
220047,40902,2,1970,0.0
220047,23492,2,1970,0.0
212475,40902,2,1970,0.0
154713,56194,2,1970,0.0
220047,296906,2,1970,0.0
220047,56152,2,1970,0.0
219420,297782,2,1970,0.0
253146,40902,2,1970,0.0
205191,297128,2,1970,0.0
246054,40902,2,1970,0.0
191247,40902,2,1970,0.0
191247,297782,2,1970,0.0
203256,40902,2,1970,0.0
204762,40902,2,1970,0.0
153600,40902,2,1970,0.0
72108,297782,2,1970,0.0
255489,297782,2,1970,0.0
167364,53256,2,1970,0.0
153600,297782,2,1970,0.0
253053,40902,2,1970,0.0
167364,56208,2,1970,0.0
255489,40902,2,1970,0.0
247548,297782,2,1970,0.0
167364,56148,2,1970,0.0
167364,56892,2,1970,0.0
167364,56242,2,1970,0.0
206442,40902,2,1970,0.0
167364,56196,2,1970,0.0
167364,297128,2,1970,0.0
243546,56220,2,1970,0.0
167364,40902,2,1970,0.0
167364,23492,2,1970,0.0
243546,296994,2,1970,0.0
247548,40902,2,1970,0.0
167364,296906,2,1970,0.0
167364,56152,2,1970,0.0
167364,297782,2,1970,0.0
204762,297782,2,1970,0.0
203256,297782,2,1970,0.0
239115,297782,2,1970,0.0
72108,40902,2,1970,0.0
235458,40902,2,1970,0.0
205191,296906,2,1970,0.0
205191,56152,2,1970,0.0
253146,297782,2,1970,0.0
210810,297782,2,1970,0.0
211965,56208,2,1970,0.0
211965,56148,2,1970,0.0
210810,40902,2,1970,0.0
239115,40902,2,1970,0.0
211965,56242,2,1970,0.0
211965,56196,2,1970,0.0
211965,297128,2,1970,0.0
191256,1260,2,1970,0.0
211965,40902,2,1970,0.0
211965,23492,2,1970,0.0
211965,296906,2,1970,0.0
211965,56152,2,1970,0.0
211965,297782,2,1970,0.0
246054,297782,2,1970,0.0
211965,56182,2,1970,0.0
211965,296994,2,1970,0.0
211965,56194,2,1970,0.0
211965,56220,2,1970,0.0
211965,56188,2,1970,0.0
203889,297782,2,1970,0.0
205191,56220,2,1970,0.0
203889,40902,2,1970,0.0
249486,56194,2,1970,0.0
