customer_id,product_id,Semana,Año,probabilidad_compra
154713,59822,2,1970,1.0
154713,28528,2,1970,1.0
249486,59822,2,1970,1.0
211965,59822,2,1970,0.9545454545454546
208575,59822,2,1970,0.9545454545454546
199044,59822,2,1970,0.9036144578313253
173667,59822,2,1970,0.9036144578313253
154713,1440,2,1970,0.8888888888888888
212505,59822,2,1970,0.8832684824902723
203889,59822,2,1970,0.8832684824902723
159027,59822,2,1970,0.8832684824902723
203058,59822,2,1970,0.8832684824902723
59703,59822,2,1970,0.8832684824902723
238377,59822,2,1970,0.8832684824902723
211542,59822,2,1970,0.8832684824902723
229521,59822,2,1970,0.8832684824902723
211989,59822,2,1970,0.8832684824902723
203322,59822,2,1970,0.8832684824902723
217848,59822,2,1970,0.8656716417910447
242442,59822,2,1970,0.8656716417910447
243546,59822,2,1970,0.8656716417910447
231057,59822,2,1970,0.8656716417910447
207339,59822,2,1970,0.8656716417910447
63690,59822,2,1970,0.8195121951219512
206442,59822,2,1970,0.8195121951219512
222225,59822,2,1970,0.8195121951219512
235932,59822,2,1970,0.8195121951219512
154713,296994,2,1970,0.8148148148148148
154713,23492,2,1970,0.8148148148148148
154713,21632,2,1970,0.8148148148148148
249486,30500,2,1970,0.8125
208518,59822,2,1970,0.8076923076923077
236973,59822,2,1970,0.8076923076923077
178230,59822,2,1970,0.8032786885245902
157767,59822,2,1970,0.8032786885245902
213102,59822,2,1970,0.8032786885245902
205191,59822,2,1970,0.8032786885245902
209637,59822,2,1970,0.8032786885245902
248724,59822,2,1970,0.7891923990498813
207216,59822,2,1970,0.7891923990498813
206076,59822,2,1970,0.7891923990498813
129264,59822,2,1970,0.7891923990498813
246054,59822,2,1970,0.7891923990498813
67056,59822,2,1970,0.7891923990498813
251253,59822,2,1970,0.7891923990498813
157080,59822,2,1970,0.7891923990498813
154383,59822,2,1970,0.7891923990498813
153882,59822,2,1970,0.7891923990498813
204762,59822,2,1970,0.7891923990498813
225972,59822,2,1970,0.7891923990498813
191247,59822,2,1970,0.7891923990498813
206616,59822,2,1970,0.7891923990498813
254118,59822,2,1970,0.7891923990498813
192714,59822,2,1970,0.7891923990498813
235458,59822,2,1970,0.7891923990498813
153600,59822,2,1970,0.7891923990498813
203277,59822,2,1970,0.7891923990498813
204057,59822,2,1970,0.7891923990498813
212475,59822,2,1970,0.7891923990498813
154551,59822,2,1970,0.7891923990498813
162960,59822,2,1970,0.7891923990498813
153912,59822,2,1970,0.7891923990498813
203241,59822,2,1970,0.7891923990498813
154743,59822,2,1970,0.7891923990498813
233427,59822,2,1970,0.7891923990498813
242409,59822,2,1970,0.7891923990498813
62811,59822,2,1970,0.7891923990498813
244680,59822,2,1970,0.7891923990498813
214194,59822,2,1970,0.7891923990498813
247029,59822,2,1970,0.7891923990498813
205812,59822,2,1970,0.7891923990498813
154740,59822,2,1970,0.7891923990498813
249159,59822,2,1970,0.7891923990498813
154146,59822,2,1970,0.7891923990498813
247956,59822,2,1970,0.7891923990498813
205947,59822,2,1970,0.7891923990498813
173940,59822,2,1970,0.7891923990498813
188106,59822,2,1970,0.7891923990498813
154011,59822,2,1970,0.7891923990498813
204411,59822,2,1970,0.7891923990498813
219381,59822,2,1970,0.7891923990498813
183672,59822,2,1970,0.7891923990498813
179790,59822,2,1970,0.7891923990498813
204522,59822,2,1970,0.7891923990498813
225012,59822,2,1970,0.7891923990498813
153744,59822,2,1970,0.7891923990498813
247548,59822,2,1970,0.7891923990498813
211413,59822,2,1970,0.7891923990498813
255489,59822,2,1970,0.7891923990498813
239115,59822,2,1970,0.7891923990498813
72108,59822,2,1970,0.7891923990498813
203256,59822,2,1970,0.7891923990498813
210627,59822,2,1970,0.7891923990498813
210810,59822,2,1970,0.7891923990498813
219420,59822,2,1970,0.7891923990498813
253053,59822,2,1970,0.7891923990498813
253146,59822,2,1970,0.7891923990498813
213102,297244,2,1970,0.6711409395973155
209637,297244,2,1970,0.6711409395973155
178230,53068,2,1970,0.6711409395973155
178230,297244,2,1970,0.6711409395973155
209637,53068,2,1970,0.6711409395973155
213102,53068,2,1970,0.6711409395973155
157767,53068,2,1970,0.6711409395973155
157767,297244,2,1970,0.6711409395973155
205191,297244,2,1970,0.6711409395973155
205191,53068,2,1970,0.6711409395973155
199044,30500,2,1970,0.6695652173913044
220047,30500,2,1970,0.6695652173913044
173667,30500,2,1970,0.6695652173913044
154713,63728,2,1970,0.6666666666666666
243546,296930,2,1970,0.6666666666666666
249486,296930,2,1970,0.6666666666666666
154713,297818,2,1970,0.6666666666666666
231057,296930,2,1970,0.6666666666666666
207339,296930,2,1970,0.6666666666666666
217848,296930,2,1970,0.6666666666666666
242442,296930,2,1970,0.6666666666666666
243546,53068,2,1970,0.6617647058823529
217848,297244,2,1970,0.6617647058823529
243546,297244,2,1970,0.6617647058823529
207339,53068,2,1970,0.6617647058823529
207339,297244,2,1970,0.6617647058823529
242442,53068,2,1970,0.6617647058823529
217848,53068,2,1970,0.6617647058823529
231057,297244,2,1970,0.6617647058823529
242442,297244,2,1970,0.6617647058823529
231057,53068,2,1970,0.6617647058823529
173667,53068,2,1970,0.6585365853658537
173667,297244,2,1970,0.6585365853658537
199044,53068,2,1970,0.6585365853658537
199044,297244,2,1970,0.6585365853658537
205191,30500,2,1970,0.652317880794702
178230,30500,2,1970,0.652317880794702
209637,30500,2,1970,0.652317880794702
157767,30500,2,1970,0.652317880794702
213102,30500,2,1970,0.652317880794702
217848,30500,2,1970,0.6521739130434783
207339,30500,2,1970,0.6521739130434783
243546,30500,2,1970,0.6521739130434783
242442,30500,2,1970,0.6521739130434783
231057,30500,2,1970,0.6521739130434783
167364,30500,2,1970,0.6333333333333333
208575,30500,2,1970,0.625
211965,30500,2,1970,0.625
208092,28528,2,1970,0.6029411764705882
251391,28528,2,1970,0.6029411764705882
154698,28528,2,1970,0.6029411764705882
191256,28528,2,1970,0.6029411764705882
60762,28528,2,1970,0.6029411764705882
227664,28528,2,1970,0.6029411764705882
220047,28528,2,1970,0.6029411764705882
167364,59822,2,1970,0.59375
206364,59822,2,1970,0.5882352941176471
211989,30500,2,1970,0.5866141732283464
229521,30500,2,1970,0.5866141732283464
212505,30500,2,1970,0.5866141732283464
203322,30500,2,1970,0.5866141732283464
211542,30500,2,1970,0.5866141732283464
238377,30500,2,1970,0.5866141732283464
59703,30500,2,1970,0.5866141732283464
203889,30500,2,1970,0.5866141732283464
159027,30500,2,1970,0.5866141732283464
203058,30500,2,1970,0.5866141732283464
213102,63728,2,1970,0.5852631578947368
205191,297818,2,1970,0.5852631578947368
205191,63728,2,1970,0.5852631578947368
178230,297818,2,1970,0.5852631578947368
213102,297818,2,1970,0.5852631578947368
157767,63728,2,1970,0.5852631578947368
157767,297818,2,1970,0.5852631578947368
209637,63728,2,1970,0.5852631578947368
178230,63728,2,1970,0.5852631578947368
209637,297818,2,1970,0.5852631578947368
199044,296930,2,1970,0.5714285714285714
208575,1260,2,1970,0.5714285714285714
208575,34718,2,1970,0.5714285714285714
211965,34718,2,1970,0.5714285714285714
211965,1260,2,1970,0.5714285714285714
173667,296930,2,1970,0.5714285714285714
154713,30500,2,1970,0.5625
209637,1260,2,1970,0.5540540540540541
213102,1260,2,1970,0.5540540540540541
205191,1260,2,1970,0.5540540540540541
157767,34718,2,1970,0.5540540540540541
157767,1260,2,1970,0.5540540540540541
209637,34718,2,1970,0.5540540540540541
213102,34718,2,1970,0.5540540540540541
205191,34718,2,1970,0.5540540540540541
178230,34718,2,1970,0.5540540540540541
178230,1260,2,1970,0.5540540540540541
173667,297818,2,1970,0.553030303030303
173667,63728,2,1970,0.553030303030303
199044,297818,2,1970,0.553030303030303
199044,63728,2,1970,0.553030303030303
178230,28528,2,1970,0.5503355704697986
205191,28528,2,1970,0.5503355704697986
157767,28528,2,1970,0.5503355704697986
213102,28528,2,1970,0.5503355704697986
209637,28528,2,1970,0.5503355704697986
220047,55294,2,1970,0.5384615384615384
249486,26850,2,1970,0.5384615384615384
249486,296838,2,1970,0.5384615384615384
217848,63728,2,1970,0.5377358490566038
231057,63728,2,1970,0.5377358490566038
242442,63728,2,1970,0.5377358490566038
243546,297818,2,1970,0.5377358490566038
243546,63728,2,1970,0.5377358490566038
207339,297818,2,1970,0.5377358490566038
207339,63728,2,1970,0.5377358490566038
217848,297818,2,1970,0.5377358490566038
242442,297818,2,1970,0.5377358490566038
231057,297818,2,1970,0.5377358490566038
154713,1260,2,1970,0.5294117647058824
154713,53044,2,1970,0.5294117647058824
154713,297724,2,1970,0.5294117647058824
154713,23584,2,1970,0.5294117647058824
154713,53170,2,1970,0.5294117647058824
154713,33570,2,1970,0.5294117647058824
154713,296198,2,1970,0.5294117647058824
154713,34718,2,1970,0.5294117647058824
236973,53068,2,1970,0.52
208518,53068,2,1970,0.52
208518,297244,2,1970,0.52
236973,297244,2,1970,0.52
206442,296930,2,1970,0.5192307692307693
222225,296930,2,1970,0.5192307692307693
63690,296930,2,1970,0.5192307692307693
235932,296930,2,1970,0.5192307692307693
243546,34718,2,1970,0.5142857142857142
243546,28528,2,1970,0.5142857142857142
207339,28528,2,1970,0.5142857142857142
243546,1260,2,1970,0.5142857142857142
207339,1260,2,1970,0.5142857142857142
242442,28528,2,1970,0.5142857142857142
217848,28528,2,1970,0.5142857142857142
231057,28528,2,1970,0.5142857142857142
231057,1260,2,1970,0.5142857142857142
242442,1260,2,1970,0.5142857142857142
217848,34718,2,1970,0.5142857142857142
207339,34718,2,1970,0.5142857142857142
231057,34718,2,1970,0.5142857142857142
217848,1260,2,1970,0.5142857142857142
242442,34718,2,1970,0.5142857142857142
208575,26850,2,1970,0.5111111111111111
208575,296838,2,1970,0.5111111111111111
211965,296838,2,1970,0.5111111111111111
211965,26850,2,1970,0.5111111111111111
220047,297244,2,1970,0.5
208518,30500,2,1970,0.5
220047,53068,2,1970,0.5
154713,53068,2,1970,0.5
154713,297244,2,1970,0.5
236973,30500,2,1970,0.5
178230,296930,2,1970,0.4934210526315789
205191,296930,2,1970,0.4934210526315789
157767,296930,2,1970,0.4934210526315789
213102,296930,2,1970,0.4934210526315789
209637,296930,2,1970,0.4934210526315789
167364,297244,2,1970,0.4838709677419355
167364,53068,2,1970,0.4838709677419355
206442,30500,2,1970,0.48058252427184467
235932,30500,2,1970,0.48058252427184467
222225,30500,2,1970,0.48058252427184467
63690,30500,2,1970,0.48058252427184467
153882,63728,2,1970,0.47673054360578804
157080,63728,2,1970,0.47673054360578804
251253,63728,2,1970,0.47673054360578804
242409,63728,2,1970,0.47673054360578804
214194,63728,2,1970,0.47673054360578804
191247,63728,2,1970,0.47673054360578804
247548,297818,2,1970,0.47673054360578804
242409,297818,2,1970,0.47673054360578804
248724,63728,2,1970,0.47673054360578804
153912,297818,2,1970,0.47673054360578804
235458,297818,2,1970,0.47673054360578804
153912,63728,2,1970,0.47673054360578804
129264,297818,2,1970,0.47673054360578804
192714,63728,2,1970,0.47673054360578804
206076,297818,2,1970,0.47673054360578804
254118,63728,2,1970,0.47673054360578804
204057,297818,2,1970,0.47673054360578804
207216,63728,2,1970,0.47673054360578804
253146,63728,2,1970,0.47673054360578804
62811,297818,2,1970,0.47673054360578804
219381,63728,2,1970,0.47673054360578804
206076,63728,2,1970,0.47673054360578804
179790,297818,2,1970,0.47673054360578804
129264,63728,2,1970,0.47673054360578804
212475,63728,2,1970,0.47673054360578804
206616,297818,2,1970,0.47673054360578804
211413,297818,2,1970,0.47673054360578804
154551,297818,2,1970,0.47673054360578804
179790,63728,2,1970,0.47673054360578804
206616,63728,2,1970,0.47673054360578804
153600,63728,2,1970,0.47673054360578804
154740,63728,2,1970,0.47673054360578804
233427,297818,2,1970,0.47673054360578804
204057,63728,2,1970,0.47673054360578804
154383,297818,2,1970,0.47673054360578804
203256,63728,2,1970,0.47673054360578804
205812,63728,2,1970,0.47673054360578804
154743,297818,2,1970,0.47673054360578804
162960,297818,2,1970,0.47673054360578804
247029,297818,2,1970,0.47673054360578804
72108,63728,2,1970,0.47673054360578804
225972,297818,2,1970,0.47673054360578804
247029,63728,2,1970,0.47673054360578804
210810,63728,2,1970,0.47673054360578804
255489,63728,2,1970,0.47673054360578804
204411,297818,2,1970,0.47673054360578804
225012,63728,2,1970,0.47673054360578804
188106,63728,2,1970,0.47673054360578804
204411,63728,2,1970,0.47673054360578804
225012,297818,2,1970,0.47673054360578804
255489,297818,2,1970,0.47673054360578804
244680,297818,2,1970,0.47673054360578804
205812,297818,2,1970,0.47673054360578804
210627,63728,2,1970,0.47673054360578804
162960,63728,2,1970,0.47673054360578804
251253,297818,2,1970,0.47673054360578804
203241,297818,2,1970,0.47673054360578804
154551,63728,2,1970,0.47673054360578804
235458,63728,2,1970,0.47673054360578804
67056,63728,2,1970,0.47673054360578804
254118,297818,2,1970,0.47673054360578804
203241,63728,2,1970,0.47673054360578804
153600,297818,2,1970,0.47673054360578804
225972,63728,2,1970,0.47673054360578804
157080,297818,2,1970,0.47673054360578804
153882,297818,2,1970,0.47673054360578804
233427,63728,2,1970,0.47673054360578804
154743,63728,2,1970,0.47673054360578804
212475,297818,2,1970,0.47673054360578804
211413,63728,2,1970,0.47673054360578804
247548,63728,2,1970,0.47673054360578804
210627,297818,2,1970,0.47673054360578804
154383,63728,2,1970,0.47673054360578804
67056,297818,2,1970,0.47673054360578804
72108,297818,2,1970,0.47673054360578804
203256,297818,2,1970,0.47673054360578804
253146,297818,2,1970,0.47673054360578804
244680,63728,2,1970,0.47673054360578804
204522,63728,2,1970,0.47673054360578804
247956,63728,2,1970,0.47673054360578804
253053,63728,2,1970,0.47673054360578804
248724,297818,2,1970,0.47673054360578804
203277,63728,2,1970,0.47673054360578804
153744,63728,2,1970,0.47673054360578804
173940,63728,2,1970,0.47673054360578804
204762,63728,2,1970,0.47673054360578804
246054,63728,2,1970,0.47673054360578804
205947,297818,2,1970,0.47673054360578804
205947,63728,2,1970,0.47673054360578804
214194,297818,2,1970,0.47673054360578804
249159,297818,2,1970,0.47673054360578804
192714,297818,2,1970,0.47673054360578804
239115,63728,2,1970,0.47673054360578804
253053,297818,2,1970,0.47673054360578804
246054,297818,2,1970,0.47673054360578804
219420,63728,2,1970,0.47673054360578804
188106,297818,2,1970,0.47673054360578804
183672,297818,2,1970,0.47673054360578804
210810,297818,2,1970,0.47673054360578804
204762,297818,2,1970,0.47673054360578804
154740,297818,2,1970,0.47673054360578804
173940,297818,2,1970,0.47673054360578804
239115,297818,2,1970,0.47673054360578804
154146,63728,2,1970,0.47673054360578804
219381,297818,2,1970,0.47673054360578804
203277,297818,2,1970,0.47673054360578804
154011,63728,2,1970,0.47673054360578804
154146,297818,2,1970,0.47673054360578804
62811,63728,2,1970,0.47673054360578804
247956,297818,2,1970,0.47673054360578804
207216,297818,2,1970,0.47673054360578804
154011,297818,2,1970,0.47673054360578804
191247,297818,2,1970,0.47673054360578804
183672,63728,2,1970,0.47673054360578804
249159,63728,2,1970,0.47673054360578804
153744,297818,2,1970,0.47673054360578804
219420,297818,2,1970,0.47673054360578804
204522,297818,2,1970,0.47673054360578804
208518,296838,2,1970,0.4722222222222222
236973,296838,2,1970,0.4722222222222222
167364,296838,2,1970,0.4722222222222222
220047,1388,2,1970,0.47058823529411764
220047,296048,2,1970,0.47058823529411764
220047,297556,2,1970,0.47058823529411764
220047,44960,2,1970,0.47058823529411764
208575,53068,2,1970,0.4666666666666667
211965,297244,2,1970,0.4666666666666667
208575,297244,2,1970,0.4666666666666667
211965,53068,2,1970,0.4666666666666667
154713,11390,2,1970,0.4583333333333333
154713,60522,2,1970,0.4583333333333333
199044,26850,2,1970,0.4578313253012048
173667,26850,2,1970,0.4578313253012048
173667,296838,2,1970,0.4578313253012048
199044,296838,2,1970,0.4578313253012048
72108,30500,2,1970,0.4572468162522741
153744,30500,2,1970,0.4572468162522741
67056,30500,2,1970,0.4572468162522741
225972,30500,2,1970,0.4572468162522741
203241,30500,2,1970,0.4572468162522741
249159,30500,2,1970,0.4572468162522741
203256,30500,2,1970,0.4572468162522741
253053,30500,2,1970,0.4572468162522741
210627,30500,2,1970,0.4572468162522741
154743,30500,2,1970,0.4572468162522741
153600,30500,2,1970,0.4572468162522741
154740,30500,2,1970,0.4572468162522741
154383,30500,2,1970,0.4572468162522741
157080,30500,2,1970,0.4572468162522741
154011,30500,2,1970,0.4572468162522741
162960,30500,2,1970,0.4572468162522741
173940,30500,2,1970,0.4572468162522741
254118,30500,2,1970,0.4572468162522741
247956,30500,2,1970,0.4572468162522741
233427,30500,2,1970,0.4572468162522741
129264,30500,2,1970,0.4572468162522741
204522,30500,2,1970,0.4572468162522741
235458,30500,2,1970,0.4572468162522741
253146,30500,2,1970,0.4572468162522741
183672,30500,2,1970,0.4572468162522741
239115,30500,2,1970,0.4572468162522741
154146,30500,2,1970,0.4572468162522741
219381,30500,2,1970,0.4572468162522741
206616,30500,2,1970,0.4572468162522741
212475,30500,2,1970,0.4572468162522741
244680,30500,2,1970,0.4572468162522741
248724,30500,2,1970,0.4572468162522741
179790,30500,2,1970,0.4572468162522741
205947,30500,2,1970,0.4572468162522741
191247,30500,2,1970,0.4572468162522741
219420,30500,2,1970,0.4572468162522741
207216,30500,2,1970,0.4572468162522741
62811,30500,2,1970,0.4572468162522741
192714,30500,2,1970,0.4572468162522741
204057,30500,2,1970,0.4572468162522741
247548,30500,2,1970,0.4572468162522741
203277,30500,2,1970,0.4572468162522741
206076,30500,2,1970,0.4572468162522741
204411,30500,2,1970,0.4572468162522741
251253,30500,2,1970,0.4572468162522741
247029,30500,2,1970,0.4572468162522741
153882,30500,2,1970,0.4572468162522741
246054,30500,2,1970,0.4572468162522741
214194,30500,2,1970,0.4572468162522741
211413,30500,2,1970,0.4572468162522741
205812,30500,2,1970,0.4572468162522741
204762,30500,2,1970,0.4572468162522741
242409,30500,2,1970,0.4572468162522741
210810,30500,2,1970,0.4572468162522741
255489,30500,2,1970,0.4572468162522741
153912,30500,2,1970,0.4572468162522741
188106,30500,2,1970,0.4572468162522741
154551,30500,2,1970,0.4572468162522741
225012,30500,2,1970,0.4572468162522741
208575,63728,2,1970,0.45454545454545453
208575,297818,2,1970,0.45454545454545453
211965,63728,2,1970,0.45454545454545453
211965,297818,2,1970,0.45454545454545453
249486,63728,2,1970,0.45
249486,297818,2,1970,0.45
157767,296838,2,1970,0.4478114478114478
157767,26850,2,1970,0.4478114478114478
209637,296838,2,1970,0.4478114478114478
213102,296838,2,1970,0.4478114478114478
213102,26850,2,1970,0.4478114478114478
209637,26850,2,1970,0.4478114478114478
205191,296838,2,1970,0.4478114478114478
178230,26850,2,1970,0.4478114478114478
205191,26850,2,1970,0.4478114478114478
178230,296838,2,1970,0.4478114478114478
154713,55294,2,1970,0.4444444444444444
154743,297244,2,1970,0.439540507859734
244680,53068,2,1970,0.439540507859734
247029,53068,2,1970,0.439540507859734
210810,297244,2,1970,0.439540507859734
254118,297244,2,1970,0.439540507859734
242409,297244,2,1970,0.439540507859734
253146,53068,2,1970,0.439540507859734
253053,297244,2,1970,0.439540507859734
173940,297244,2,1970,0.439540507859734
154011,53068,2,1970,0.439540507859734
67056,297244,2,1970,0.439540507859734
210810,53068,2,1970,0.439540507859734
247956,297244,2,1970,0.439540507859734
62811,53068,2,1970,0.439540507859734
244680,297244,2,1970,0.439540507859734
154740,297244,2,1970,0.439540507859734
219420,297244,2,1970,0.439540507859734
219381,53068,2,1970,0.439540507859734
206076,53068,2,1970,0.439540507859734
219420,53068,2,1970,0.439540507859734
247029,297244,2,1970,0.439540507859734
129264,53068,2,1970,0.439540507859734
246054,297244,2,1970,0.439540507859734
153744,297244,2,1970,0.439540507859734
246054,53068,2,1970,0.439540507859734
129264,297244,2,1970,0.439540507859734
210627,297244,2,1970,0.439540507859734
67056,53068,2,1970,0.439540507859734
154740,53068,2,1970,0.439540507859734
179790,297244,2,1970,0.439540507859734
233427,53068,2,1970,0.439540507859734
153912,297244,2,1970,0.439540507859734
204522,53068,2,1970,0.439540507859734
188106,53068,2,1970,0.439540507859734
192714,53068,2,1970,0.439540507859734
205812,53068,2,1970,0.439540507859734
153912,53068,2,1970,0.439540507859734
204522,297244,2,1970,0.439540507859734
154011,297244,2,1970,0.439540507859734
188106,297244,2,1970,0.439540507859734
219381,297244,2,1970,0.439540507859734
192714,297244,2,1970,0.439540507859734
179790,53068,2,1970,0.439540507859734
253146,297244,2,1970,0.439540507859734
62811,297244,2,1970,0.439540507859734
242409,53068,2,1970,0.439540507859734
203241,53068,2,1970,0.439540507859734
205812,297244,2,1970,0.439540507859734
210627,53068,2,1970,0.439540507859734
153744,53068,2,1970,0.439540507859734
203241,297244,2,1970,0.439540507859734
154743,53068,2,1970,0.439540507859734
206076,297244,2,1970,0.439540507859734
254118,53068,2,1970,0.439540507859734
247956,53068,2,1970,0.439540507859734
173940,53068,2,1970,0.439540507859734
233427,297244,2,1970,0.439540507859734
253053,53068,2,1970,0.439540507859734
203256,297244,2,1970,0.439540507859734
154146,53068,2,1970,0.439540507859734
214194,53068,2,1970,0.439540507859734
251253,297244,2,1970,0.439540507859734
249159,53068,2,1970,0.439540507859734
154551,297244,2,1970,0.439540507859734
249159,297244,2,1970,0.439540507859734
154146,297244,2,1970,0.439540507859734
203256,53068,2,1970,0.439540507859734
239115,53068,2,1970,0.439540507859734
212475,53068,2,1970,0.439540507859734
183672,53068,2,1970,0.439540507859734
183672,297244,2,1970,0.439540507859734
239115,297244,2,1970,0.439540507859734
204057,297244,2,1970,0.439540507859734
72108,53068,2,1970,0.439540507859734
205947,297244,2,1970,0.439540507859734
206616,53068,2,1970,0.439540507859734
251253,53068,2,1970,0.439540507859734
225972,297244,2,1970,0.439540507859734
248724,297244,2,1970,0.439540507859734
235458,53068,2,1970,0.439540507859734
154383,297244,2,1970,0.439540507859734
154383,53068,2,1970,0.439540507859734
235458,297244,2,1970,0.439540507859734
162960,297244,2,1970,0.439540507859734
204411,297244,2,1970,0.439540507859734
153600,53068,2,1970,0.439540507859734
206616,297244,2,1970,0.439540507859734
153600,297244,2,1970,0.439540507859734
154551,53068,2,1970,0.439540507859734
248724,53068,2,1970,0.439540507859734
162960,53068,2,1970,0.439540507859734
212475,297244,2,1970,0.439540507859734
191247,297244,2,1970,0.439540507859734
205947,53068,2,1970,0.439540507859734
191247,53068,2,1970,0.439540507859734
153882,297244,2,1970,0.439540507859734
204411,53068,2,1970,0.439540507859734
211413,53068,2,1970,0.439540507859734
255489,53068,2,1970,0.439540507859734
247548,53068,2,1970,0.439540507859734
255489,297244,2,1970,0.439540507859734
204762,53068,2,1970,0.439540507859734
225012,53068,2,1970,0.439540507859734
203277,297244,2,1970,0.439540507859734
211413,297244,2,1970,0.439540507859734
203277,53068,2,1970,0.439540507859734
207216,297244,2,1970,0.439540507859734
225012,297244,2,1970,0.439540507859734
247548,297244,2,1970,0.439540507859734
207216,53068,2,1970,0.439540507859734
157080,53068,2,1970,0.439540507859734
153882,53068,2,1970,0.439540507859734
225972,53068,2,1970,0.439540507859734
204057,53068,2,1970,0.439540507859734
204762,297244,2,1970,0.439540507859734
157080,297244,2,1970,0.439540507859734
72108,297244,2,1970,0.439540507859734
214194,297244,2,1970,0.439540507859734
59703,26850,2,1970,0.43137254901960786
203058,296838,2,1970,0.43137254901960786
229521,26850,2,1970,0.43137254901960786
203322,26850,2,1970,0.43137254901960786
211989,26850,2,1970,0.43137254901960786
59703,296838,2,1970,0.43137254901960786
211542,26850,2,1970,0.43137254901960786
159027,296838,2,1970,0.43137254901960786
212505,26850,2,1970,0.43137254901960786
203322,296838,2,1970,0.43137254901960786
159027,26850,2,1970,0.43137254901960786
203889,26850,2,1970,0.43137254901960786
238377,296838,2,1970,0.43137254901960786
203058,26850,2,1970,0.43137254901960786
238377,26850,2,1970,0.43137254901960786
229521,296838,2,1970,0.43137254901960786
212505,296838,2,1970,0.43137254901960786
203889,296838,2,1970,0.43137254901960786
211989,296838,2,1970,0.43137254901960786
211542,296838,2,1970,0.43137254901960786
217848,26850,2,1970,0.4225352112676056
242442,26850,2,1970,0.4225352112676056
217848,296838,2,1970,0.4225352112676056
231057,296838,2,1970,0.4225352112676056
243546,26850,2,1970,0.4225352112676056
231057,26850,2,1970,0.4225352112676056
207339,26850,2,1970,0.4225352112676056
243546,296838,2,1970,0.4225352112676056
242442,296838,2,1970,0.4225352112676056
207339,296838,2,1970,0.4225352112676056
167364,297818,2,1970,0.42
167364,63728,2,1970,0.42
208575,1388,2,1970,0.4144144144144144
208575,296048,2,1970,0.4144144144144144
208575,44960,2,1970,0.4144144144144144
211965,297556,2,1970,0.4144144144144144
211965,1388,2,1970,0.4144144144144144
211965,44960,2,1970,0.4144144144144144
211965,296048,2,1970,0.4144144144144144
208575,297556,2,1970,0.4144144144144144
227664,59822,2,1970,0.4015748031496063
191256,59822,2,1970,0.4015748031496063
60762,59822,2,1970,0.4015748031496063
251391,59822,2,1970,0.4015748031496063
154698,59822,2,1970,0.4015748031496063
208092,59822,2,1970,0.4015748031496063
213102,44960,2,1970,0.4010840108401084
178230,1388,2,1970,0.4010840108401084
178230,296048,2,1970,0.4010840108401084
157767,44960,2,1970,0.4010840108401084
209637,1388,2,1970,0.4010840108401084
178230,297556,2,1970,0.4010840108401084
213102,296048,2,1970,0.4010840108401084
178230,44960,2,1970,0.4010840108401084
209637,44960,2,1970,0.4010840108401084
213102,297556,2,1970,0.4010840108401084
157767,296048,2,1970,0.4010840108401084
209637,296048,2,1970,0.4010840108401084
157767,1388,2,1970,0.4010840108401084
205191,1388,2,1970,0.4010840108401084
205191,296048,2,1970,0.4010840108401084
157767,297556,2,1970,0.4010840108401084
205191,44960,2,1970,0.4010840108401084
213102,1388,2,1970,0.4010840108401084
209637,297556,2,1970,0.4010840108401084
205191,297556,2,1970,0.4010840108401084
206364,28528,2,1970,0.4
167364,28528,2,1970,0.4
220047,60522,2,1970,0.4
220047,11390,2,1970,0.4
154713,1388,2,1970,0.39473684210526316
154713,44960,2,1970,0.39473684210526316
154713,297556,2,1970,0.39473684210526316
154713,296048,2,1970,0.39473684210526316
249486,297244,2,1970,0.38461538461538464
249486,53068,2,1970,0.38461538461538464
209637,297724,2,1970,0.3783783783783784
178230,33570,2,1970,0.3783783783783784
178230,53170,2,1970,0.3783783783783784
178230,23584,2,1970,0.3783783783783784
209637,296198,2,1970,0.3783783783783784
213102,53044,2,1970,0.3783783783783784
213102,23584,2,1970,0.3783783783783784
213102,33570,2,1970,0.3783783783783784
213102,53170,2,1970,0.3783783783783784
213102,297724,2,1970,0.3783783783783784
157767,296198,2,1970,0.3783783783783784
157767,297724,2,1970,0.3783783783783784
213102,296198,2,1970,0.3783783783783784
157767,53044,2,1970,0.3783783783783784
209637,53044,2,1970,0.3783783783783784
178230,297724,2,1970,0.3783783783783784
157767,33570,2,1970,0.3783783783783784
178230,53044,2,1970,0.3783783783783784
209637,33570,2,1970,0.3783783783783784
205191,297724,2,1970,0.3783783783783784
157767,23584,2,1970,0.3783783783783784
157767,53170,2,1970,0.3783783783783784
209637,23584,2,1970,0.3783783783783784
205191,33570,2,1970,0.3783783783783784
205191,53170,2,1970,0.3783783783783784
205191,53044,2,1970,0.3783783783783784
205191,23584,2,1970,0.3783783783783784
205191,296198,2,1970,0.3783783783783784
209637,53170,2,1970,0.3783783783783784
178230,296198,2,1970,0.3783783783783784
211965,296930,2,1970,0.375
208575,296930,2,1970,0.375
167364,296048,2,1970,0.36585365853658536
167364,1388,2,1970,0.36585365853658536
167364,297556,2,1970,0.36585365853658536
167364,44960,2,1970,0.36585365853658536
231057,53170,2,1970,0.36363636363636365
231057,296198,2,1970,0.36363636363636365
231057,33570,2,1970,0.36363636363636365
217848,53044,2,1970,0.36363636363636365
231057,23584,2,1970,0.36363636363636365
231057,53044,2,1970,0.36363636363636365
243546,297724,2,1970,0.36363636363636365
217848,296198,2,1970,0.36363636363636365
231057,297724,2,1970,0.36363636363636365
243546,23584,2,1970,0.36363636363636365
207339,296198,2,1970,0.36363636363636365
242442,297724,2,1970,0.36363636363636365
242442,53044,2,1970,0.36363636363636365
207339,297724,2,1970,0.36363636363636365
243546,53170,2,1970,0.36363636363636365
207339,33570,2,1970,0.36363636363636365
207339,23584,2,1970,0.36363636363636365
217848,23584,2,1970,0.36363636363636365
207339,53170,2,1970,0.36363636363636365
243546,53044,2,1970,0.36363636363636365
217848,53170,2,1970,0.36363636363636365
217848,33570,2,1970,0.36363636363636365
242442,33570,2,1970,0.36363636363636365
217848,297724,2,1970,0.36363636363636365
242442,53170,2,1970,0.36363636363636365
243546,296198,2,1970,0.36363636363636365
207339,53044,2,1970,0.36363636363636365
243546,33570,2,1970,0.36363636363636365
242442,23584,2,1970,0.36363636363636365
242442,296198,2,1970,0.36363636363636365
236973,296048,2,1970,0.35714285714285715
208518,296048,2,1970,0.35714285714285715
236973,1388,2,1970,0.35714285714285715
208518,44960,2,1970,0.35714285714285715
236973,297556,2,1970,0.35714285714285715
208518,297556,2,1970,0.35714285714285715
208518,1388,2,1970,0.35714285714285715
236973,44960,2,1970,0.35714285714285715
154713,296838,2,1970,0.35294117647058826
154713,26850,2,1970,0.35294117647058826
157080,296838,2,1970,0.34392180818570556
253146,26850,2,1970,0.34392180818570556
204762,296838,2,1970,0.34392180818570556
62811,26850,2,1970,0.34392180818570556
225972,296838,2,1970,0.34392180818570556
153882,296838,2,1970,0.34392180818570556
153912,26850,2,1970,0.34392180818570556
179790,26850,2,1970,0.34392180818570556
233427,296838,2,1970,0.34392180818570556
207216,26850,2,1970,0.34392180818570556
248724,296838,2,1970,0.34392180818570556
162960,296838,2,1970,0.34392180818570556
207216,296838,2,1970,0.34392180818570556
211413,26850,2,1970,0.34392180818570556
254118,296838,2,1970,0.34392180818570556
253146,296838,2,1970,0.34392180818570556
154743,296838,2,1970,0.34392180818570556
72108,296838,2,1970,0.34392180818570556
205947,26850,2,1970,0.34392180818570556
153600,296838,2,1970,0.34392180818570556
67056,296838,2,1970,0.34392180818570556
205947,296838,2,1970,0.34392180818570556
204522,296838,2,1970,0.34392180818570556
206616,296838,2,1970,0.34392180818570556
212475,296838,2,1970,0.34392180818570556
251253,296838,2,1970,0.34392180818570556
206076,26850,2,1970,0.34392180818570556
179790,296838,2,1970,0.34392180818570556
253053,296838,2,1970,0.34392180818570556
219420,296838,2,1970,0.34392180818570556
204762,26850,2,1970,0.34392180818570556
214194,296838,2,1970,0.34392180818570556
62811,296838,2,1970,0.34392180818570556
210810,26850,2,1970,0.34392180818570556
154011,26850,2,1970,0.34392180818570556
192714,26850,2,1970,0.34392180818570556
204057,296838,2,1970,0.34392180818570556
249159,26850,2,1970,0.34392180818570556
153882,26850,2,1970,0.34392180818570556
129264,26850,2,1970,0.34392180818570556
247029,296838,2,1970,0.34392180818570556
154551,296838,2,1970,0.34392180818570556
153600,26850,2,1970,0.34392180818570556
233427,26850,2,1970,0.34392180818570556
254118,26850,2,1970,0.34392180818570556
205812,26850,2,1970,0.34392180818570556
204411,26850,2,1970,0.34392180818570556
244680,296838,2,1970,0.34392180818570556
154551,26850,2,1970,0.34392180818570556
235458,26850,2,1970,0.34392180818570556
225012,26850,2,1970,0.34392180818570556
255489,26850,2,1970,0.34392180818570556
204057,26850,2,1970,0.34392180818570556
244680,26850,2,1970,0.34392180818570556
204411,296838,2,1970,0.34392180818570556
214194,26850,2,1970,0.34392180818570556
191247,296838,2,1970,0.34392180818570556
225012,296838,2,1970,0.34392180818570556
210627,296838,2,1970,0.34392180818570556
188106,296838,2,1970,0.34392180818570556
210627,26850,2,1970,0.34392180818570556
247548,26850,2,1970,0.34392180818570556
157080,26850,2,1970,0.34392180818570556
153912,296838,2,1970,0.34392180818570556
192714,296838,2,1970,0.34392180818570556
67056,26850,2,1970,0.34392180818570556
210810,296838,2,1970,0.34392180818570556
203277,296838,2,1970,0.34392180818570556
154743,26850,2,1970,0.34392180818570556
247029,26850,2,1970,0.34392180818570556
203241,26850,2,1970,0.34392180818570556
247548,296838,2,1970,0.34392180818570556
255489,296838,2,1970,0.34392180818570556
203241,296838,2,1970,0.34392180818570556
211413,296838,2,1970,0.34392180818570556
251253,26850,2,1970,0.34392180818570556
225972,26850,2,1970,0.34392180818570556
154740,26850,2,1970,0.34392180818570556
235458,296838,2,1970,0.34392180818570556
247956,296838,2,1970,0.34392180818570556
203256,26850,2,1970,0.34392180818570556
204522,26850,2,1970,0.34392180818570556
188106,26850,2,1970,0.34392180818570556
183672,296838,2,1970,0.34392180818570556
242409,296838,2,1970,0.34392180818570556
183672,26850,2,1970,0.34392180818570556
239115,296838,2,1970,0.34392180818570556
206076,296838,2,1970,0.34392180818570556
239115,26850,2,1970,0.34392180818570556
162960,26850,2,1970,0.34392180818570556
154383,296838,2,1970,0.34392180818570556
219381,296838,2,1970,0.34392180818570556
212475,26850,2,1970,0.34392180818570556
219381,26850,2,1970,0.34392180818570556
154146,26850,2,1970,0.34392180818570556
173940,26850,2,1970,0.34392180818570556
246054,296838,2,1970,0.34392180818570556
219420,26850,2,1970,0.34392180818570556
154740,296838,2,1970,0.34392180818570556
191247,26850,2,1970,0.34392180818570556
203256,296838,2,1970,0.34392180818570556
205812,296838,2,1970,0.34392180818570556
129264,296838,2,1970,0.34392180818570556
248724,26850,2,1970,0.34392180818570556
154146,296838,2,1970,0.34392180818570556
249159,296838,2,1970,0.34392180818570556
154383,26850,2,1970,0.34392180818570556
253053,26850,2,1970,0.34392180818570556
247956,26850,2,1970,0.34392180818570556
242409,26850,2,1970,0.34392180818570556
72108,26850,2,1970,0.34392180818570556
246054,26850,2,1970,0.34392180818570556
206616,26850,2,1970,0.34392180818570556
153744,296838,2,1970,0.34392180818570556
173940,296838,2,1970,0.34392180818570556
203277,26850,2,1970,0.34392180818570556
154011,296838,2,1970,0.34392180818570556
153744,26850,2,1970,0.34392180818570556
242442,1388,2,1970,0.3431952662721893
217848,296048,2,1970,0.3431952662721893
243546,44960,2,1970,0.3431952662721893
231057,296048,2,1970,0.3431952662721893
207339,1388,2,1970,0.3431952662721893
207339,297556,2,1970,0.3431952662721893
231057,1388,2,1970,0.3431952662721893
242442,44960,2,1970,0.3431952662721893
217848,1388,2,1970,0.3431952662721893
231057,297556,2,1970,0.3431952662721893
243546,296048,2,1970,0.3431952662721893
243546,1388,2,1970,0.3431952662721893
242442,297556,2,1970,0.3431952662721893
207339,44960,2,1970,0.3431952662721893
243546,297556,2,1970,0.3431952662721893
231057,44960,2,1970,0.3431952662721893
242442,296048,2,1970,0.3431952662721893
207339,296048,2,1970,0.3431952662721893
217848,297556,2,1970,0.3431952662721893
217848,44960,2,1970,0.3431952662721893
154713,297016,2,1970,0.34285714285714286
235932,297818,2,1970,0.3365695792880259
63690,297818,2,1970,0.3365695792880259
206442,297818,2,1970,0.3365695792880259
206442,63728,2,1970,0.3365695792880259
235932,63728,2,1970,0.3365695792880259
63690,63728,2,1970,0.3365695792880259
222225,63728,2,1970,0.3365695792880259
222225,297818,2,1970,0.3365695792880259
242409,297556,2,1970,0.33267861527129877
247029,44960,2,1970,0.33267861527129877
219420,44960,2,1970,0.33267861527129877
251253,296048,2,1970,0.33267861527129877
191247,44960,2,1970,0.33267861527129877
203241,44960,2,1970,0.33267861527129877
211413,1388,2,1970,0.33267861527129877
204522,296048,2,1970,0.33267861527129877
247956,1388,2,1970,0.33267861527129877
255489,1388,2,1970,0.33267861527129877
244680,297556,2,1970,0.33267861527129877
153744,297556,2,1970,0.33267861527129877
205812,44960,2,1970,0.33267861527129877
153744,296048,2,1970,0.33267861527129877
242409,1388,2,1970,0.33267861527129877
203241,296048,2,1970,0.33267861527129877
255489,44960,2,1970,0.33267861527129877
244680,1388,2,1970,0.33267861527129877
203241,297556,2,1970,0.33267861527129877
214194,44960,2,1970,0.33267861527129877
153744,44960,2,1970,0.33267861527129877
191247,1388,2,1970,0.33267861527129877
154383,44960,2,1970,0.33267861527129877
247029,1388,2,1970,0.33267861527129877
153744,1388,2,1970,0.33267861527129877
247029,297556,2,1970,0.33267861527129877
247956,296048,2,1970,0.33267861527129877
255489,296048,2,1970,0.33267861527129877
203241,1388,2,1970,0.33267861527129877
247029,296048,2,1970,0.33267861527129877
239115,44960,2,1970,0.33267861527129877
247956,297556,2,1970,0.33267861527129877
255489,297556,2,1970,0.33267861527129877
251253,44960,2,1970,0.33267861527129877
247548,44960,2,1970,0.33267861527129877
247548,1388,2,1970,0.33267861527129877
72108,297556,2,1970,0.33267861527129877
179790,297556,2,1970,0.33267861527129877
204522,44960,2,1970,0.33267861527129877
179790,1388,2,1970,0.33267861527129877
191247,296048,2,1970,0.33267861527129877
219381,296048,2,1970,0.33267861527129877
206076,1388,2,1970,0.33267861527129877
204762,1388,2,1970,0.33267861527129877
211413,44960,2,1970,0.33267861527129877
204762,297556,2,1970,0.33267861527129877
72108,44960,2,1970,0.33267861527129877
204762,296048,2,1970,0.33267861527129877
206076,297556,2,1970,0.33267861527129877
204762,44960,2,1970,0.33267861527129877
72108,1388,2,1970,0.33267861527129877
211413,297556,2,1970,0.33267861527129877
206076,296048,2,1970,0.33267861527129877
154011,296048,2,1970,0.33267861527129877
219381,44960,2,1970,0.33267861527129877
214194,296048,2,1970,0.33267861527129877
219420,1388,2,1970,0.33267861527129877
219420,296048,2,1970,0.33267861527129877
244680,296048,2,1970,0.33267861527129877
206616,1388,2,1970,0.33267861527129877
206616,297556,2,1970,0.33267861527129877
204522,1388,2,1970,0.33267861527129877
204522,297556,2,1970,0.33267861527129877
206616,296048,2,1970,0.33267861527129877
219420,297556,2,1970,0.33267861527129877
153912,44960,2,1970,0.33267861527129877
154011,297556,2,1970,0.33267861527129877
179790,296048,2,1970,0.33267861527129877
206076,44960,2,1970,0.33267861527129877
247548,297556,2,1970,0.33267861527129877
242409,44960,2,1970,0.33267861527129877
153882,44960,2,1970,0.33267861527129877
247548,296048,2,1970,0.33267861527129877
211413,296048,2,1970,0.33267861527129877
154383,1388,2,1970,0.33267861527129877
153912,1388,2,1970,0.33267861527129877
153912,297556,2,1970,0.33267861527129877
191247,297556,2,1970,0.33267861527129877
153882,296048,2,1970,0.33267861527129877
153912,296048,2,1970,0.33267861527129877
153882,297556,2,1970,0.33267861527129877
153882,1388,2,1970,0.33267861527129877
239115,296048,2,1970,0.33267861527129877
242409,296048,2,1970,0.33267861527129877
179790,44960,2,1970,0.33267861527129877
239115,297556,2,1970,0.33267861527129877
72108,296048,2,1970,0.33267861527129877
154011,44960,2,1970,0.33267861527129877
239115,1388,2,1970,0.33267861527129877
251253,297556,2,1970,0.33267861527129877
251253,1388,2,1970,0.33267861527129877
206616,44960,2,1970,0.33267861527129877
219381,1388,2,1970,0.33267861527129877
154011,1388,2,1970,0.33267861527129877
154383,297556,2,1970,0.33267861527129877
219381,297556,2,1970,0.33267861527129877
247956,44960,2,1970,0.33267861527129877
154383,296048,2,1970,0.33267861527129877
253146,44960,2,1970,0.33267861527129877
253146,297556,2,1970,0.33267861527129877
253053,44960,2,1970,0.33267861527129877
154740,296048,2,1970,0.33267861527129877
249159,1388,2,1970,0.33267861527129877
249159,297556,2,1970,0.33267861527129877
67056,44960,2,1970,0.33267861527129877
154146,1388,2,1970,0.33267861527129877
249159,44960,2,1970,0.33267861527129877
154146,297556,2,1970,0.33267861527129877
154146,296048,2,1970,0.33267861527129877
203277,44960,2,1970,0.33267861527129877
248724,44960,2,1970,0.33267861527129877
154740,297556,2,1970,0.33267861527129877
154146,44960,2,1970,0.33267861527129877
212475,44960,2,1970,0.33267861527129877
248724,296048,2,1970,0.33267861527129877
173940,1388,2,1970,0.33267861527129877
212475,296048,2,1970,0.33267861527129877
212475,297556,2,1970,0.33267861527129877
248724,297556,2,1970,0.33267861527129877
183672,44960,2,1970,0.33267861527129877
188106,1388,2,1970,0.33267861527129877
253053,296048,2,1970,0.33267861527129877
62811,1388,2,1970,0.33267861527129877
205947,296048,2,1970,0.33267861527129877
205812,297556,2,1970,0.33267861527129877
62811,296048,2,1970,0.33267861527129877
205947,297556,2,1970,0.33267861527129877
205947,1388,2,1970,0.33267861527129877
154551,1388,2,1970,0.33267861527129877
62811,297556,2,1970,0.33267861527129877
205812,1388,2,1970,0.33267861527129877
154740,44960,2,1970,0.33267861527129877
253053,297556,2,1970,0.33267861527129877
192714,44960,2,1970,0.33267861527129877
203277,296048,2,1970,0.33267861527129877
204057,44960,2,1970,0.33267861527129877
183672,1388,2,1970,0.33267861527129877
183672,297556,2,1970,0.33267861527129877
183672,296048,2,1970,0.33267861527129877
253053,1388,2,1970,0.33267861527129877
214194,297556,2,1970,0.33267861527129877
212475,1388,2,1970,0.33267861527129877
248724,1388,2,1970,0.33267861527129877
235458,44960,2,1970,0.33267861527129877
67056,1388,2,1970,0.33267861527129877
162960,297556,2,1970,0.33267861527129877
162960,296048,2,1970,0.33267861527129877
203256,296048,2,1970,0.33267861527129877
203256,297556,2,1970,0.33267861527129877
203256,1388,2,1970,0.33267861527129877
162960,44960,2,1970,0.33267861527129877
254118,1388,2,1970,0.33267861527129877
188106,296048,2,1970,0.33267861527129877
254118,297556,2,1970,0.33267861527129877
129264,44960,2,1970,0.33267861527129877
67056,297556,2,1970,0.33267861527129877
233427,44960,2,1970,0.33267861527129877
254118,296048,2,1970,0.33267861527129877
254118,44960,2,1970,0.33267861527129877
67056,296048,2,1970,0.33267861527129877
233427,296048,2,1970,0.33267861527129877
233427,297556,2,1970,0.33267861527129877
233427,1388,2,1970,0.33267861527129877
162960,1388,2,1970,0.33267861527129877
203256,44960,2,1970,0.33267861527129877
154740,1388,2,1970,0.33267861527129877
173940,44960,2,1970,0.33267861527129877
153600,1388,2,1970,0.33267861527129877
153600,297556,2,1970,0.33267861527129877
153600,296048,2,1970,0.33267861527129877
173940,297556,2,1970,0.33267861527129877
173940,296048,2,1970,0.33267861527129877
235458,296048,2,1970,0.33267861527129877
235458,297556,2,1970,0.33267861527129877
246054,44960,2,1970,0.33267861527129877
235458,1388,2,1970,0.33267861527129877
129264,296048,2,1970,0.33267861527129877
210810,44960,2,1970,0.33267861527129877
246054,296048,2,1970,0.33267861527129877
246054,297556,2,1970,0.33267861527129877
246054,1388,2,1970,0.33267861527129877
214194,1388,2,1970,0.33267861527129877
129264,1388,2,1970,0.33267861527129877
153600,44960,2,1970,0.33267861527129877
129264,297556,2,1970,0.33267861527129877
253146,296048,2,1970,0.33267861527129877
249159,296048,2,1970,0.33267861527129877
188106,297556,2,1970,0.33267861527129877
204057,1388,2,1970,0.33267861527129877
157080,1388,2,1970,0.33267861527129877
225012,296048,2,1970,0.33267861527129877
154743,1388,2,1970,0.33267861527129877
225012,1388,2,1970,0.33267861527129877
154743,297556,2,1970,0.33267861527129877
204411,44960,2,1970,0.33267861527129877
225972,44960,2,1970,0.33267861527129877
154551,296048,2,1970,0.33267861527129877
204057,296048,2,1970,0.33267861527129877
210810,296048,2,1970,0.33267861527129877
154743,296048,2,1970,0.33267861527129877
204057,297556,2,1970,0.33267861527129877
157080,297556,2,1970,0.33267861527129877
207216,1388,2,1970,0.33267861527129877
225972,1388,2,1970,0.33267861527129877
210627,44960,2,1970,0.33267861527129877
157080,44960,2,1970,0.33267861527129877
225972,296048,2,1970,0.33267861527129877
62811,44960,2,1970,0.33267861527129877
205812,296048,2,1970,0.33267861527129877
203277,1388,2,1970,0.33267861527129877
225972,297556,2,1970,0.33267861527129877
210627,1388,2,1970,0.33267861527129877
210627,296048,2,1970,0.33267861527129877
157080,296048,2,1970,0.33267861527129877
210627,297556,2,1970,0.33267861527129877
210810,297556,2,1970,0.33267861527129877
225012,297556,2,1970,0.33267861527129877
205947,44960,2,1970,0.33267861527129877
225012,44960,2,1970,0.33267861527129877
210810,1388,2,1970,0.33267861527129877
203277,297556,2,1970,0.33267861527129877
253146,1388,2,1970,0.33267861527129877
188106,44960,2,1970,0.33267861527129877
204411,1388,2,1970,0.33267861527129877
207216,44960,2,1970,0.33267861527129877
192714,296048,2,1970,0.33267861527129877
154551,297556,2,1970,0.33267861527129877
192714,297556,2,1970,0.33267861527129877
244680,44960,2,1970,0.33267861527129877
204411,297556,2,1970,0.33267861527129877
192714,1388,2,1970,0.33267861527129877
154743,44960,2,1970,0.33267861527129877
207216,297556,2,1970,0.33267861527129877
207216,296048,2,1970,0.33267861527129877
154551,44960,2,1970,0.33267861527129877
204411,296048,2,1970,0.33267861527129877
67056,296930,2,1970,0.3165644171779141
203256,296930,2,1970,0.3165644171779141
188106,296930,2,1970,0.3165644171779141
203241,296930,2,1970,0.3165644171779141
247956,296930,2,1970,0.3165644171779141
204411,296930,2,1970,0.3165644171779141
157080,296930,2,1970,0.3165644171779141
204057,296930,2,1970,0.3165644171779141
244680,296930,2,1970,0.3165644171779141
251253,296930,2,1970,0.3165644171779141
162960,296930,2,1970,0.3165644171779141
153744,296930,2,1970,0.3165644171779141
191247,296930,2,1970,0.3165644171779141
235458,296930,2,1970,0.3165644171779141
129264,296930,2,1970,0.3165644171779141
153600,296930,2,1970,0.3165644171779141
173940,296930,2,1970,0.3165644171779141
247548,296930,2,1970,0.3165644171779141
247029,296930,2,1970,0.3165644171779141
214194,296930,2,1970,0.3165644171779141
233427,296930,2,1970,0.3165644171779141
154383,296930,2,1970,0.3165644171779141
255489,296930,2,1970,0.3165644171779141
254118,296930,2,1970,0.3165644171779141
246054,296930,2,1970,0.3165644171779141
154551,296930,2,1970,0.3165644171779141
225972,296930,2,1970,0.3165644171779141
153882,296930,2,1970,0.3165644171779141
242409,296930,2,1970,0.3165644171779141
72108,296930,2,1970,0.3165644171779141
206076,296930,2,1970,0.3165644171779141
225012,296930,2,1970,0.3165644171779141
192714,296930,2,1970,0.3165644171779141
212475,296930,2,1970,0.3165644171779141
154011,296930,2,1970,0.3165644171779141
219381,296930,2,1970,0.3165644171779141
219420,296930,2,1970,0.3165644171779141
206616,296930,2,1970,0.3165644171779141
203277,296930,2,1970,0.3165644171779141
183672,296930,2,1970,0.3165644171779141
239115,296930,2,1970,0.3165644171779141
253053,296930,2,1970,0.3165644171779141
154740,296930,2,1970,0.3165644171779141
210810,296930,2,1970,0.3165644171779141
207216,296930,2,1970,0.3165644171779141
153912,296930,2,1970,0.3165644171779141
204762,296930,2,1970,0.3165644171779141
62811,296930,2,1970,0.3165644171779141
253146,296930,2,1970,0.3165644171779141
179790,296930,2,1970,0.3165644171779141
205947,296930,2,1970,0.3165644171779141
249159,296930,2,1970,0.3165644171779141
204522,296930,2,1970,0.3165644171779141
205812,296930,2,1970,0.3165644171779141
211413,296930,2,1970,0.3165644171779141
154146,296930,2,1970,0.3165644171779141
154743,296930,2,1970,0.3165644171779141
248724,296930,2,1970,0.3165644171779141
210627,296930,2,1970,0.3165644171779141
222225,297556,2,1970,0.31411530815109345
222225,44960,2,1970,0.31411530815109345
222225,1388,2,1970,0.31411530815109345
235932,44960,2,1970,0.31411530815109345
235932,1388,2,1970,0.31411530815109345
235932,297556,2,1970,0.31411530815109345
206442,1388,2,1970,0.31411530815109345
206442,297556,2,1970,0.31411530815109345
235932,296048,2,1970,0.31411530815109345
206442,44960,2,1970,0.31411530815109345
63690,296048,2,1970,0.31411530815109345
63690,1388,2,1970,0.31411530815109345
63690,297556,2,1970,0.31411530815109345
206442,296048,2,1970,0.31411530815109345
63690,44960,2,1970,0.31411530815109345
222225,296048,2,1970,0.31411530815109345
63690,26850,2,1970,0.3103448275862069
222225,26850,2,1970,0.3103448275862069
63690,296838,2,1970,0.3103448275862069
235932,26850,2,1970,0.3103448275862069
222225,296838,2,1970,0.3103448275862069
206442,26850,2,1970,0.3103448275862069
206442,296838,2,1970,0.3103448275862069
235932,296838,2,1970,0.3103448275862069
173667,297556,2,1970,0.31
173667,44960,2,1970,0.31
199044,44960,2,1970,0.31
173667,1388,2,1970,0.31
173667,296048,2,1970,0.31
199044,296048,2,1970,0.31
199044,297556,2,1970,0.31
199044,1388,2,1970,0.31
220047,59822,2,1970,0.3076923076923077
211542,297244,2,1970,0.3055555555555556
211542,53068,2,1970,0.3055555555555556
229521,53068,2,1970,0.3055555555555556
203889,297244,2,1970,0.3055555555555556
238377,297244,2,1970,0.3055555555555556
203322,53068,2,1970,0.3055555555555556
211989,53068,2,1970,0.3055555555555556
203058,53068,2,1970,0.3055555555555556
159027,297244,2,1970,0.3055555555555556
229521,297244,2,1970,0.3055555555555556
203322,297244,2,1970,0.3055555555555556
203058,297244,2,1970,0.3055555555555556
59703,53068,2,1970,0.3055555555555556
59703,297244,2,1970,0.3055555555555556
159027,53068,2,1970,0.3055555555555556
212505,297244,2,1970,0.3055555555555556
211989,297244,2,1970,0.3055555555555556
238377,53068,2,1970,0.3055555555555556
212505,53068,2,1970,0.3055555555555556
203889,53068,2,1970,0.3055555555555556
154698,30500,2,1970,0.304
60762,30500,2,1970,0.304
227664,30500,2,1970,0.304
251391,30500,2,1970,0.304
191256,30500,2,1970,0.304
208092,30500,2,1970,0.304
203058,296930,2,1970,0.3025210084033613
229521,296930,2,1970,0.3025210084033613
59703,296930,2,1970,0.3025210084033613
203889,296930,2,1970,0.3025210084033613
211542,296930,2,1970,0.3025210084033613
211989,296930,2,1970,0.3025210084033613
238377,296930,2,1970,0.3025210084033613
159027,296930,2,1970,0.3025210084033613
203322,296930,2,1970,0.3025210084033613
212505,296930,2,1970,0.3025210084033613
238377,297556,2,1970,0.2962962962962963
211542,296048,2,1970,0.2962962962962963
159027,1388,2,1970,0.2962962962962963
211989,297556,2,1970,0.2962962962962963
229521,44960,2,1970,0.2962962962962963
203889,1388,2,1970,0.2962962962962963
211542,44960,2,1970,0.2962962962962963
238377,296048,2,1970,0.2962962962962963
211989,1388,2,1970,0.2962962962962963
212505,296048,2,1970,0.2962962962962963
211542,297556,2,1970,0.2962962962962963
203889,296048,2,1970,0.2962962962962963
203058,44960,2,1970,0.2962962962962963
203889,297556,2,1970,0.2962962962962963
212505,297556,2,1970,0.2962962962962963
211989,44960,2,1970,0.2962962962962963
159027,296048,2,1970,0.2962962962962963
212505,1388,2,1970,0.2962962962962963
229521,1388,2,1970,0.2962962962962963
211542,1388,2,1970,0.2962962962962963
212505,44960,2,1970,0.2962962962962963
229521,297556,2,1970,0.2962962962962963
238377,1388,2,1970,0.2962962962962963
211989,296048,2,1970,0.2962962962962963
159027,297556,2,1970,0.2962962962962963
229521,296048,2,1970,0.2962962962962963
238377,44960,2,1970,0.2962962962962963
159027,44960,2,1970,0.2962962962962963
203058,1388,2,1970,0.2962962962962963
59703,1388,2,1970,0.2962962962962963
203322,297556,2,1970,0.2962962962962963
203058,297556,2,1970,0.2962962962962963
59703,296048,2,1970,0.2962962962962963
203058,296048,2,1970,0.2962962962962963
59703,297556,2,1970,0.2962962962962963
203322,1388,2,1970,0.2962962962962963
203322,296048,2,1970,0.2962962962962963
203889,44960,2,1970,0.2962962962962963
59703,44960,2,1970,0.2962962962962963
203322,44960,2,1970,0.2962962962962963
249486,28528,2,1970,0.2826086956521739
173667,28528,2,1970,0.2826086956521739
199044,28528,2,1970,0.2826086956521739
208518,23584,2,1970,0.28205128205128205
208518,53170,2,1970,0.28205128205128205
208518,33570,2,1970,0.28205128205128205
167364,34718,2,1970,0.28205128205128205
236973,297724,2,1970,0.28205128205128205
236973,53044,2,1970,0.28205128205128205
236973,1260,2,1970,0.28205128205128205
236973,23584,2,1970,0.28205128205128205
208518,1260,2,1970,0.28205128205128205
208518,297724,2,1970,0.28205128205128205
167364,53044,2,1970,0.28205128205128205
167364,296198,2,1970,0.28205128205128205
208518,53044,2,1970,0.28205128205128205
167364,1260,2,1970,0.28205128205128205
167364,297724,2,1970,0.28205128205128205
236973,296198,2,1970,0.28205128205128205
236973,33570,2,1970,0.28205128205128205
167364,53170,2,1970,0.28205128205128205
208518,34718,2,1970,0.28205128205128205
236973,34718,2,1970,0.28205128205128205
167364,33570,2,1970,0.28205128205128205
167364,23584,2,1970,0.28205128205128205
208518,296198,2,1970,0.28205128205128205
236973,53170,2,1970,0.28205128205128205
217848,33288,2,1970,0.28125
231057,33288,2,1970,0.28125
243546,33288,2,1970,0.28125
242442,33288,2,1970,0.28125
207339,33288,2,1970,0.28125
63690,297244,2,1970,0.27722772277227725
217848,60522,2,1970,0.27722772277227725
235932,297244,2,1970,0.27722772277227725
231057,60522,2,1970,0.27722772277227725
243546,11390,2,1970,0.27722772277227725
206442,53068,2,1970,0.27722772277227725
222225,297244,2,1970,0.27722772277227725
242442,11390,2,1970,0.27722772277227725
63690,53068,2,1970,0.27722772277227725
222225,53068,2,1970,0.27722772277227725
217848,11390,2,1970,0.27722772277227725
206442,297244,2,1970,0.27722772277227725
207339,11390,2,1970,0.27722772277227725
243546,60522,2,1970,0.27722772277227725
231057,11390,2,1970,0.27722772277227725
207339,60522,2,1970,0.27722772277227725
235932,53068,2,1970,0.27722772277227725
242442,60522,2,1970,0.27722772277227725
208575,53170,2,1970,0.275
211965,53170,2,1970,0.275
211965,53044,2,1970,0.275
211965,23584,2,1970,0.275
208575,296198,2,1970,0.275
211965,296198,2,1970,0.275
208575,297724,2,1970,0.275
208575,33570,2,1970,0.275
211965,33570,2,1970,0.275
211965,297724,2,1970,0.275
208575,23584,2,1970,0.275
208575,53044,2,1970,0.275
238377,63728,2,1970,0.2694300518134715
203058,63728,2,1970,0.2694300518134715
203889,297818,2,1970,0.2694300518134715
238377,297818,2,1970,0.2694300518134715
159027,297818,2,1970,0.2694300518134715
159027,63728,2,1970,0.2694300518134715
229521,63728,2,1970,0.2694300518134715
203058,297818,2,1970,0.2694300518134715
211542,63728,2,1970,0.2694300518134715
211989,63728,2,1970,0.2694300518134715
59703,297818,2,1970,0.2694300518134715
211542,297818,2,1970,0.2694300518134715
203322,297818,2,1970,0.2694300518134715
59703,63728,2,1970,0.2694300518134715
212505,63728,2,1970,0.2694300518134715
212505,297818,2,1970,0.2694300518134715
229521,297818,2,1970,0.2694300518134715
211989,297818,2,1970,0.2694300518134715
203889,63728,2,1970,0.2694300518134715
203322,63728,2,1970,0.2694300518134715
191256,63728,2,1970,0.2676767676767677
251391,63728,2,1970,0.2676767676767677
208092,63728,2,1970,0.2676767676767677
60762,297818,2,1970,0.2676767676767677
154698,63728,2,1970,0.2676767676767677
208092,297818,2,1970,0.2676767676767677
251391,297818,2,1970,0.2676767676767677
227664,63728,2,1970,0.2676767676767677
191256,297818,2,1970,0.2676767676767677
227664,297818,2,1970,0.2676767676767677
60762,63728,2,1970,0.2676767676767677
154698,297818,2,1970,0.2676767676767677
208518,26850,2,1970,0.2608695652173913
167364,26850,2,1970,0.2608695652173913
167364,296930,2,1970,0.2608695652173913
236973,296930,2,1970,0.2608695652173913
236973,26850,2,1970,0.2608695652173913
208518,296930,2,1970,0.2608695652173913
206364,30500,2,1970,0.25
154713,296930,2,1970,0.25
206364,296048,2,1970,0.24390243902439024
206364,1388,2,1970,0.24390243902439024
206364,297556,2,1970,0.24390243902439024
206364,44960,2,1970,0.24390243902439024
227664,296838,2,1970,0.24193548387096775
191256,296838,2,1970,0.24193548387096775
251391,296838,2,1970,0.24193548387096775
154698,296838,2,1970,0.24193548387096775
208092,296838,2,1970,0.24193548387096775
60762,296838,2,1970,0.24193548387096775
243546,1440,2,1970,0.23529411764705882
242442,1440,2,1970,0.23529411764705882
207339,1440,2,1970,0.23529411764705882
231057,1440,2,1970,0.23529411764705882
217848,1440,2,1970,0.23529411764705882
208518,55294,2,1970,0.23162583518930957
211965,55294,2,1970,0.23162583518930957
167364,55294,2,1970,0.23162583518930957
236973,55294,2,1970,0.23162583518930957
205191,55294,2,1970,0.23162583518930957
243546,55294,2,1970,0.23162583518930957
178230,55294,2,1970,0.23162583518930957
208575,55294,2,1970,0.23162583518930957
231057,55294,2,1970,0.23162583518930957
242442,55294,2,1970,0.23162583518930957
217848,55294,2,1970,0.23162583518930957
213102,55294,2,1970,0.23162583518930957
157767,55294,2,1970,0.23162583518930957
207339,55294,2,1970,0.23162583518930957
209637,55294,2,1970,0.23162583518930957
178230,60522,2,1970,0.22272727272727272
213102,11390,2,1970,0.22272727272727272
157767,60522,2,1970,0.22272727272727272
205191,60522,2,1970,0.22272727272727272
209637,11390,2,1970,0.22272727272727272
213102,60522,2,1970,0.22272727272727272
205191,11390,2,1970,0.22272727272727272
157767,11390,2,1970,0.22272727272727272
178230,11390,2,1970,0.22272727272727272
209637,60522,2,1970,0.22272727272727272
220047,297016,2,1970,0.21739130434782608
220047,21632,2,1970,0.21739130434782608
206364,63728,2,1970,0.20930232558139536
206364,297818,2,1970,0.20930232558139536
236973,28528,2,1970,0.19230769230769232
208518,28528,2,1970,0.19230769230769232
208575,28528,2,1970,0.19230769230769232
211965,28528,2,1970,0.19230769230769232
220047,296930,2,1970,0.19047619047619047
220047,26850,2,1970,0.19047619047619047
220047,296838,2,1970,0.19047619047619047
220047,63728,2,1970,0.1875
249486,296048,2,1970,0.1875
220047,297818,2,1970,0.1875
249486,1388,2,1970,0.1875
249486,44960,2,1970,0.1875
249486,297556,2,1970,0.1875
209637,1440,2,1970,0.18493150684931506
213102,1440,2,1970,0.18493150684931506
205191,1440,2,1970,0.18493150684931506
157767,1440,2,1970,0.18493150684931506
178230,1440,2,1970,0.18493150684931506
249486,1260,2,1970,0.18253968253968253
249486,53170,2,1970,0.18253968253968253
249486,297724,2,1970,0.18253968253968253
249486,296198,2,1970,0.18253968253968253
249486,34718,2,1970,0.18253968253968253
249486,23584,2,1970,0.18253968253968253
173667,297724,2,1970,0.18253968253968253
249486,33570,2,1970,0.18253968253968253
220047,296198,2,1970,0.18253968253968253
199044,34718,2,1970,0.18253968253968253
199044,296198,2,1970,0.18253968253968253
220047,297724,2,1970,0.18253968253968253
173667,34718,2,1970,0.18253968253968253
220047,53044,2,1970,0.18253968253968253
199044,53044,2,1970,0.18253968253968253
173667,296198,2,1970,0.18253968253968253
220047,1260,2,1970,0.18253968253968253
220047,23584,2,1970,0.18253968253968253
220047,53170,2,1970,0.18253968253968253
173667,53044,2,1970,0.18253968253968253
220047,33570,2,1970,0.18253968253968253
220047,34718,2,1970,0.18253968253968253
173667,1260,2,1970,0.18253968253968253
173667,23584,2,1970,0.18253968253968253
173667,53170,2,1970,0.18253968253968253
199044,297724,2,1970,0.18253968253968253
173667,33570,2,1970,0.18253968253968253
199044,1260,2,1970,0.18253968253968253
199044,23584,2,1970,0.18253968253968253
199044,53170,2,1970,0.18253968253968253
199044,33570,2,1970,0.18253968253968253
249486,53044,2,1970,0.18253968253968253
238377,28528,2,1970,0.17391304347826086
212505,28528,2,1970,0.17391304347826086
203058,28528,2,1970,0.17391304347826086
211989,28528,2,1970,0.17391304347826086
203322,28528,2,1970,0.17391304347826086
59703,28528,2,1970,0.17391304347826086
229521,28528,2,1970,0.17391304347826086
203889,28528,2,1970,0.17391304347826086
159027,28528,2,1970,0.17391304347826086
211542,28528,2,1970,0.17391304347826086
209637,21632,2,1970,0.16777408637873753
211965,297016,2,1970,0.16777408637873753
242442,21632,2,1970,0.16777408637873753
217848,21632,2,1970,0.16777408637873753
208575,21632,2,1970,0.16777408637873753
208575,297016,2,1970,0.16777408637873753
242442,297016,2,1970,0.16777408637873753
217848,297016,2,1970,0.16777408637873753
178230,297016,2,1970,0.16777408637873753
157767,21632,2,1970,0.16777408637873753
178230,21632,2,1970,0.16777408637873753
209637,297016,2,1970,0.16777408637873753
205191,21632,2,1970,0.16777408637873753
243546,21632,2,1970,0.16777408637873753
207339,21632,2,1970,0.16777408637873753
231057,297016,2,1970,0.16777408637873753
211965,21632,2,1970,0.16777408637873753
231057,21632,2,1970,0.16777408637873753
213102,21632,2,1970,0.16777408637873753
157767,297016,2,1970,0.16777408637873753
243546,297016,2,1970,0.16777408637873753
205191,297016,2,1970,0.16777408637873753
213102,297016,2,1970,0.16777408637873753
207339,297016,2,1970,0.16777408637873753
236973,56892,2,1970,0.16666666666666666
208518,56892,2,1970,0.16666666666666666
206364,56892,2,1970,0.16666666666666666
206364,60522,2,1970,0.1590909090909091
206364,11390,2,1970,0.1590909090909091
243546,56892,2,1970,0.15625
242442,56892,2,1970,0.15625
207339,56892,2,1970,0.15625
206364,297244,2,1970,0.15625
206364,53068,2,1970,0.15625
231057,56892,2,1970,0.15625
217848,56892,2,1970,0.15625
220047,33288,2,1970,0.15384615384615385
211965,60522,2,1970,0.15151515151515152
211965,11390,2,1970,0.15151515151515152
208575,11390,2,1970,0.15151515151515152
208575,60522,2,1970,0.15151515151515152
205191,33288,2,1970,0.1447811447811448
209637,33288,2,1970,0.1447811447811448
178230,33288,2,1970,0.1447811447811448
213102,33288,2,1970,0.1447811447811448
157767,33288,2,1970,0.1447811447811448
206364,26850,2,1970,0.13333333333333333
206364,296930,2,1970,0.13333333333333333
206364,296838,2,1970,0.12903225806451613
154713,56892,2,1970,0.125
60762,53068,2,1970,0.12307692307692308
154698,297244,2,1970,0.12307692307692308
208092,297244,2,1970,0.12307692307692308
191256,53068,2,1970,0.12307692307692308
251391,297244,2,1970,0.12307692307692308
208092,53068,2,1970,0.12307692307692308
154698,53068,2,1970,0.12307692307692308
60762,297244,2,1970,0.12307692307692308
191256,297244,2,1970,0.12307692307692308
227664,53068,2,1970,0.12307692307692308
251391,53068,2,1970,0.12307692307692308
227664,297244,2,1970,0.12307692307692308
167364,11390,2,1970,0.12244897959183673
167364,60522,2,1970,0.12244897959183673
60762,44960,2,1970,0.11538461538461539
251391,44960,2,1970,0.11538461538461539
227664,44960,2,1970,0.11538461538461539
60762,297556,2,1970,0.11538461538461539
251391,1388,2,1970,0.11538461538461539
154698,297556,2,1970,0.11538461538461539
208092,44960,2,1970,0.11538461538461539
208092,297556,2,1970,0.11538461538461539
154698,44960,2,1970,0.11538461538461539
191256,296048,2,1970,0.11538461538461539
191256,297556,2,1970,0.11538461538461539
251391,297556,2,1970,0.11538461538461539
154698,296048,2,1970,0.11538461538461539
60762,1388,2,1970,0.11538461538461539
154698,1388,2,1970,0.11538461538461539
227664,1388,2,1970,0.11538461538461539
60762,296048,2,1970,0.11538461538461539
251391,296048,2,1970,0.11538461538461539
208092,296048,2,1970,0.11538461538461539
208092,1388,2,1970,0.11538461538461539
227664,297556,2,1970,0.11538461538461539
191256,44960,2,1970,0.11538461538461539
191256,1388,2,1970,0.11538461538461539
227664,296048,2,1970,0.11538461538461539
251391,23584,2,1970,0.11180124223602485
191256,296198,2,1970,0.11180124223602485
154698,33570,2,1970,0.11180124223602485
251391,33570,2,1970,0.11180124223602485
154698,53170,2,1970,0.11180124223602485
208092,34718,2,1970,0.11180124223602485
208092,33570,2,1970,0.11180124223602485
208092,297724,2,1970,0.11180124223602485
251391,53170,2,1970,0.11180124223602485
251391,53044,2,1970,0.11180124223602485
208092,23584,2,1970,0.11180124223602485
191256,34718,2,1970,0.11180124223602485
154698,23584,2,1970,0.11180124223602485
251391,1260,2,1970,0.11180124223602485
206364,1260,2,1970,0.11180124223602485
154698,34718,2,1970,0.11180124223602485
206364,23584,2,1970,0.11180124223602485
154698,296198,2,1970,0.11180124223602485
206364,53170,2,1970,0.11180124223602485
206364,33570,2,1970,0.11180124223602485
154698,53044,2,1970,0.11180124223602485
251391,296198,2,1970,0.11180124223602485
208092,296198,2,1970,0.11180124223602485
251391,297724,2,1970,0.11180124223602485
208092,53044,2,1970,0.11180124223602485
206364,297724,2,1970,0.11180124223602485
208092,1260,2,1970,0.11180124223602485
154698,297724,2,1970,0.11180124223602485
154698,1260,2,1970,0.11180124223602485
251391,34718,2,1970,0.11180124223602485
227664,34718,2,1970,0.11180124223602485
60762,1260,2,1970,0.11180124223602485
227664,53170,2,1970,0.11180124223602485
60762,53170,2,1970,0.11180124223602485
60762,34718,2,1970,0.11180124223602485
191256,23584,2,1970,0.11180124223602485
227664,53044,2,1970,0.11180124223602485
191256,53170,2,1970,0.11180124223602485
60762,33570,2,1970,0.11180124223602485
191256,33570,2,1970,0.11180124223602485
208092,53170,2,1970,0.11180124223602485
191256,53044,2,1970,0.11180124223602485
60762,296198,2,1970,0.11180124223602485
191256,1260,2,1970,0.11180124223602485
60762,23584,2,1970,0.11180124223602485
227664,33570,2,1970,0.11180124223602485
191256,297724,2,1970,0.11180124223602485
227664,297724,2,1970,0.11180124223602485
60762,53044,2,1970,0.11180124223602485
227664,1260,2,1970,0.11180124223602485
206364,53044,2,1970,0.11180124223602485
227664,23584,2,1970,0.11180124223602485
60762,297724,2,1970,0.11180124223602485
227664,296198,2,1970,0.11180124223602485
206364,296198,2,1970,0.11180124223602485
206364,34718,2,1970,0.11180124223602485
236973,63728,2,1970,0.1111111111111111
208518,297818,2,1970,0.1111111111111111
208518,63728,2,1970,0.1111111111111111
236973,297818,2,1970,0.1111111111111111
173667,11390,2,1970,0.1092436974789916
173667,60522,2,1970,0.1092436974789916
199044,60522,2,1970,0.1092436974789916
199044,11390,2,1970,0.1092436974789916
173940,28528,2,1970,0.10790464240903387
204057,28528,2,1970,0.10790464240903387
255489,28528,2,1970,0.10790464240903387
203241,28528,2,1970,0.10790464240903387
183672,28528,2,1970,0.10790464240903387
225012,28528,2,1970,0.10790464240903387
206616,28528,2,1970,0.10790464240903387
154146,28528,2,1970,0.10790464240903387
67056,28528,2,1970,0.10790464240903387
235458,28528,2,1970,0.10790464240903387
157080,28528,2,1970,0.10790464240903387
244680,28528,2,1970,0.10790464240903387
153882,28528,2,1970,0.10790464240903387
239115,28528,2,1970,0.10790464240903387
154551,28528,2,1970,0.10790464240903387
191247,28528,2,1970,0.10790464240903387
225972,28528,2,1970,0.10790464240903387
233427,28528,2,1970,0.10790464240903387
188106,28528,2,1970,0.10790464240903387
204411,28528,2,1970,0.10790464240903387
219420,28528,2,1970,0.10790464240903387
254118,28528,2,1970,0.10790464240903387
214194,28528,2,1970,0.10790464240903387
249159,28528,2,1970,0.10790464240903387
248724,28528,2,1970,0.10790464240903387
153744,28528,2,1970,0.10790464240903387
219381,28528,2,1970,0.10790464240903387
129264,28528,2,1970,0.10790464240903387
192714,28528,2,1970,0.10790464240903387
207216,28528,2,1970,0.10790464240903387
62811,28528,2,1970,0.10790464240903387
72108,28528,2,1970,0.10790464240903387
203256,28528,2,1970,0.10790464240903387
204522,28528,2,1970,0.10790464240903387
179790,28528,2,1970,0.10790464240903387
205947,28528,2,1970,0.10790464240903387
154011,28528,2,1970,0.10790464240903387
246054,28528,2,1970,0.10790464240903387
206076,28528,2,1970,0.10790464240903387
203277,28528,2,1970,0.10790464240903387
153912,28528,2,1970,0.10790464240903387
154740,28528,2,1970,0.10790464240903387
253146,28528,2,1970,0.10790464240903387
154383,28528,2,1970,0.10790464240903387
205812,28528,2,1970,0.10790464240903387
211413,28528,2,1970,0.10790464240903387
153600,28528,2,1970,0.10790464240903387
210627,28528,2,1970,0.10790464240903387
251253,28528,2,1970,0.10790464240903387
242409,28528,2,1970,0.10790464240903387
162960,28528,2,1970,0.10790464240903387
247956,28528,2,1970,0.10790464240903387
212475,28528,2,1970,0.10790464240903387
247548,28528,2,1970,0.10790464240903387
247029,28528,2,1970,0.10790464240903387
253053,28528,2,1970,0.10790464240903387
154743,28528,2,1970,0.10790464240903387
204762,28528,2,1970,0.10790464240903387
210810,28528,2,1970,0.10790464240903387
249486,11390,2,1970,0.10526315789473684
249486,60522,2,1970,0.10526315789473684
249486,55294,2,1970,0.10526315789473684
154698,11390,2,1970,0.10416666666666667
60762,11390,2,1970,0.10416666666666667
251391,60522,2,1970,0.10416666666666667
227664,60522,2,1970,0.10416666666666667
191256,60522,2,1970,0.10416666666666667
60762,60522,2,1970,0.10416666666666667
208092,60522,2,1970,0.10416666666666667
191256,11390,2,1970,0.10416666666666667
154698,60522,2,1970,0.10416666666666667
251391,11390,2,1970,0.10416666666666667
208092,11390,2,1970,0.10416666666666667
227664,11390,2,1970,0.10416666666666667
203058,297724,2,1970,0.10121457489878542
203889,297724,2,1970,0.10121457489878542
203058,53044,2,1970,0.10121457489878542
203889,33570,2,1970,0.10121457489878542
203889,1260,2,1970,0.10121457489878542
203889,296198,2,1970,0.10121457489878542
203058,1260,2,1970,0.10121457489878542
203058,296198,2,1970,0.10121457489878542
203889,53044,2,1970,0.10121457489878542
203889,53170,2,1970,0.10121457489878542
203058,34718,2,1970,0.10121457489878542
203889,23584,2,1970,0.10121457489878542
203889,34718,2,1970,0.10121457489878542
59703,53044,2,1970,0.10121457489878542
203058,23584,2,1970,0.10121457489878542
212505,53170,2,1970,0.10121457489878542
59703,1260,2,1970,0.10121457489878542
59703,23584,2,1970,0.10121457489878542
59703,53170,2,1970,0.10121457489878542
59703,33570,2,1970,0.10121457489878542
203322,53044,2,1970,0.10121457489878542
203322,296198,2,1970,0.10121457489878542
203322,34718,2,1970,0.10121457489878542
238377,297724,2,1970,0.10121457489878542
212505,34718,2,1970,0.10121457489878542
238377,1260,2,1970,0.10121457489878542
238377,23584,2,1970,0.10121457489878542
238377,33570,2,1970,0.10121457489878542
212505,296198,2,1970,0.10121457489878542
211989,34718,2,1970,0.10121457489878542
212505,53044,2,1970,0.10121457489878542
212505,297724,2,1970,0.10121457489878542
212505,1260,2,1970,0.10121457489878542
59703,297724,2,1970,0.10121457489878542
211989,296198,2,1970,0.10121457489878542
203322,297724,2,1970,0.10121457489878542
203058,53170,2,1970,0.10121457489878542
229521,296198,2,1970,0.10121457489878542
229521,53044,2,1970,0.10121457489878542
229521,297724,2,1970,0.10121457489878542
229521,1260,2,1970,0.10121457489878542
229521,23584,2,1970,0.10121457489878542
229521,53170,2,1970,0.10121457489878542
229521,33570,2,1970,0.10121457489878542
238377,34718,2,1970,0.10121457489878542
203322,1260,2,1970,0.10121457489878542
238377,296198,2,1970,0.10121457489878542
238377,53044,2,1970,0.10121457489878542
203322,33570,2,1970,0.10121457489878542
203322,53170,2,1970,0.10121457489878542
203322,23584,2,1970,0.10121457489878542
59703,34718,2,1970,0.10121457489878542
59703,296198,2,1970,0.10121457489878542
212505,23584,2,1970,0.10121457489878542
238377,53170,2,1970,0.10121457489878542
212505,33570,2,1970,0.10121457489878542
211989,33570,2,1970,0.10121457489878542
159027,53170,2,1970,0.10121457489878542
159027,23584,2,1970,0.10121457489878542
159027,1260,2,1970,0.10121457489878542
211542,296198,2,1970,0.10121457489878542
211542,34718,2,1970,0.10121457489878542
159027,297724,2,1970,0.10121457489878542
159027,53044,2,1970,0.10121457489878542
159027,296198,2,1970,0.10121457489878542
159027,33570,2,1970,0.10121457489878542
159027,34718,2,1970,0.10121457489878542
211989,53170,2,1970,0.10121457489878542
211989,23584,2,1970,0.10121457489878542
211989,1260,2,1970,0.10121457489878542
211989,297724,2,1970,0.10121457489878542
211989,53044,2,1970,0.10121457489878542
203058,33570,2,1970,0.10121457489878542
211542,53044,2,1970,0.10121457489878542
229521,34718,2,1970,0.10121457489878542
211542,33570,2,1970,0.10121457489878542
211542,297724,2,1970,0.10121457489878542
211542,1260,2,1970,0.10121457489878542
211542,23584,2,1970,0.10121457489878542
211542,53170,2,1970,0.10121457489878542
249486,33288,2,1970,0.09523809523809523
204057,1260,2,1970,0.08444444444444445
154146,33570,2,1970,0.08444444444444445
235932,296198,2,1970,0.08444444444444445
235932,34718,2,1970,0.08444444444444445
248724,53044,2,1970,0.08444444444444445
204057,53170,2,1970,0.08444444444444445
154146,53170,2,1970,0.08444444444444445
204057,33570,2,1970,0.08444444444444445
248724,34718,2,1970,0.08444444444444445
225972,297724,2,1970,0.08444444444444445
248724,296198,2,1970,0.08444444444444445
188106,1260,2,1970,0.08444444444444445
235932,53044,2,1970,0.08444444444444445
235932,297724,2,1970,0.08444444444444445
204057,23584,2,1970,0.08444444444444445
225972,1260,2,1970,0.08444444444444445
225972,23584,2,1970,0.08444444444444445
235932,1260,2,1970,0.08444444444444445
225972,53170,2,1970,0.08444444444444445
225972,33570,2,1970,0.08444444444444445
235932,23584,2,1970,0.08444444444444445
222225,53044,2,1970,0.08444444444444445
154146,23584,2,1970,0.08444444444444445
222225,297724,2,1970,0.08444444444444445
154146,1260,2,1970,0.08444444444444445
225972,34718,2,1970,0.08444444444444445
225972,296198,2,1970,0.08444444444444445
235932,53170,2,1970,0.08444444444444445
222225,296198,2,1970,0.08444444444444445
222225,34718,2,1970,0.08444444444444445
154146,296198,2,1970,0.08444444444444445
204057,297724,2,1970,0.08444444444444445
248724,33570,2,1970,0.08444444444444445
154146,34718,2,1970,0.08444444444444445
222225,33570,2,1970,0.08444444444444445
222225,53170,2,1970,0.08444444444444445
154146,297724,2,1970,0.08444444444444445
222225,23584,2,1970,0.08444444444444445
248724,53170,2,1970,0.08444444444444445
214194,296198,2,1970,0.08444444444444445
248724,23584,2,1970,0.08444444444444445
154146,53044,2,1970,0.08444444444444445
248724,1260,2,1970,0.08444444444444445
248724,297724,2,1970,0.08444444444444445
222225,1260,2,1970,0.08444444444444445
225972,53044,2,1970,0.08444444444444445
188106,297724,2,1970,0.08444444444444445
192714,33570,2,1970,0.08444444444444445
235932,33570,2,1970,0.08444444444444445
242409,23584,2,1970,0.08444444444444445
242409,53044,2,1970,0.08444444444444445
242409,297724,2,1970,0.08444444444444445
242409,1260,2,1970,0.08444444444444445
219420,33570,2,1970,0.08444444444444445
219420,53170,2,1970,0.08444444444444445
219420,23584,2,1970,0.08444444444444445
242409,53170,2,1970,0.08444444444444445
242409,34718,2,1970,0.08444444444444445
242409,33570,2,1970,0.08444444444444445
219420,1260,2,1970,0.08444444444444445
219420,297724,2,1970,0.08444444444444445
154011,34718,2,1970,0.08444444444444445
154011,296198,2,1970,0.08444444444444445
154011,53044,2,1970,0.08444444444444445
242409,296198,2,1970,0.08444444444444445
191247,34718,2,1970,0.08444444444444445
67056,33570,2,1970,0.08444444444444445
211413,53170,2,1970,0.08444444444444445
211413,34718,2,1970,0.08444444444444445
211413,296198,2,1970,0.08444444444444445
211413,53044,2,1970,0.08444444444444445
211413,297724,2,1970,0.08444444444444445
211413,1260,2,1970,0.08444444444444445
211413,23584,2,1970,0.08444444444444445
211413,33570,2,1970,0.08444444444444445
191247,296198,2,1970,0.08444444444444445
191247,33570,2,1970,0.08444444444444445
191247,53170,2,1970,0.08444444444444445
191247,23584,2,1970,0.08444444444444445
191247,1260,2,1970,0.08444444444444445
191247,297724,2,1970,0.08444444444444445
191247,53044,2,1970,0.08444444444444445
188106,34718,2,1970,0.08444444444444445
219420,53044,2,1970,0.08444444444444445
219420,296198,2,1970,0.08444444444444445
67056,34718,2,1970,0.08444444444444445
192714,23584,2,1970,0.08444444444444445
192714,53170,2,1970,0.08444444444444445
154740,53044,2,1970,0.08444444444444445
214194,53044,2,1970,0.08444444444444445
154740,296198,2,1970,0.08444444444444445
154740,34718,2,1970,0.08444444444444445
67056,296198,2,1970,0.08444444444444445
188106,296198,2,1970,0.08444444444444445
188106,53044,2,1970,0.08444444444444445
67056,53044,2,1970,0.08444444444444445
67056,297724,2,1970,0.08444444444444445
67056,1260,2,1970,0.08444444444444445
67056,23584,2,1970,0.08444444444444445
67056,53170,2,1970,0.08444444444444445
192714,1260,2,1970,0.08444444444444445
192714,297724,2,1970,0.08444444444444445
154740,297724,2,1970,0.08444444444444445
154740,1260,2,1970,0.08444444444444445
154740,23584,2,1970,0.08444444444444445
154740,53170,2,1970,0.08444444444444445
154740,33570,2,1970,0.08444444444444445
192714,53044,2,1970,0.08444444444444445
192714,296198,2,1970,0.08444444444444445
192714,34718,2,1970,0.08444444444444445
188106,53170,2,1970,0.08444444444444445
154011,33570,2,1970,0.08444444444444445
154011,53170,2,1970,0.08444444444444445
154011,23584,2,1970,0.08444444444444445
154011,1260,2,1970,0.08444444444444445
154011,297724,2,1970,0.08444444444444445
219420,34718,2,1970,0.08444444444444445
188106,23584,2,1970,0.08444444444444445
214194,34718,2,1970,0.08444444444444445
188106,33570,2,1970,0.08444444444444445
235458,53044,2,1970,0.08444444444444445
179790,23584,2,1970,0.08444444444444445
179790,1260,2,1970,0.08444444444444445
179790,297724,2,1970,0.08444444444444445
153912,297724,2,1970,0.08444444444444445
153912,1260,2,1970,0.08444444444444445
179790,53044,2,1970,0.08444444444444445
153912,23584,2,1970,0.08444444444444445
153912,53170,2,1970,0.08444444444444445
153912,33570,2,1970,0.08444444444444445
204522,34718,2,1970,0.08444444444444445
179790,296198,2,1970,0.08444444444444445
204522,296198,2,1970,0.08444444444444445
179790,34718,2,1970,0.08444444444444445
219381,33570,2,1970,0.08444444444444445
204522,53044,2,1970,0.08444444444444445
219381,53170,2,1970,0.08444444444444445
219381,23584,2,1970,0.08444444444444445
219381,1260,2,1970,0.08444444444444445
219381,297724,2,1970,0.08444444444444445
154551,296198,2,1970,0.08444444444444445
204522,297724,2,1970,0.08444444444444445
204522,1260,2,1970,0.08444444444444445
219381,53044,2,1970,0.08444444444444445
179790,53170,2,1970,0.08444444444444445
153912,53044,2,1970,0.08444444444444445
204522,53170,2,1970,0.08444444444444445
179790,33570,2,1970,0.08444444444444445
153600,53170,2,1970,0.08444444444444445
247029,53044,2,1970,0.08444444444444445
63690,33570,2,1970,0.08444444444444445
63690,53170,2,1970,0.08444444444444445
63690,23584,2,1970,0.08444444444444445
153600,23584,2,1970,0.08444444444444445
63690,1260,2,1970,0.08444444444444445
63690,297724,2,1970,0.08444444444444445
235458,34718,2,1970,0.08444444444444445
235458,296198,2,1970,0.08444444444444445
247029,297724,2,1970,0.08444444444444445
247029,1260,2,1970,0.08444444444444445
153600,1260,2,1970,0.08444444444444445
63690,53044,2,1970,0.08444444444444445
247029,23584,2,1970,0.08444444444444445
153600,297724,2,1970,0.08444444444444445
247029,53170,2,1970,0.08444444444444445
247029,33570,2,1970,0.08444444444444445
154551,53170,2,1970,0.08444444444444445
153912,34718,2,1970,0.08444444444444445
153912,296198,2,1970,0.08444444444444445
63690,296198,2,1970,0.08444444444444445
63690,34718,2,1970,0.08444444444444445
204522,23584,2,1970,0.08444444444444445
204522,33570,2,1970,0.08444444444444445
249159,53170,2,1970,0.08444444444444445
153600,34718,2,1970,0.08444444444444445
235458,53170,2,1970,0.08444444444444445
235458,33570,2,1970,0.08444444444444445
206076,1260,2,1970,0.08444444444444445
206076,23584,2,1970,0.08444444444444445
206076,53170,2,1970,0.08444444444444445
206076,33570,2,1970,0.08444444444444445
212475,34718,2,1970,0.08444444444444445
129264,53170,2,1970,0.08444444444444445
212475,296198,2,1970,0.08444444444444445
203241,296198,2,1970,0.08444444444444445
203241,53044,2,1970,0.08444444444444445
212475,53044,2,1970,0.08444444444444445
154551,23584,2,1970,0.08444444444444445
203241,297724,2,1970,0.08444444444444445
203241,1260,2,1970,0.08444444444444445
203241,23584,2,1970,0.08444444444444445
203241,53170,2,1970,0.08444444444444445
203241,33570,2,1970,0.08444444444444445
212475,297724,2,1970,0.08444444444444445
212475,1260,2,1970,0.08444444444444445
212475,23584,2,1970,0.08444444444444445
212475,53170,2,1970,0.08444444444444445
212475,33570,2,1970,0.08444444444444445
206076,297724,2,1970,0.08444444444444445
235458,23584,2,1970,0.08444444444444445
247956,34718,2,1970,0.08444444444444445
153600,296198,2,1970,0.08444444444444445
219381,296198,2,1970,0.08444444444444445
247956,296198,2,1970,0.08444444444444445
219381,34718,2,1970,0.08444444444444445
153744,33570,2,1970,0.08444444444444445
247956,53044,2,1970,0.08444444444444445
153744,53170,2,1970,0.08444444444444445
153744,23584,2,1970,0.08444444444444445
153744,1260,2,1970,0.08444444444444445
153744,297724,2,1970,0.08444444444444445
247956,297724,2,1970,0.08444444444444445
247956,1260,2,1970,0.08444444444444445
153744,53044,2,1970,0.08444444444444445
153600,53044,2,1970,0.08444444444444445
247956,23584,2,1970,0.08444444444444445
247956,53170,2,1970,0.08444444444444445
247956,33570,2,1970,0.08444444444444445
206076,34718,2,1970,0.08444444444444445
153744,296198,2,1970,0.08444444444444445
206076,296198,2,1970,0.08444444444444445
235458,297724,2,1970,0.08444444444444445
153744,34718,2,1970,0.08444444444444445
206076,53044,2,1970,0.08444444444444445
235458,1260,2,1970,0.08444444444444445
244680,34718,2,1970,0.08444444444444445
244680,296198,2,1970,0.08444444444444445
247029,296198,2,1970,0.08444444444444445
246054,53170,2,1970,0.08444444444444445
254118,297724,2,1970,0.08444444444444445
254118,1260,2,1970,0.08444444444444445
254118,23584,2,1970,0.08444444444444445
173940,53044,2,1970,0.08444444444444445
254118,53170,2,1970,0.08444444444444445
173940,296198,2,1970,0.08444444444444445
173940,34718,2,1970,0.08444444444444445
233427,53044,2,1970,0.08444444444444445
253053,33570,2,1970,0.08444444444444445
253053,53170,2,1970,0.08444444444444445
254118,33570,2,1970,0.08444444444444445
233427,296198,2,1970,0.08444444444444445
253053,23584,2,1970,0.08444444444444445
233427,34718,2,1970,0.08444444444444445
253053,1260,2,1970,0.08444444444444445
253053,297724,2,1970,0.08444444444444445
162960,33570,2,1970,0.08444444444444445
162960,53170,2,1970,0.08444444444444445
162960,23584,2,1970,0.08444444444444445
203256,34718,2,1970,0.08444444444444445
253053,53044,2,1970,0.08444444444444445
203256,296198,2,1970,0.08444444444444445
162960,1260,2,1970,0.08444444444444445
246054,33570,2,1970,0.08444444444444445
246054,23584,2,1970,0.08444444444444445
153600,33570,2,1970,0.08444444444444445
246054,1260,2,1970,0.08444444444444445
129264,23584,2,1970,0.08444444444444445
254118,34718,2,1970,0.08444444444444445
129264,1260,2,1970,0.08444444444444445
254118,296198,2,1970,0.08444444444444445
129264,297724,2,1970,0.08444444444444445
233427,33570,2,1970,0.08444444444444445
233427,53170,2,1970,0.08444444444444445
129264,53044,2,1970,0.08444444444444445
233427,23584,2,1970,0.08444444444444445
246054,34718,2,1970,0.08444444444444445
254118,53044,2,1970,0.08444444444444445
246054,296198,2,1970,0.08444444444444445
129264,296198,2,1970,0.08444444444444445
246054,53044,2,1970,0.08444444444444445
233427,1260,2,1970,0.08444444444444445
129264,34718,2,1970,0.08444444444444445
173940,33570,2,1970,0.08444444444444445
173940,53170,2,1970,0.08444444444444445
173940,23584,2,1970,0.08444444444444445
173940,1260,2,1970,0.08444444444444445
173940,297724,2,1970,0.08444444444444445
246054,297724,2,1970,0.08444444444444445
233427,297724,2,1970,0.08444444444444445
162960,297724,2,1970,0.08444444444444445
253053,296198,2,1970,0.08444444444444445
253053,34718,2,1970,0.08444444444444445
62811,34718,2,1970,0.08444444444444445
154743,297724,2,1970,0.08444444444444445
154743,1260,2,1970,0.08444444444444445
154743,23584,2,1970,0.08444444444444445
154743,53170,2,1970,0.08444444444444445
154743,33570,2,1970,0.08444444444444445
162960,53044,2,1970,0.08444444444444445
210627,296198,2,1970,0.08444444444444445
210627,34718,2,1970,0.08444444444444445
203256,297724,2,1970,0.08444444444444445
203256,1260,2,1970,0.08444444444444445
162960,296198,2,1970,0.08444444444444445
244680,33570,2,1970,0.08444444444444445
244680,53170,2,1970,0.08444444444444445
244680,23584,2,1970,0.08444444444444445
203256,23584,2,1970,0.08444444444444445
244680,1260,2,1970,0.08444444444444445
162960,34718,2,1970,0.08444444444444445
203256,53170,2,1970,0.08444444444444445
244680,297724,2,1970,0.08444444444444445
203256,33570,2,1970,0.08444444444444445
244680,53044,2,1970,0.08444444444444445
154551,34718,2,1970,0.08444444444444445
247029,34718,2,1970,0.08444444444444445
210627,53044,2,1970,0.08444444444444445
210627,297724,2,1970,0.08444444444444445
210627,1260,2,1970,0.08444444444444445
62811,23584,2,1970,0.08444444444444445
62811,296198,2,1970,0.08444444444444445
253146,33570,2,1970,0.08444444444444445
253146,53170,2,1970,0.08444444444444445
253146,23584,2,1970,0.08444444444444445
62811,53044,2,1970,0.08444444444444445
253146,1260,2,1970,0.08444444444444445
253146,297724,2,1970,0.08444444444444445
253146,53044,2,1970,0.08444444444444445
62811,297724,2,1970,0.08444444444444445
62811,1260,2,1970,0.08444444444444445
62811,53170,2,1970,0.08444444444444445
154743,53044,2,1970,0.08444444444444445
62811,33570,2,1970,0.08444444444444445
203256,53044,2,1970,0.08444444444444445
253146,296198,2,1970,0.08444444444444445
253146,34718,2,1970,0.08444444444444445
154743,34718,2,1970,0.08444444444444445
154743,296198,2,1970,0.08444444444444445
210627,33570,2,1970,0.08444444444444445
210627,53170,2,1970,0.08444444444444445
210627,23584,2,1970,0.08444444444444445
154551,33570,2,1970,0.08444444444444445
249159,33570,2,1970,0.08444444444444445
203241,34718,2,1970,0.08444444444444445
249159,23584,2,1970,0.08444444444444445
255489,34718,2,1970,0.08444444444444445
214194,1260,2,1970,0.08444444444444445
205947,33570,2,1970,0.08444444444444445
157080,34718,2,1970,0.08444444444444445
153882,297724,2,1970,0.08444444444444445
207216,53044,2,1970,0.08444444444444445
153882,1260,2,1970,0.08444444444444445
247548,53044,2,1970,0.08444444444444445
153882,23584,2,1970,0.08444444444444445
153882,53170,2,1970,0.08444444444444445
153882,33570,2,1970,0.08444444444444445
157080,296198,2,1970,0.08444444444444445
247548,1260,2,1970,0.08444444444444445
255489,296198,2,1970,0.08444444444444445
247548,296198,2,1970,0.08444444444444445
247548,34718,2,1970,0.08444444444444445
214194,297724,2,1970,0.08444444444444445
255489,53044,2,1970,0.08444444444444445
207216,296198,2,1970,0.08444444444444445
207216,34718,2,1970,0.08444444444444445
157080,53044,2,1970,0.08444444444444445
255489,297724,2,1970,0.08444444444444445
255489,1260,2,1970,0.08444444444444445
247548,297724,2,1970,0.08444444444444445
247548,23584,2,1970,0.08444444444444445
207216,23584,2,1970,0.08444444444444445
204762,297724,2,1970,0.08444444444444445
239115,296198,2,1970,0.08444444444444445
239115,34718,2,1970,0.08444444444444445
214194,23584,2,1970,0.08444444444444445
207216,1260,2,1970,0.08444444444444445
154551,53044,2,1970,0.08444444444444445
204762,33570,2,1970,0.08444444444444445
204762,53170,2,1970,0.08444444444444445
207216,297724,2,1970,0.08444444444444445
204762,23584,2,1970,0.08444444444444445
204762,1260,2,1970,0.08444444444444445
205947,297724,2,1970,0.08444444444444445
247548,53170,2,1970,0.08444444444444445
205947,1260,2,1970,0.08444444444444445
204762,53044,2,1970,0.08444444444444445
153882,34718,2,1970,0.08444444444444445
72108,34718,2,1970,0.08444444444444445
204762,296198,2,1970,0.08444444444444445
205947,23584,2,1970,0.08444444444444445
205947,53170,2,1970,0.08444444444444445
204762,34718,2,1970,0.08444444444444445
153882,53044,2,1970,0.08444444444444445
247548,33570,2,1970,0.08444444444444445
255489,23584,2,1970,0.08444444444444445
255489,53170,2,1970,0.08444444444444445
255489,33570,2,1970,0.08444444444444445
203277,1260,2,1970,0.08444444444444445
203277,33570,2,1970,0.08444444444444445
210810,23584,2,1970,0.08444444444444445
210810,53170,2,1970,0.08444444444444445
210810,33570,2,1970,0.08444444444444445
203277,53170,2,1970,0.08444444444444445
204411,53044,2,1970,0.08444444444444445
225012,297724,2,1970,0.08444444444444445
225012,1260,2,1970,0.08444444444444445
203277,23584,2,1970,0.08444444444444445
225012,23584,2,1970,0.08444444444444445
203277,297724,2,1970,0.08444444444444445
157080,297724,2,1970,0.08444444444444445
204411,296198,2,1970,0.08444444444444445
225012,53170,2,1970,0.08444444444444445
204411,34718,2,1970,0.08444444444444445
225012,33570,2,1970,0.08444444444444445
204057,34718,2,1970,0.08444444444444445
204057,296198,2,1970,0.08444444444444445
203277,53044,2,1970,0.08444444444444445
204057,53044,2,1970,0.08444444444444445
203277,296198,2,1970,0.08444444444444445
203277,34718,2,1970,0.08444444444444445
210810,1260,2,1970,0.08444444444444445
225012,53044,2,1970,0.08444444444444445
205812,34718,2,1970,0.08444444444444445
210810,297724,2,1970,0.08444444444444445
157080,1260,2,1970,0.08444444444444445
157080,23584,2,1970,0.08444444444444445
157080,53170,2,1970,0.08444444444444445
157080,33570,2,1970,0.08444444444444445
204411,33570,2,1970,0.08444444444444445
204411,53170,2,1970,0.08444444444444445
204411,23584,2,1970,0.08444444444444445
225012,34718,2,1970,0.08444444444444445
225012,296198,2,1970,0.08444444444444445
204411,1260,2,1970,0.08444444444444445
205812,33570,2,1970,0.08444444444444445
205812,53170,2,1970,0.08444444444444445
205812,23584,2,1970,0.08444444444444445
204411,297724,2,1970,0.08444444444444445
205812,1260,2,1970,0.08444444444444445
210810,34718,2,1970,0.08444444444444445
210810,296198,2,1970,0.08444444444444445
205812,297724,2,1970,0.08444444444444445
210810,53044,2,1970,0.08444444444444445
205812,53044,2,1970,0.08444444444444445
205812,296198,2,1970,0.08444444444444445
214194,53170,2,1970,0.08444444444444445
153882,296198,2,1970,0.08444444444444445
207216,53170,2,1970,0.08444444444444445
183672,53044,2,1970,0.08444444444444445
251253,53170,2,1970,0.08444444444444445
251253,23584,2,1970,0.08444444444444445
249159,34718,2,1970,0.08444444444444445
183672,33570,2,1970,0.08444444444444445
251253,1260,2,1970,0.08444444444444445
251253,297724,2,1970,0.08444444444444445
183672,53170,2,1970,0.08444444444444445
206442,297724,2,1970,0.08444444444444445
206442,1260,2,1970,0.08444444444444445
239115,53044,2,1970,0.08444444444444445
251253,53044,2,1970,0.08444444444444445
206442,23584,2,1970,0.08444444444444445
206442,53170,2,1970,0.08444444444444445
183672,23584,2,1970,0.08444444444444445
206442,33570,2,1970,0.08444444444444445
206616,34718,2,1970,0.08444444444444445
206616,296198,2,1970,0.08444444444444445
251253,296198,2,1970,0.08444444444444445
183672,1260,2,1970,0.08444444444444445
251253,34718,2,1970,0.08444444444444445
183672,297724,2,1970,0.08444444444444445
251253,33570,2,1970,0.08444444444444445
249159,296198,2,1970,0.08444444444444445
249159,53044,2,1970,0.08444444444444445
72108,297724,2,1970,0.08444444444444445
72108,296198,2,1970,0.08444444444444445
249159,1260,2,1970,0.08444444444444445
72108,53044,2,1970,0.08444444444444445
154383,33570,2,1970,0.08444444444444445
154383,53170,2,1970,0.08444444444444445
154383,23584,2,1970,0.08444444444444445
154383,1260,2,1970,0.08444444444444445
249159,297724,2,1970,0.08444444444444445
154383,297724,2,1970,0.08444444444444445
72108,1260,2,1970,0.08444444444444445
206442,53044,2,1970,0.08444444444444445
154383,53044,2,1970,0.08444444444444445
72108,23584,2,1970,0.08444444444444445
154551,1260,2,1970,0.08444444444444445
72108,53170,2,1970,0.08444444444444445
72108,33570,2,1970,0.08444444444444445
206442,34718,2,1970,0.08444444444444445
206442,296198,2,1970,0.08444444444444445
154383,296198,2,1970,0.08444444444444445
154383,34718,2,1970,0.08444444444444445
206616,53044,2,1970,0.08444444444444445
129264,33570,2,1970,0.08444444444444445
183672,296198,2,1970,0.08444444444444445
239115,23584,2,1970,0.08444444444444445
239115,297724,2,1970,0.08444444444444445
206616,23584,2,1970,0.08444444444444445
206616,1260,2,1970,0.08444444444444445
239115,53170,2,1970,0.08444444444444445
239115,33570,2,1970,0.08444444444444445
205947,34718,2,1970,0.08444444444444445
207216,33570,2,1970,0.08444444444444445
206616,53170,2,1970,0.08444444444444445
206616,33570,2,1970,0.08444444444444445
206616,297724,2,1970,0.08444444444444445
183672,34718,2,1970,0.08444444444444445
214194,33570,2,1970,0.08444444444444445
205947,296198,2,1970,0.08444444444444445
205947,53044,2,1970,0.08444444444444445
154551,297724,2,1970,0.08444444444444445
239115,1260,2,1970,0.08444444444444445
154713,53256,2,1970,0.08333333333333333
236973,1440,2,1970,0.08333333333333333
208518,1440,2,1970,0.08333333333333333
167364,1440,2,1970,0.08333333333333333
222225,28528,2,1970,0.06796116504854369
206442,28528,2,1970,0.06796116504854369
235932,28528,2,1970,0.06796116504854369
63690,28528,2,1970,0.06796116504854369
173667,55294,2,1970,0.06722689075630252
199044,55294,2,1970,0.06722689075630252
243546,22644,2,1970,0.06666666666666667
217848,22644,2,1970,0.06666666666666667
207339,13362,2,1970,0.06666666666666667
207339,22644,2,1970,0.06666666666666667
217848,13362,2,1970,0.06666666666666667
243546,13362,2,1970,0.06666666666666667
231057,13362,2,1970,0.06666666666666667
242442,22644,2,1970,0.06666666666666667
231057,22644,2,1970,0.06666666666666667
242442,13362,2,1970,0.06666666666666667
227664,55294,2,1970,0.06349206349206349
154698,55294,2,1970,0.06349206349206349
208092,55294,2,1970,0.06349206349206349
60762,55294,2,1970,0.06349206349206349
191256,55294,2,1970,0.06349206349206349
251391,55294,2,1970,0.06349206349206349
208518,60522,2,1970,0.0625
208518,11390,2,1970,0.0625
236973,11390,2,1970,0.0625
236973,60522,2,1970,0.0625
247029,55294,2,1970,0.06109725685785536
204057,55294,2,1970,0.06109725685785536
129264,55294,2,1970,0.06109725685785536
233427,55294,2,1970,0.06109725685785536
254118,55294,2,1970,0.06109725685785536
207216,55294,2,1970,0.06109725685785536
153912,55294,2,1970,0.06109725685785536
154146,55294,2,1970,0.06109725685785536
248724,55294,2,1970,0.06109725685785536
179790,55294,2,1970,0.06109725685785536
225012,55294,2,1970,0.06109725685785536
153600,55294,2,1970,0.06109725685785536
214194,55294,2,1970,0.06109725685785536
188106,55294,2,1970,0.06109725685785536
246054,55294,2,1970,0.06109725685785536
173940,55294,2,1970,0.06109725685785536
249159,55294,2,1970,0.06109725685785536
203241,55294,2,1970,0.06109725685785536
203277,55294,2,1970,0.06109725685785536
212475,55294,2,1970,0.06109725685785536
239115,55294,2,1970,0.06109725685785536
154383,55294,2,1970,0.06109725685785536
72108,55294,2,1970,0.06109725685785536
206616,55294,2,1970,0.06109725685785536
157080,55294,2,1970,0.06109725685785536
204411,55294,2,1970,0.06109725685785536
191247,55294,2,1970,0.06109725685785536
162960,55294,2,1970,0.06109725685785536
247956,55294,2,1970,0.06109725685785536
153744,55294,2,1970,0.06109725685785536
255489,55294,2,1970,0.06109725685785536
219381,55294,2,1970,0.06109725685785536
235458,55294,2,1970,0.06109725685785536
247548,55294,2,1970,0.06109725685785536
204522,55294,2,1970,0.06109725685785536
153882,55294,2,1970,0.06109725685785536
210627,55294,2,1970,0.06109725685785536
203256,55294,2,1970,0.06109725685785536
154743,55294,2,1970,0.06109725685785536
183672,55294,2,1970,0.06109725685785536
219420,55294,2,1970,0.06109725685785536
62811,55294,2,1970,0.06109725685785536
253146,55294,2,1970,0.06109725685785536
244680,55294,2,1970,0.06109725685785536
251253,55294,2,1970,0.06109725685785536
154011,55294,2,1970,0.06109725685785536
205947,55294,2,1970,0.06109725685785536
154551,55294,2,1970,0.06109725685785536
210810,55294,2,1970,0.06109725685785536
205812,55294,2,1970,0.06109725685785536
204762,55294,2,1970,0.06109725685785536
67056,55294,2,1970,0.06109725685785536
206076,55294,2,1970,0.06109725685785536
253053,55294,2,1970,0.06109725685785536
242409,55294,2,1970,0.06109725685785536
211413,55294,2,1970,0.06109725685785536
225972,55294,2,1970,0.06109725685785536
154740,55294,2,1970,0.06109725685785536
192714,55294,2,1970,0.06109725685785536
213102,13362,2,1970,0.06040268456375839
178230,13362,2,1970,0.06040268456375839
205191,13362,2,1970,0.06040268456375839
209637,13362,2,1970,0.06040268456375839
157767,13362,2,1970,0.06040268456375839
167364,33288,2,1970,0.058823529411764705
236973,33288,2,1970,0.058823529411764705
154713,33288,2,1970,0.058823529411764705
208518,33288,2,1970,0.058823529411764705
59703,55294,2,1970,0.056910569105691054
212505,55294,2,1970,0.056910569105691054
203889,55294,2,1970,0.056910569105691054
203058,55294,2,1970,0.056910569105691054
229521,55294,2,1970,0.056910569105691054
203322,55294,2,1970,0.056910569105691054
211542,55294,2,1970,0.056910569105691054
211989,55294,2,1970,0.056910569105691054
238377,55294,2,1970,0.056910569105691054
159027,55294,2,1970,0.056910569105691054
211542,33288,2,1970,0.05485232067510549
59703,33288,2,1970,0.05485232067510549
159027,33288,2,1970,0.05485232067510549
203889,33288,2,1970,0.05485232067510549
203058,33288,2,1970,0.05485232067510549
203322,33288,2,1970,0.05485232067510549
211989,33288,2,1970,0.05485232067510549
229521,33288,2,1970,0.05485232067510549
212505,33288,2,1970,0.05485232067510549
238377,33288,2,1970,0.05485232067510549
220047,56892,2,1970,0.05263157894736842
220047,22644,2,1970,0.05263157894736842
220047,13362,2,1970,0.05263157894736842
154698,21632,2,1970,0.0525328330206379
236973,297016,2,1970,0.0525328330206379
208518,297016,2,1970,0.0525328330206379
236973,21632,2,1970,0.0525328330206379
60762,297016,2,1970,0.0525328330206379
199044,297016,2,1970,0.0525328330206379
60762,21632,2,1970,0.0525328330206379
208518,21632,2,1970,0.0525328330206379
208092,21632,2,1970,0.0525328330206379
167364,21632,2,1970,0.0525328330206379
208092,297016,2,1970,0.0525328330206379
199044,21632,2,1970,0.0525328330206379
191256,21632,2,1970,0.0525328330206379
154698,297016,2,1970,0.0525328330206379
167364,297016,2,1970,0.0525328330206379
206364,21632,2,1970,0.0525328330206379
191256,297016,2,1970,0.0525328330206379
173667,297016,2,1970,0.0525328330206379
173667,21632,2,1970,0.0525328330206379
227664,297016,2,1970,0.0525328330206379
251391,297016,2,1970,0.0525328330206379
251391,21632,2,1970,0.0525328330206379
249486,21632,2,1970,0.0525328330206379
206364,297016,2,1970,0.0525328330206379
227664,21632,2,1970,0.0525328330206379
249486,297016,2,1970,0.0525328330206379
251391,26850,2,1970,0.04878048780487805
227664,26850,2,1970,0.04878048780487805
191256,26850,2,1970,0.04878048780487805
208092,26850,2,1970,0.04878048780487805
154698,26850,2,1970,0.04878048780487805
60762,26850,2,1970,0.04878048780487805
208575,1440,2,1970,0.047619047619047616
211965,1440,2,1970,0.047619047619047616
211542,11390,2,1970,0.04594594594594595
203322,60522,2,1970,0.04594594594594595
211989,11390,2,1970,0.04594594594594595
203322,11390,2,1970,0.04594594594594595
238377,60522,2,1970,0.04594594594594595
238377,11390,2,1970,0.04594594594594595
211542,60522,2,1970,0.04594594594594595
212505,60522,2,1970,0.04594594594594595
212505,11390,2,1970,0.04594594594594595
159027,11390,2,1970,0.04594594594594595
211989,60522,2,1970,0.04594594594594595
59703,11390,2,1970,0.04594594594594595
203889,11390,2,1970,0.04594594594594595
229521,60522,2,1970,0.04594594594594595
203058,60522,2,1970,0.04594594594594595
203058,11390,2,1970,0.04594594594594595
203889,60522,2,1970,0.04594594594594595
229521,11390,2,1970,0.04594594594594595
159027,60522,2,1970,0.04594594594594595
59703,60522,2,1970,0.04594594594594595
208575,22644,2,1970,0.045454545454545456
211965,22644,2,1970,0.045454545454545456
208575,56892,2,1970,0.045454545454545456
211965,56892,2,1970,0.045454545454545456
211965,33288,2,1970,0.044444444444444446
208575,33288,2,1970,0.044444444444444446
211542,1440,2,1970,0.041666666666666664
59703,1440,2,1970,0.041666666666666664
211989,1440,2,1970,0.041666666666666664
199044,1440,2,1970,0.041666666666666664
203058,1440,2,1970,0.041666666666666664
229521,1440,2,1970,0.041666666666666664
238377,1440,2,1970,0.041666666666666664
203322,1440,2,1970,0.041666666666666664
173667,1440,2,1970,0.041666666666666664
203889,1440,2,1970,0.041666666666666664
212505,1440,2,1970,0.041666666666666664
249486,1440,2,1970,0.041666666666666664
159027,1440,2,1970,0.041666666666666664
217848,53256,2,1970,0.039301310043668124
207339,53256,2,1970,0.039301310043668124
208575,53256,2,1970,0.039301310043668124
243546,53256,2,1970,0.039301310043668124
231057,53256,2,1970,0.039301310043668124
236973,53256,2,1970,0.039301310043668124
206364,53256,2,1970,0.039301310043668124
208518,53256,2,1970,0.039301310043668124
211965,53256,2,1970,0.039301310043668124
242442,53256,2,1970,0.039301310043668124
227664,56182,2,1970,0.039285714285714285
231057,56208,2,1970,0.039285714285714285
231057,56188,2,1970,0.039285714285714285
227664,56196,2,1970,0.039285714285714285
242442,56208,2,1970,0.039285714285714285
242442,56148,2,1970,0.039285714285714285
231057,56148,2,1970,0.039285714285714285
208092,56188,2,1970,0.039285714285714285
242442,56182,2,1970,0.039285714285714285
242442,56194,2,1970,0.039285714285714285
242442,56188,2,1970,0.039285714285714285
227664,56148,2,1970,0.039285714285714285
209637,56194,2,1970,0.039285714285714285
242442,56196,2,1970,0.039285714285714285
154698,56208,2,1970,0.039285714285714285
209637,56182,2,1970,0.039285714285714285
178230,56148,2,1970,0.039285714285714285
167364,56182,2,1970,0.039285714285714285
154698,56188,2,1970,0.039285714285714285
167364,56208,2,1970,0.039285714285714285
154698,56194,2,1970,0.039285714285714285
154698,56182,2,1970,0.039285714285714285
167364,56148,2,1970,0.039285714285714285
209637,56208,2,1970,0.039285714285714285
209637,56148,2,1970,0.039285714285714285
231057,56182,2,1970,0.039285714285714285
167364,56194,2,1970,0.039285714285714285
178230,56208,2,1970,0.039285714285714285
178230,56196,2,1970,0.039285714285714285
227664,56194,2,1970,0.039285714285714285
167364,56196,2,1970,0.039285714285714285
231057,56196,2,1970,0.039285714285714285
209637,56196,2,1970,0.039285714285714285
154698,56196,2,1970,0.039285714285714285
167364,56188,2,1970,0.039285714285714285
178230,56182,2,1970,0.039285714285714285
154698,56148,2,1970,0.039285714285714285
178230,56194,2,1970,0.039285714285714285
231057,56194,2,1970,0.039285714285714285
178230,56188,2,1970,0.039285714285714285
227664,56188,2,1970,0.039285714285714285
208092,56182,2,1970,0.039285714285714285
251391,56194,2,1970,0.039285714285714285
205191,56196,2,1970,0.039285714285714285
208092,56196,2,1970,0.039285714285714285
243546,56188,2,1970,0.039285714285714285
251391,56208,2,1970,0.039285714285714285
60762,56196,2,1970,0.039285714285714285
206364,56196,2,1970,0.039285714285714285
60762,56182,2,1970,0.039285714285714285
60762,56194,2,1970,0.039285714285714285
60762,56188,2,1970,0.039285714285714285
208092,56148,2,1970,0.039285714285714285
220047,56208,2,1970,0.039285714285714285
220047,56148,2,1970,0.039285714285714285
209637,56188,2,1970,0.039285714285714285
208092,56194,2,1970,0.039285714285714285
220047,56196,2,1970,0.039285714285714285
220047,56182,2,1970,0.039285714285714285
220047,56194,2,1970,0.039285714285714285
243546,56194,2,1970,0.039285714285714285
251391,56196,2,1970,0.039285714285714285
243546,56182,2,1970,0.039285714285714285
243546,56148,2,1970,0.039285714285714285
243546,56208,2,1970,0.039285714285714285
157767,56208,2,1970,0.039285714285714285
206364,56188,2,1970,0.039285714285714285
207339,56188,2,1970,0.039285714285714285
207339,56194,2,1970,0.039285714285714285
207339,56182,2,1970,0.039285714285714285
60762,56208,2,1970,0.039285714285714285
60762,56148,2,1970,0.039285714285714285
207339,56196,2,1970,0.039285714285714285
251391,56148,2,1970,0.039285714285714285
207339,56148,2,1970,0.039285714285714285
207339,56208,2,1970,0.039285714285714285
157767,56148,2,1970,0.039285714285714285
243546,56196,2,1970,0.039285714285714285
206364,56182,2,1970,0.039285714285714285
220047,56188,2,1970,0.039285714285714285
213102,56194,2,1970,0.039285714285714285
213102,56148,2,1970,0.039285714285714285
213102,56182,2,1970,0.039285714285714285
205191,56208,2,1970,0.039285714285714285
205191,56148,2,1970,0.039285714285714285
251391,56188,2,1970,0.039285714285714285
205191,56182,2,1970,0.039285714285714285
205191,56194,2,1970,0.039285714285714285
213102,56196,2,1970,0.039285714285714285
213102,56208,2,1970,0.039285714285714285
217848,56188,2,1970,0.039285714285714285
205191,56188,2,1970,0.039285714285714285
251391,56182,2,1970,0.039285714285714285
157767,56182,2,1970,0.039285714285714285
208092,56208,2,1970,0.039285714285714285
157767,56194,2,1970,0.039285714285714285
227664,56208,2,1970,0.039285714285714285
157767,56188,2,1970,0.039285714285714285
206364,56208,2,1970,0.039285714285714285
206364,56194,2,1970,0.039285714285714285
213102,56188,2,1970,0.039285714285714285
191256,56182,2,1970,0.039285714285714285
217848,56194,2,1970,0.039285714285714285
206364,56148,2,1970,0.039285714285714285
217848,56182,2,1970,0.039285714285714285
191256,56188,2,1970,0.039285714285714285
217848,56196,2,1970,0.039285714285714285
191256,56194,2,1970,0.039285714285714285
217848,56148,2,1970,0.039285714285714285
217848,56208,2,1970,0.039285714285714285
157767,56196,2,1970,0.039285714285714285
191256,56196,2,1970,0.039285714285714285
191256,56148,2,1970,0.039285714285714285
191256,56208,2,1970,0.039285714285714285
63690,33288,2,1970,0.03553299492385787
206442,33288,2,1970,0.03553299492385787
222225,33288,2,1970,0.03553299492385787
235932,33288,2,1970,0.03553299492385787
206364,33288,2,1970,0.03333333333333333
203058,56892,2,1970,0.03278688524590164
212505,56892,2,1970,0.03278688524590164
203889,56892,2,1970,0.03278688524590164
229521,56892,2,1970,0.03278688524590164
203322,56892,2,1970,0.03278688524590164
211989,56892,2,1970,0.03278688524590164
211542,56892,2,1970,0.03278688524590164
238377,56892,2,1970,0.03278688524590164
159027,56892,2,1970,0.03278688524590164
59703,56892,2,1970,0.03278688524590164
154698,296930,2,1970,0.03125
251391,296930,2,1970,0.03125
60762,296930,2,1970,0.03125
208092,296930,2,1970,0.03125
191256,296930,2,1970,0.03125
227664,296930,2,1970,0.03125
214194,1440,2,1970,0.03090507726269316
154551,1440,2,1970,0.03090507726269316
225972,1440,2,1970,0.03090507726269316
206442,1440,2,1970,0.03090507726269316
254118,1440,2,1970,0.03090507726269316
233427,1440,2,1970,0.03090507726269316
206076,1440,2,1970,0.03090507726269316
203241,1440,2,1970,0.03090507726269316
72108,1440,2,1970,0.03090507726269316
154383,1440,2,1970,0.03090507726269316
251253,1440,2,1970,0.03090507726269316
247548,1440,2,1970,0.03090507726269316
162960,1440,2,1970,0.03090507726269316
203256,1440,2,1970,0.03090507726269316
206616,1440,2,1970,0.03090507726269316
239115,1440,2,1970,0.03090507726269316
153600,1440,2,1970,0.03090507726269316
235458,1440,2,1970,0.03090507726269316
153744,1440,2,1970,0.03090507726269316
247956,1440,2,1970,0.03090507726269316
222225,1440,2,1970,0.03090507726269316
219381,1440,2,1970,0.03090507726269316
204522,1440,2,1970,0.03090507726269316
129264,1440,2,1970,0.03090507726269316
179790,1440,2,1970,0.03090507726269316
153912,1440,2,1970,0.03090507726269316
63690,1440,2,1970,0.03090507726269316
247029,1440,2,1970,0.03090507726269316
244680,1440,2,1970,0.03090507726269316
246054,1440,2,1970,0.03090507726269316
173940,1440,2,1970,0.03090507726269316
210627,1440,2,1970,0.03090507726269316
154743,1440,2,1970,0.03090507726269316
253146,1440,2,1970,0.03090507726269316
62811,1440,2,1970,0.03090507726269316
153882,1440,2,1970,0.03090507726269316
204762,1440,2,1970,0.03090507726269316
242409,1440,2,1970,0.03090507726269316
192714,1440,2,1970,0.03090507726269316
191247,1440,2,1970,0.03090507726269316
207216,1440,2,1970,0.03090507726269316
219420,1440,2,1970,0.03090507726269316
154011,1440,2,1970,0.03090507726269316
157080,1440,2,1970,0.03090507726269316
220047,1440,2,1970,0.03090507726269316
154740,1440,2,1970,0.03090507726269316
205947,1440,2,1970,0.03090507726269316
67056,1440,2,1970,0.03090507726269316
235932,1440,2,1970,0.03090507726269316
248724,1440,2,1970,0.03090507726269316
154146,1440,2,1970,0.03090507726269316
204411,1440,2,1970,0.03090507726269316
225012,1440,2,1970,0.03090507726269316
211413,1440,2,1970,0.03090507726269316
253053,1440,2,1970,0.03090507726269316
212475,1440,2,1970,0.03090507726269316
255489,1440,2,1970,0.03090507726269316
205812,1440,2,1970,0.03090507726269316
204057,1440,2,1970,0.03090507726269316
210810,1440,2,1970,0.03090507726269316
183672,1440,2,1970,0.03090507726269316
203277,1440,2,1970,0.03090507726269316
249159,1440,2,1970,0.03090507726269316
188106,1440,2,1970,0.03090507726269316
129264,60522,2,1970,0.030782029950083195
173940,60522,2,1970,0.030782029950083195
173940,11390,2,1970,0.030782029950083195
253053,11390,2,1970,0.030782029950083195
235458,11390,2,1970,0.030782029950083195
235458,60522,2,1970,0.030782029950083195
225012,11390,2,1970,0.030782029950083195
205947,11390,2,1970,0.030782029950083195
129264,11390,2,1970,0.030782029950083195
225012,60522,2,1970,0.030782029950083195
254118,60522,2,1970,0.030782029950083195
157080,11390,2,1970,0.030782029950083195
205947,60522,2,1970,0.030782029950083195
254118,11390,2,1970,0.030782029950083195
212475,11390,2,1970,0.030782029950083195
157080,60522,2,1970,0.030782029950083195
203256,11390,2,1970,0.030782029950083195
203256,60522,2,1970,0.030782029950083195
212475,60522,2,1970,0.030782029950083195
219381,60522,2,1970,0.030782029950083195
253053,60522,2,1970,0.030782029950083195
204762,60522,2,1970,0.030782029950083195
247548,60522,2,1970,0.030782029950083195
205812,11390,2,1970,0.030782029950083195
205812,60522,2,1970,0.030782029950083195
203277,11390,2,1970,0.030782029950083195
203277,60522,2,1970,0.030782029950083195
188106,11390,2,1970,0.030782029950083195
188106,60522,2,1970,0.030782029950083195
191247,11390,2,1970,0.030782029950083195
191247,60522,2,1970,0.030782029950083195
219420,11390,2,1970,0.030782029950083195
219420,60522,2,1970,0.030782029950083195
154740,11390,2,1970,0.030782029950083195
154740,60522,2,1970,0.030782029950083195
154146,11390,2,1970,0.030782029950083195
154146,60522,2,1970,0.030782029950083195
247548,11390,2,1970,0.030782029950083195
204762,11390,2,1970,0.030782029950083195
253146,11390,2,1970,0.030782029950083195
239115,60522,2,1970,0.030782029950083195
253146,60522,2,1970,0.030782029950083195
210627,11390,2,1970,0.030782029950083195
210627,60522,2,1970,0.030782029950083195
244680,11390,2,1970,0.030782029950083195
244680,60522,2,1970,0.030782029950083195
179790,11390,2,1970,0.030782029950083195
179790,60522,2,1970,0.030782029950083195
219381,11390,2,1970,0.030782029950083195
153744,11390,2,1970,0.030782029950083195
153744,60522,2,1970,0.030782029950083195
154383,11390,2,1970,0.030782029950083195
154383,60522,2,1970,0.030782029950083195
251253,11390,2,1970,0.030782029950083195
251253,60522,2,1970,0.030782029950083195
239115,11390,2,1970,0.030782029950083195
204411,60522,2,1970,0.030782029950083195
248724,60522,2,1970,0.030782029950083195
183672,60522,2,1970,0.030782029950083195
62811,60522,2,1970,0.030782029950083195
211413,60522,2,1970,0.030782029950083195
204057,60522,2,1970,0.030782029950083195
67056,60522,2,1970,0.030782029950083195
246054,60522,2,1970,0.030782029950083195
203241,60522,2,1970,0.030782029950083195
204522,11390,2,1970,0.030782029950083195
67056,11390,2,1970,0.030782029950083195
255489,11390,2,1970,0.030782029950083195
153912,60522,2,1970,0.030782029950083195
162960,60522,2,1970,0.030782029950083195
242409,11390,2,1970,0.030782029950083195
203241,11390,2,1970,0.030782029950083195
248724,11390,2,1970,0.030782029950083195
153882,60522,2,1970,0.030782029950083195
211413,11390,2,1970,0.030782029950083195
62811,11390,2,1970,0.030782029950083195
154743,11390,2,1970,0.030782029950083195
204522,60522,2,1970,0.030782029950083195
242409,60522,2,1970,0.030782029950083195
214194,60522,2,1970,0.030782029950083195
154011,60522,2,1970,0.030782029950083195
249159,60522,2,1970,0.030782029950083195
246054,11390,2,1970,0.030782029950083195
247029,60522,2,1970,0.030782029950083195
192714,11390,2,1970,0.030782029950083195
206616,60522,2,1970,0.030782029950083195
247956,11390,2,1970,0.030782029950083195
192714,60522,2,1970,0.030782029950083195
247956,60522,2,1970,0.030782029950083195
206616,11390,2,1970,0.030782029950083195
247029,11390,2,1970,0.030782029950083195
225972,60522,2,1970,0.030782029950083195
153600,11390,2,1970,0.030782029950083195
225972,11390,2,1970,0.030782029950083195
210810,11390,2,1970,0.030782029950083195
206076,60522,2,1970,0.030782029950083195
204057,11390,2,1970,0.030782029950083195
153600,60522,2,1970,0.030782029950083195
206076,11390,2,1970,0.030782029950083195
183672,11390,2,1970,0.030782029950083195
154011,11390,2,1970,0.030782029950083195
162960,11390,2,1970,0.030782029950083195
255489,60522,2,1970,0.030782029950083195
214194,11390,2,1970,0.030782029950083195
210810,60522,2,1970,0.030782029950083195
233427,60522,2,1970,0.030782029950083195
249159,11390,2,1970,0.030782029950083195
153912,11390,2,1970,0.030782029950083195
154551,11390,2,1970,0.030782029950083195
72108,60522,2,1970,0.030782029950083195
154743,60522,2,1970,0.030782029950083195
154551,60522,2,1970,0.030782029950083195
207216,60522,2,1970,0.030782029950083195
204411,11390,2,1970,0.030782029950083195
153882,11390,2,1970,0.030782029950083195
233427,11390,2,1970,0.030782029950083195
207216,11390,2,1970,0.030782029950083195
72108,11390,2,1970,0.030782029950083195
173667,33288,2,1970,0.030303030303030304
199044,33288,2,1970,0.030303030303030304
154146,296906,2,1970,0.02788339670468948
247029,296906,2,1970,0.02788339670468948
219381,296906,2,1970,0.02788339670468948
203256,296906,2,1970,0.02788339670468948
239115,296906,2,1970,0.02788339670468948
153882,296906,2,1970,0.02788339670468948
225012,296906,2,1970,0.02788339670468948
219420,296906,2,1970,0.02788339670468948
253053,296906,2,1970,0.02788339670468948
225972,296906,2,1970,0.02788339670468948
153912,296906,2,1970,0.02788339670468948
205812,296906,2,1970,0.02788339670468948
207216,296906,2,1970,0.02788339670468948
154011,296906,2,1970,0.02788339670468948
254118,296906,2,1970,0.02788339670468948
233427,296906,2,1970,0.02788339670468948
173940,296906,2,1970,0.02788339670468948
154551,296906,2,1970,0.02788339670468948
253146,296906,2,1970,0.02788339670468948
192714,296906,2,1970,0.02788339670468948
62811,296906,2,1970,0.02788339670468948
179790,296906,2,1970,0.02788339670468948
205947,296906,2,1970,0.02788339670468948
191247,296906,2,1970,0.02788339670468948
188106,296906,2,1970,0.02788339670468948
204057,296906,2,1970,0.02788339670468948
162960,296906,2,1970,0.02788339670468948
212475,296906,2,1970,0.02788339670468948
246054,296906,2,1970,0.02788339670468948
244680,296906,2,1970,0.02788339670468948
247956,296906,2,1970,0.02788339670468948
247548,296906,2,1970,0.02788339670468948
153744,296906,2,1970,0.02788339670468948
251253,296906,2,1970,0.02788339670468948
204522,296906,2,1970,0.02788339670468948
154740,296906,2,1970,0.02788339670468948
204762,296906,2,1970,0.02788339670468948
235458,296906,2,1970,0.02788339670468948
248724,296906,2,1970,0.02788339670468948
67056,296906,2,1970,0.02788339670468948
183672,296906,2,1970,0.02788339670468948
204411,296906,2,1970,0.02788339670468948
210810,296906,2,1970,0.02788339670468948
203277,296906,2,1970,0.02788339670468948
153600,296906,2,1970,0.02788339670468948
154383,296906,2,1970,0.02788339670468948
249159,296906,2,1970,0.02788339670468948
242409,296906,2,1970,0.02788339670468948
210627,296906,2,1970,0.02788339670468948
154743,296906,2,1970,0.02788339670468948
214194,296906,2,1970,0.02788339670468948
255489,296906,2,1970,0.02788339670468948
203241,296906,2,1970,0.02788339670468948
206076,296906,2,1970,0.02788339670468948
129264,296906,2,1970,0.02788339670468948
157080,296906,2,1970,0.02788339670468948
211413,296906,2,1970,0.02788339670468948
206616,296906,2,1970,0.02788339670468948
72108,296906,2,1970,0.02788339670468948
60762,56892,2,1970,0.025210084033613446
251391,56892,2,1970,0.025210084033613446
227664,56892,2,1970,0.025210084033613446
191256,56892,2,1970,0.025210084033613446
173667,56892,2,1970,0.025210084033613446
208092,56892,2,1970,0.025210084033613446
167364,56892,2,1970,0.025210084033613446
154698,56892,2,1970,0.025210084033613446
199044,56892,2,1970,0.025210084033613446
178230,53256,2,1970,0.024495677233429394
205191,53256,2,1970,0.024495677233429394
191256,53256,2,1970,0.024495677233429394
209637,53256,2,1970,0.024495677233429394
227664,53256,2,1970,0.024495677233429394
157767,53256,2,1970,0.024495677233429394
167364,53256,2,1970,0.024495677233429394
154698,53256,2,1970,0.024495677233429394
220047,53256,2,1970,0.024495677233429394
60762,53256,2,1970,0.024495677233429394
208092,53256,2,1970,0.024495677233429394
251391,53256,2,1970,0.024495677233429394
213102,53256,2,1970,0.024495677233429394
211965,13362,2,1970,0.024390243902439025
208575,13362,2,1970,0.024390243902439025
154740,33288,2,1970,0.021929824561403508
210810,33288,2,1970,0.021929824561403508
233427,33288,2,1970,0.021929824561403508
239115,33288,2,1970,0.021929824561403508
173940,33288,2,1970,0.021929824561403508
203277,33288,2,1970,0.021929824561403508
207216,33288,2,1970,0.021929824561403508
212475,33288,2,1970,0.021929824561403508
247029,33288,2,1970,0.021929824561403508
153912,33288,2,1970,0.021929824561403508
154146,33288,2,1970,0.021929824561403508
179790,33288,2,1970,0.021929824561403508
204522,33288,2,1970,0.021929824561403508
204057,33288,2,1970,0.021929824561403508
248724,33288,2,1970,0.021929824561403508
219381,33288,2,1970,0.021929824561403508
157080,33288,2,1970,0.021929824561403508
67056,33288,2,1970,0.021929824561403508
206616,33288,2,1970,0.021929824561403508
205812,33288,2,1970,0.021929824561403508
72108,33288,2,1970,0.021929824561403508
154383,33288,2,1970,0.021929824561403508
153600,33288,2,1970,0.021929824561403508
219420,33288,2,1970,0.021929824561403508
253146,33288,2,1970,0.021929824561403508
129264,33288,2,1970,0.021929824561403508
206076,33288,2,1970,0.021929824561403508
162960,33288,2,1970,0.021929824561403508
254118,33288,2,1970,0.021929824561403508
154011,33288,2,1970,0.021929824561403508
183672,33288,2,1970,0.021929824561403508
246054,33288,2,1970,0.021929824561403508
153882,33288,2,1970,0.021929824561403508
191247,33288,2,1970,0.021929824561403508
255489,33288,2,1970,0.021929824561403508
210627,33288,2,1970,0.021929824561403508
204411,33288,2,1970,0.021929824561403508
247548,33288,2,1970,0.021929824561403508
192714,33288,2,1970,0.021929824561403508
62811,33288,2,1970,0.021929824561403508
214194,33288,2,1970,0.021929824561403508
204762,33288,2,1970,0.021929824561403508
242409,33288,2,1970,0.021929824561403508
225012,33288,2,1970,0.021929824561403508
205947,33288,2,1970,0.021929824561403508
253053,33288,2,1970,0.021929824561403508
203256,33288,2,1970,0.021929824561403508
154743,33288,2,1970,0.021929824561403508
251253,33288,2,1970,0.021929824561403508
153744,33288,2,1970,0.021929824561403508
249159,33288,2,1970,0.021929824561403508
154551,33288,2,1970,0.021929824561403508
235458,33288,2,1970,0.021929824561403508
188106,33288,2,1970,0.021929824561403508
247956,33288,2,1970,0.021929824561403508
225972,33288,2,1970,0.021929824561403508
244680,33288,2,1970,0.021929824561403508
211413,33288,2,1970,0.021929824561403508
203241,33288,2,1970,0.021929824561403508
205191,56892,2,1970,0.02127659574468085
213102,22644,2,1970,0.02127659574468085
213102,56892,2,1970,0.02127659574468085
157767,22644,2,1970,0.02127659574468085
209637,22644,2,1970,0.02127659574468085
178230,56892,2,1970,0.02127659574468085
157767,56892,2,1970,0.02127659574468085
209637,56892,2,1970,0.02127659574468085
178230,22644,2,1970,0.02127659574468085
205191,22644,2,1970,0.02127659574468085
63690,60522,2,1970,0.02027027027027027
235932,11390,2,1970,0.02027027027027027
63690,11390,2,1970,0.02027027027027027
235932,60522,2,1970,0.02027027027027027
206442,60522,2,1970,0.02027027027027027
206442,11390,2,1970,0.02027027027027027
222225,60522,2,1970,0.02027027027027027
222225,11390,2,1970,0.02027027027027027
206442,296906,2,1970,0.02
222225,296906,2,1970,0.02
235932,296906,2,1970,0.02
63690,296906,2,1970,0.02
179790,56892,2,1970,0.018844221105527637
191247,56892,2,1970,0.018844221105527637
254118,56892,2,1970,0.018844221105527637
233427,56892,2,1970,0.018844221105527637
249159,56892,2,1970,0.018844221105527637
72108,56892,2,1970,0.018844221105527637
212475,56892,2,1970,0.018844221105527637
247956,56892,2,1970,0.018844221105527637
173940,56892,2,1970,0.018844221105527637
211413,56892,2,1970,0.018844221105527637
192714,56892,2,1970,0.018844221105527637
251253,56892,2,1970,0.018844221105527637
206616,56892,2,1970,0.018844221105527637
219381,56892,2,1970,0.018844221105527637
205947,56892,2,1970,0.018844221105527637
188106,56892,2,1970,0.018844221105527637
153744,56892,2,1970,0.018844221105527637
219420,56892,2,1970,0.018844221105527637
206076,56892,2,1970,0.018844221105527637
183672,56892,2,1970,0.018844221105527637
203277,56892,2,1970,0.018844221105527637
154011,56892,2,1970,0.018844221105527637
204057,56892,2,1970,0.018844221105527637
154740,56892,2,1970,0.018844221105527637
246054,56892,2,1970,0.018844221105527637
129264,56892,2,1970,0.018844221105527637
154383,56892,2,1970,0.018844221105527637
204522,56892,2,1970,0.018844221105527637
67056,56892,2,1970,0.018844221105527637
242409,56892,2,1970,0.018844221105527637
203241,56892,2,1970,0.018844221105527637
157080,56892,2,1970,0.018844221105527637
207216,56892,2,1970,0.018844221105527637
205812,56892,2,1970,0.018844221105527637
154551,56892,2,1970,0.018844221105527637
153600,56892,2,1970,0.018844221105527637
255489,56892,2,1970,0.018844221105527637
62811,56892,2,1970,0.018844221105527637
153912,56892,2,1970,0.018844221105527637
204762,56892,2,1970,0.018844221105527637
235458,56892,2,1970,0.018844221105527637
248724,56892,2,1970,0.018844221105527637
244680,56892,2,1970,0.018844221105527637
239115,56892,2,1970,0.018844221105527637
203256,56892,2,1970,0.018844221105527637
253146,56892,2,1970,0.018844221105527637
154743,56892,2,1970,0.018844221105527637
153882,56892,2,1970,0.018844221105527637
247029,56892,2,1970,0.018844221105527637
204411,56892,2,1970,0.018844221105527637
154146,56892,2,1970,0.018844221105527637
210810,56892,2,1970,0.018844221105527637
214194,56892,2,1970,0.018844221105527637
247548,56892,2,1970,0.018844221105527637
253053,56892,2,1970,0.018844221105527637
225012,56892,2,1970,0.018844221105527637
210627,56892,2,1970,0.018844221105527637
225972,56892,2,1970,0.018844221105527637
162960,56892,2,1970,0.018844221105527637
249486,22644,2,1970,0.017204301075268817
206364,22644,2,1970,0.017204301075268817
208092,13362,2,1970,0.017204301075268817
167364,22644,2,1970,0.017204301075268817
199044,13362,2,1970,0.017204301075268817
154698,22644,2,1970,0.017204301075268817
251391,13362,2,1970,0.017204301075268817
173667,13362,2,1970,0.017204301075268817
60762,22644,2,1970,0.017204301075268817
251391,22644,2,1970,0.017204301075268817
249486,13362,2,1970,0.017204301075268817
208518,13362,2,1970,0.017204301075268817
154698,13362,2,1970,0.017204301075268817
236973,13362,2,1970,0.017204301075268817
227664,22644,2,1970,0.017204301075268817
191256,22644,2,1970,0.017204301075268817
208518,22644,2,1970,0.017204301075268817
199044,22644,2,1970,0.017204301075268817
236973,22644,2,1970,0.017204301075268817
173667,22644,2,1970,0.017204301075268817
60762,13362,2,1970,0.017204301075268817
227664,13362,2,1970,0.017204301075268817
208092,22644,2,1970,0.017204301075268817
167364,13362,2,1970,0.017204301075268817
191256,13362,2,1970,0.017204301075268817
206364,13362,2,1970,0.017204301075268817
227664,1440,2,1970,0.016666666666666666
208092,1440,2,1970,0.016666666666666666
154698,1440,2,1970,0.016666666666666666
60762,1440,2,1970,0.016666666666666666
191256,1440,2,1970,0.016666666666666666
251391,1440,2,1970,0.016666666666666666
208092,40902,2,1970,0.016129032258064516
227664,40902,2,1970,0.016129032258064516
208092,23492,2,1970,0.016129032258064516
60762,40902,2,1970,0.016129032258064516
154698,23492,2,1970,0.016129032258064516
60762,23492,2,1970,0.016129032258064516
191256,297782,2,1970,0.016129032258064516
227664,296994,2,1970,0.016129032258064516
208092,296994,2,1970,0.016129032258064516
154698,40902,2,1970,0.016129032258064516
208092,297782,2,1970,0.016129032258064516
227664,23492,2,1970,0.016129032258064516
60762,297782,2,1970,0.016129032258064516
227664,297782,2,1970,0.016129032258064516
60762,296994,2,1970,0.016129032258064516
154698,297782,2,1970,0.016129032258064516
251391,297782,2,1970,0.016129032258064516
191256,296994,2,1970,0.016129032258064516
191256,40902,2,1970,0.016129032258064516
191256,23492,2,1970,0.016129032258064516
251391,296994,2,1970,0.016129032258064516
154698,296994,2,1970,0.016129032258064516
251391,23492,2,1970,0.016129032258064516
251391,40902,2,1970,0.016129032258064516
227664,56242,2,1970,0.0111731843575419
208092,56220,2,1970,0.0111731843575419
251391,297128,2,1970,0.0111731843575419
191256,56220,2,1970,0.0111731843575419
154698,297128,2,1970,0.0111731843575419
251391,56152,2,1970,0.0111731843575419
208092,48182,2,1970,0.0111731843575419
208092,46630,2,1970,0.0111731843575419
208092,56152,2,1970,0.0111731843575419
251391,296906,2,1970,0.0111731843575419
60762,296906,2,1970,0.0111731843575419
251391,46630,2,1970,0.0111731843575419
154698,56242,2,1970,0.0111731843575419
60762,56220,2,1970,0.0111731843575419
227664,48182,2,1970,0.0111731843575419
191256,56152,2,1970,0.0111731843575419
227664,46630,2,1970,0.0111731843575419
191256,296906,2,1970,0.0111731843575419
60762,48182,2,1970,0.0111731843575419
227664,56152,2,1970,0.0111731843575419
60762,46630,2,1970,0.0111731843575419
227664,56220,2,1970,0.0111731843575419
227664,296906,2,1970,0.0111731843575419
191256,46630,2,1970,0.0111731843575419
60762,56152,2,1970,0.0111731843575419
154698,56220,2,1970,0.0111731843575419
227664,297128,2,1970,0.0111731843575419
191256,48182,2,1970,0.0111731843575419
208092,296906,2,1970,0.0111731843575419
251391,56242,2,1970,0.0111731843575419
208092,56242,2,1970,0.0111731843575419
251391,48182,2,1970,0.0111731843575419
191256,56242,2,1970,0.0111731843575419
154698,48182,2,1970,0.0111731843575419
154698,56152,2,1970,0.0111731843575419
191256,297128,2,1970,0.0111731843575419
154698,296906,2,1970,0.0111731843575419
208092,297128,2,1970,0.0111731843575419
60762,56242,2,1970,0.0111731843575419
154698,46630,2,1970,0.0111731843575419
251391,56220,2,1970,0.0111731843575419
60762,297128,2,1970,0.0111731843575419
203256,56194,2,1970,0.010299166257969592
162960,56148,2,1970,0.010299166257969592
154383,56220,2,1970,0.010299166257969592
206442,56208,2,1970,0.010299166257969592
254118,297016,2,1970,0.010299166257969592
154383,21632,2,1970,0.010299166257969592
204762,23492,2,1970,0.010299166257969592
154383,56194,2,1970,0.010299166257969592
206442,53256,2,1970,0.010299166257969592
247548,296994,2,1970,0.010299166257969592
204762,56196,2,1970,0.010299166257969592
206442,56148,2,1970,0.010299166257969592
154383,56242,2,1970,0.010299166257969592
203256,296994,2,1970,0.010299166257969592
153882,56148,2,1970,0.010299166257969592
204762,56208,2,1970,0.010299166257969592
203256,48182,2,1970,0.010299166257969592
154383,56152,2,1970,0.010299166257969592
204762,56152,2,1970,0.010299166257969592
72108,21632,2,1970,0.010299166257969592
153600,296994,2,1970,0.010299166257969592
153600,56194,2,1970,0.010299166257969592
153882,23492,2,1970,0.010299166257969592
72108,56196,2,1970,0.010299166257969592
154383,53256,2,1970,0.010299166257969592
235458,56208,2,1970,0.010299166257969592
162960,297016,2,1970,0.010299166257969592
254118,53256,2,1970,0.010299166257969592
203256,56220,2,1970,0.010299166257969592
154383,56208,2,1970,0.010299166257969592
206442,297016,2,1970,0.010299166257969592
247548,56194,2,1970,0.010299166257969592
153600,56220,2,1970,0.010299166257969592
72108,56194,2,1970,0.010299166257969592
153882,297016,2,1970,0.010299166257969592
153882,56196,2,1970,0.010299166257969592
233427,56220,2,1970,0.010299166257969592
233427,56194,2,1970,0.010299166257969592
72108,56220,2,1970,0.010299166257969592
154383,56196,2,1970,0.010299166257969592
233427,296994,2,1970,0.010299166257969592
204762,21632,2,1970,0.010299166257969592
204762,297016,2,1970,0.010299166257969592
72108,56152,2,1970,0.010299166257969592
153882,56242,2,1970,0.010299166257969592
72108,296994,2,1970,0.010299166257969592
204762,56148,2,1970,0.010299166257969592
154383,48182,2,1970,0.010299166257969592
235458,53256,2,1970,0.010299166257969592
72108,23492,2,1970,0.010299166257969592
154383,56148,2,1970,0.010299166257969592
72108,46630,2,1970,0.010299166257969592
154383,297016,2,1970,0.010299166257969592
153882,56208,2,1970,0.010299166257969592
153882,53256,2,1970,0.010299166257969592
154383,296994,2,1970,0.010299166257969592
162960,56208,2,1970,0.010299166257969592
254118,56242,2,1970,0.010299166257969592
254118,56148,2,1970,0.010299166257969592
72108,48182,2,1970,0.010299166257969592
154383,46630,2,1970,0.010299166257969592
254118,56208,2,1970,0.010299166257969592
204762,56242,2,1970,0.010299166257969592
247548,56220,2,1970,0.010299166257969592
162960,53256,2,1970,0.010299166257969592
204762,53256,2,1970,0.010299166257969592
154383,23492,2,1970,0.010299166257969592
229521,296994,2,1970,0.010299166257969592
233427,48182,2,1970,0.010299166257969592
206442,56242,2,1970,0.010299166257969592
239115,21632,2,1970,0.010299166257969592
206616,21632,2,1970,0.010299166257969592
254118,56194,2,1970,0.010299166257969592
206616,56152,2,1970,0.010299166257969592
229521,56208,2,1970,0.010299166257969592
233427,56196,2,1970,0.010299166257969592
239115,56152,2,1970,0.010299166257969592
229521,53256,2,1970,0.010299166257969592
203256,53256,2,1970,0.010299166257969592
162960,56220,2,1970,0.010299166257969592
254118,296994,2,1970,0.010299166257969592
206616,23492,2,1970,0.010299166257969592
239115,23492,2,1970,0.010299166257969592
233427,23492,2,1970,0.010299166257969592
254118,48182,2,1970,0.010299166257969592
203256,56208,2,1970,0.010299166257969592
254118,46630,2,1970,0.010299166257969592
206616,56196,2,1970,0.010299166257969592
162960,56194,2,1970,0.010299166257969592
206616,56242,2,1970,0.010299166257969592
239115,56196,2,1970,0.010299166257969592
162960,296994,2,1970,0.010299166257969592
239115,56242,2,1970,0.010299166257969592
251253,53256,2,1970,0.010299166257969592
206616,297016,2,1970,0.010299166257969592
254118,56220,2,1970,0.010299166257969592
229521,56148,2,1970,0.010299166257969592
206616,46630,2,1970,0.010299166257969592
72108,56242,2,1970,0.010299166257969592
229521,56194,2,1970,0.010299166257969592
229521,56220,2,1970,0.010299166257969592
229521,48182,2,1970,0.010299166257969592
229521,46630,2,1970,0.010299166257969592
229521,21632,2,1970,0.010299166257969592
233427,53256,2,1970,0.010299166257969592
233427,56208,2,1970,0.010299166257969592
233427,56148,2,1970,0.010299166257969592
233427,297016,2,1970,0.010299166257969592
229521,56152,2,1970,0.010299166257969592
239115,56220,2,1970,0.010299166257969592
239115,56194,2,1970,0.010299166257969592
239115,46630,2,1970,0.010299166257969592
206616,56220,2,1970,0.010299166257969592
206616,56194,2,1970,0.010299166257969592
239115,296994,2,1970,0.010299166257969592
206616,296994,2,1970,0.010299166257969592
229521,23492,2,1970,0.010299166257969592
229521,56196,2,1970,0.010299166257969592
239115,48182,2,1970,0.010299166257969592
233427,56242,2,1970,0.010299166257969592
229521,56242,2,1970,0.010299166257969592
229521,297016,2,1970,0.010299166257969592
206616,48182,2,1970,0.010299166257969592
251253,56208,2,1970,0.010299166257969592
162960,48182,2,1970,0.010299166257969592
203256,56148,2,1970,0.010299166257969592
233427,46630,2,1970,0.010299166257969592
251253,21632,2,1970,0.010299166257969592
251253,46630,2,1970,0.010299166257969592
204762,56220,2,1970,0.010299166257969592
206442,21632,2,1970,0.010299166257969592
206442,56152,2,1970,0.010299166257969592
251253,48182,2,1970,0.010299166257969592
233427,21632,2,1970,0.010299166257969592
204762,56194,2,1970,0.010299166257969592
206442,23492,2,1970,0.010299166257969592
251253,296994,2,1970,0.010299166257969592
204762,296994,2,1970,0.010299166257969592
251253,56194,2,1970,0.010299166257969592
203256,23492,2,1970,0.010299166257969592
251253,56220,2,1970,0.010299166257969592
254118,23492,2,1970,0.010299166257969592
203256,56152,2,1970,0.010299166257969592
162960,56196,2,1970,0.010299166257969592
254118,56196,2,1970,0.010299166257969592
206442,56196,2,1970,0.010299166257969592
203256,21632,2,1970,0.010299166257969592
203256,46630,2,1970,0.010299166257969592
204762,48182,2,1970,0.010299166257969592
162960,56242,2,1970,0.010299166257969592
204762,46630,2,1970,0.010299166257969592
162960,23492,2,1970,0.010299166257969592
251253,56152,2,1970,0.010299166257969592
206616,56148,2,1970,0.010299166257969592
206442,56194,2,1970,0.010299166257969592
206616,56208,2,1970,0.010299166257969592
206616,53256,2,1970,0.010299166257969592
203256,297016,2,1970,0.010299166257969592
251253,56148,2,1970,0.010299166257969592
239115,297016,2,1970,0.010299166257969592
239115,56148,2,1970,0.010299166257969592
162960,46630,2,1970,0.010299166257969592
251253,297016,2,1970,0.010299166257969592
162960,21632,2,1970,0.010299166257969592
162960,56152,2,1970,0.010299166257969592
206442,56220,2,1970,0.010299166257969592
239115,56208,2,1970,0.010299166257969592
254118,56152,2,1970,0.010299166257969592
203256,56242,2,1970,0.010299166257969592
251253,56242,2,1970,0.010299166257969592
206442,296994,2,1970,0.010299166257969592
239115,53256,2,1970,0.010299166257969592
251253,56196,2,1970,0.010299166257969592
254118,21632,2,1970,0.010299166257969592
233427,56152,2,1970,0.010299166257969592
251253,23492,2,1970,0.010299166257969592
206442,48182,2,1970,0.010299166257969592
206442,46630,2,1970,0.010299166257969592
203256,56196,2,1970,0.010299166257969592
154551,23492,2,1970,0.010299166257969592
153744,56148,2,1970,0.010299166257969592
211542,53256,2,1970,0.010299166257969592
244680,56208,2,1970,0.010299166257969592
247029,56242,2,1970,0.010299166257969592
247029,56196,2,1970,0.010299166257969592
63690,56220,2,1970,0.010299166257969592
63690,56194,2,1970,0.010299166257969592
63690,296994,2,1970,0.010299166257969592
247029,23492,2,1970,0.010299166257969592
63690,48182,2,1970,0.010299166257969592
247029,56152,2,1970,0.010299166257969592
63690,46630,2,1970,0.010299166257969592
63690,21632,2,1970,0.010299166257969592
247029,21632,2,1970,0.010299166257969592
63690,56152,2,1970,0.010299166257969592
253053,56152,2,1970,0.010299166257969592
247029,46630,2,1970,0.010299166257969592
247029,48182,2,1970,0.010299166257969592
244680,53256,2,1970,0.010299166257969592
247029,297016,2,1970,0.010299166257969592
72108,297016,2,1970,0.010299166257969592
247029,56148,2,1970,0.010299166257969592
253053,56242,2,1970,0.010299166257969592
59703,46630,2,1970,0.010299166257969592
59703,48182,2,1970,0.010299166257969592
244680,23492,2,1970,0.010299166257969592
253053,56196,2,1970,0.010299166257969592
244680,56196,2,1970,0.010299166257969592
59703,296994,2,1970,0.010299166257969592
59703,56194,2,1970,0.010299166257969592
244680,56242,2,1970,0.010299166257969592
59703,56220,2,1970,0.010299166257969592
253053,23492,2,1970,0.010299166257969592
244680,297016,2,1970,0.010299166257969592
244680,56148,2,1970,0.010299166257969592
247029,53256,2,1970,0.010299166257969592
247029,56208,2,1970,0.010299166257969592
63690,23492,2,1970,0.010299166257969592
253053,21632,2,1970,0.010299166257969592
63690,56196,2,1970,0.010299166257969592
253053,46630,2,1970,0.010299166257969592
153912,23492,2,1970,0.010299166257969592
253053,296994,2,1970,0.010299166257969592
179790,48182,2,1970,0.010299166257969592
253053,56194,2,1970,0.010299166257969592
179790,46630,2,1970,0.010299166257969592
253053,56220,2,1970,0.010299166257969592
179790,21632,2,1970,0.010299166257969592
153912,56152,2,1970,0.010299166257969592
179790,56152,2,1970,0.010299166257969592
153912,21632,2,1970,0.010299166257969592
173940,53256,2,1970,0.010299166257969592
153912,46630,2,1970,0.010299166257969592
179790,23492,2,1970,0.010299166257969592
173940,56208,2,1970,0.010299166257969592
179790,56196,2,1970,0.010299166257969592
179790,296994,2,1970,0.010299166257969592
153912,56196,2,1970,0.010299166257969592
179790,56194,2,1970,0.010299166257969592
153912,53256,2,1970,0.010299166257969592
247029,296994,2,1970,0.010299166257969592
63690,56242,2,1970,0.010299166257969592
247029,56194,2,1970,0.010299166257969592
247029,56220,2,1970,0.010299166257969592
63690,297016,2,1970,0.010299166257969592
63690,56148,2,1970,0.010299166257969592
153912,56208,2,1970,0.010299166257969592
179790,56220,2,1970,0.010299166257969592
153912,56148,2,1970,0.010299166257969592
63690,56208,2,1970,0.010299166257969592
153912,297016,2,1970,0.010299166257969592
63690,53256,2,1970,0.010299166257969592
253053,48182,2,1970,0.010299166257969592
153912,56242,2,1970,0.010299166257969592
244680,56152,2,1970,0.010299166257969592
244680,21632,2,1970,0.010299166257969592
244680,46630,2,1970,0.010299166257969592
210627,46630,2,1970,0.010299166257969592
253146,56194,2,1970,0.010299166257969592
253146,56208,2,1970,0.010299166257969592
154743,53256,2,1970,0.010299166257969592
253146,53256,2,1970,0.010299166257969592
154743,56208,2,1970,0.010299166257969592
154743,56148,2,1970,0.010299166257969592
253146,56220,2,1970,0.010299166257969592
154743,297016,2,1970,0.010299166257969592
210627,56220,2,1970,0.010299166257969592
210627,56194,2,1970,0.010299166257969592
210627,296994,2,1970,0.010299166257969592
154743,56242,2,1970,0.010299166257969592
154743,56196,2,1970,0.010299166257969592
62811,297016,2,1970,0.010299166257969592
210627,48182,2,1970,0.010299166257969592
62811,56220,2,1970,0.010299166257969592
253146,56148,2,1970,0.010299166257969592
253146,297016,2,1970,0.010299166257969592
62811,56196,2,1970,0.010299166257969592
253146,56152,2,1970,0.010299166257969592
62811,23492,2,1970,0.010299166257969592
62811,56152,2,1970,0.010299166257969592
62811,21632,2,1970,0.010299166257969592
253146,23492,2,1970,0.010299166257969592
253146,48182,2,1970,0.010299166257969592
253146,56196,2,1970,0.010299166257969592
62811,56194,2,1970,0.010299166257969592
62811,56242,2,1970,0.010299166257969592
62811,46630,2,1970,0.010299166257969592
253146,56242,2,1970,0.010299166257969592
62811,48182,2,1970,0.010299166257969592
253146,296994,2,1970,0.010299166257969592
62811,296994,2,1970,0.010299166257969592
154743,23492,2,1970,0.010299166257969592
62811,56148,2,1970,0.010299166257969592
59703,21632,2,1970,0.010299166257969592
210627,21632,2,1970,0.010299166257969592
210627,56208,2,1970,0.010299166257969592
59703,56208,2,1970,0.010299166257969592
210627,53256,2,1970,0.010299166257969592
59703,56148,2,1970,0.010299166257969592
59703,297016,2,1970,0.010299166257969592
253053,56148,2,1970,0.010299166257969592
59703,56242,2,1970,0.010299166257969592
59703,56196,2,1970,0.010299166257969592
253053,297016,2,1970,0.010299166257969592
244680,56220,2,1970,0.010299166257969592
244680,56194,2,1970,0.010299166257969592
244680,296994,2,1970,0.010299166257969592
59703,23492,2,1970,0.010299166257969592
244680,48182,2,1970,0.010299166257969592
59703,56152,2,1970,0.010299166257969592
59703,53256,2,1970,0.010299166257969592
154743,56220,2,1970,0.010299166257969592
210627,56148,2,1970,0.010299166257969592
62811,53256,2,1970,0.010299166257969592
62811,56208,2,1970,0.010299166257969592
210627,56152,2,1970,0.010299166257969592
253053,53256,2,1970,0.010299166257969592
154743,56152,2,1970,0.010299166257969592
154743,21632,2,1970,0.010299166257969592
210627,23492,2,1970,0.010299166257969592
253053,56208,2,1970,0.010299166257969592
210627,297016,2,1970,0.010299166257969592
210627,56196,2,1970,0.010299166257969592
154743,46630,2,1970,0.010299166257969592
210627,56242,2,1970,0.010299166257969592
154743,48182,2,1970,0.010299166257969592
154743,296994,2,1970,0.010299166257969592
154743,56194,2,1970,0.010299166257969592
153912,48182,2,1970,0.010299166257969592
173940,56148,2,1970,0.010299166257969592
179790,56242,2,1970,0.010299166257969592
203241,56242,2,1970,0.010299166257969592
206076,21632,2,1970,0.010299166257969592
246054,297016,2,1970,0.010299166257969592
246054,56148,2,1970,0.010299166257969592
206076,46630,2,1970,0.010299166257969592
129264,56148,2,1970,0.010299166257969592
206076,48182,2,1970,0.010299166257969592
129264,297016,2,1970,0.010299166257969592
246054,56208,2,1970,0.010299166257969592
206076,296994,2,1970,0.010299166257969592
206076,56194,2,1970,0.010299166257969592
206076,56220,2,1970,0.010299166257969592
246054,53256,2,1970,0.010299166257969592
203241,53256,2,1970,0.010299166257969592
203241,56208,2,1970,0.010299166257969592
203241,56148,2,1970,0.010299166257969592
206076,56152,2,1970,0.010299166257969592
206076,23492,2,1970,0.010299166257969592
129264,56208,2,1970,0.010299166257969592
129264,53256,2,1970,0.010299166257969592
153744,56242,2,1970,0.010299166257969592
247956,296994,2,1970,0.010299166257969592
247956,56194,2,1970,0.010299166257969592
247956,56220,2,1970,0.010299166257969592
246054,56242,2,1970,0.010299166257969592
153744,297016,2,1970,0.010299166257969592
206076,53256,2,1970,0.010299166257969592
206076,56196,2,1970,0.010299166257969592
206076,56208,2,1970,0.010299166257969592
153744,56208,2,1970,0.010299166257969592
206076,56148,2,1970,0.010299166257969592
153744,53256,2,1970,0.010299166257969592
206076,297016,2,1970,0.010299166257969592
206076,56242,2,1970,0.010299166257969592
203241,297016,2,1970,0.010299166257969592
203241,56196,2,1970,0.010299166257969592
247956,48182,2,1970,0.010299166257969592
129264,56242,2,1970,0.010299166257969592
211542,21632,2,1970,0.010299166257969592
129264,48182,2,1970,0.010299166257969592
211542,56152,2,1970,0.010299166257969592
211542,23492,2,1970,0.010299166257969592
129264,296994,2,1970,0.010299166257969592
211542,56196,2,1970,0.010299166257969592
129264,56194,2,1970,0.010299166257969592
129264,56220,2,1970,0.010299166257969592
211542,56242,2,1970,0.010299166257969592
211542,297016,2,1970,0.010299166257969592
211542,56148,2,1970,0.010299166257969592
72108,53256,2,1970,0.010299166257969592
72108,56208,2,1970,0.010299166257969592
72108,56148,2,1970,0.010299166257969592
211542,56208,2,1970,0.010299166257969592
211542,46630,2,1970,0.010299166257969592
211542,48182,2,1970,0.010299166257969592
129264,46630,2,1970,0.010299166257969592
203241,48182,2,1970,0.010299166257969592
203241,23492,2,1970,0.010299166257969592
129264,56196,2,1970,0.010299166257969592
203241,56152,2,1970,0.010299166257969592
203241,21632,2,1970,0.010299166257969592
129264,23492,2,1970,0.010299166257969592
203241,46630,2,1970,0.010299166257969592
203241,296994,2,1970,0.010299166257969592
129264,21632,2,1970,0.010299166257969592
129264,56152,2,1970,0.010299166257969592
211542,56220,2,1970,0.010299166257969592
211542,56194,2,1970,0.010299166257969592
203241,56194,2,1970,0.010299166257969592
211542,296994,2,1970,0.010299166257969592
203241,56220,2,1970,0.010299166257969592
246054,56196,2,1970,0.010299166257969592
153744,56196,2,1970,0.010299166257969592
153912,296994,2,1970,0.010299166257969592
246054,48182,2,1970,0.010299166257969592
204522,23492,2,1970,0.010299166257969592
173940,56196,2,1970,0.010299166257969592
219381,48182,2,1970,0.010299166257969592
173940,23492,2,1970,0.010299166257969592
219381,46630,2,1970,0.010299166257969592
246054,56194,2,1970,0.010299166257969592
219381,21632,2,1970,0.010299166257969592
204522,56152,2,1970,0.010299166257969592
219381,56152,2,1970,0.010299166257969592
246054,296994,2,1970,0.010299166257969592
204522,21632,2,1970,0.010299166257969592
204522,46630,2,1970,0.010299166257969592
219381,23492,2,1970,0.010299166257969592
173940,56152,2,1970,0.010299166257969592
219381,56196,2,1970,0.010299166257969592
246054,56220,2,1970,0.010299166257969592
173940,56242,2,1970,0.010299166257969592
219381,296994,2,1970,0.010299166257969592
204522,56208,2,1970,0.010299166257969592
153912,56194,2,1970,0.010299166257969592
153912,56220,2,1970,0.010299166257969592
173940,297016,2,1970,0.010299166257969592
179790,297016,2,1970,0.010299166257969592
179790,56148,2,1970,0.010299166257969592
204522,53256,2,1970,0.010299166257969592
179790,56208,2,1970,0.010299166257969592
204522,56196,2,1970,0.010299166257969592
204522,56148,2,1970,0.010299166257969592
179790,53256,2,1970,0.010299166257969592
204522,297016,2,1970,0.010299166257969592
204522,56242,2,1970,0.010299166257969592
219381,56220,2,1970,0.010299166257969592
219381,56194,2,1970,0.010299166257969592
204522,48182,2,1970,0.010299166257969592
219381,56242,2,1970,0.010299166257969592
246054,23492,2,1970,0.010299166257969592
204522,296994,2,1970,0.010299166257969592
153744,296994,2,1970,0.010299166257969592
246054,21632,2,1970,0.010299166257969592
246054,56152,2,1970,0.010299166257969592
247956,23492,2,1970,0.010299166257969592
153744,48182,2,1970,0.010299166257969592
173940,296994,2,1970,0.010299166257969592
153744,46630,2,1970,0.010299166257969592
153744,21632,2,1970,0.010299166257969592
247956,56152,2,1970,0.010299166257969592
153744,56152,2,1970,0.010299166257969592
173940,56194,2,1970,0.010299166257969592
247956,21632,2,1970,0.010299166257969592
173940,56220,2,1970,0.010299166257969592
247956,46630,2,1970,0.010299166257969592
153744,23492,2,1970,0.010299166257969592
247956,56196,2,1970,0.010299166257969592
153744,56194,2,1970,0.010299166257969592
153744,56220,2,1970,0.010299166257969592
247956,53256,2,1970,0.010299166257969592
204522,56194,2,1970,0.010299166257969592
204522,56220,2,1970,0.010299166257969592
173940,21632,2,1970,0.010299166257969592
219381,297016,2,1970,0.010299166257969592
219381,56148,2,1970,0.010299166257969592
173940,46630,2,1970,0.010299166257969592
247956,56208,2,1970,0.010299166257969592
173940,48182,2,1970,0.010299166257969592
219381,56208,2,1970,0.010299166257969592
247956,56148,2,1970,0.010299166257969592
219381,53256,2,1970,0.010299166257969592
247956,297016,2,1970,0.010299166257969592
246054,46630,2,1970,0.010299166257969592
247956,56242,2,1970,0.010299166257969592
247548,48182,2,1970,0.010299166257969592
235458,296994,2,1970,0.010299166257969592
153882,56152,2,1970,0.010299166257969592
192714,56220,2,1970,0.010299166257969592
154740,46630,2,1970,0.010299166257969592
205947,21632,2,1970,0.010299166257969592
154740,21632,2,1970,0.010299166257969592
192714,296994,2,1970,0.010299166257969592
154740,56152,2,1970,0.010299166257969592
205947,46630,2,1970,0.010299166257969592
192714,56194,2,1970,0.010299166257969592
207216,46630,2,1970,0.010299166257969592
154740,56148,2,1970,0.010299166257969592
154740,23492,2,1970,0.010299166257969592
205947,48182,2,1970,0.010299166257969592
207216,21632,2,1970,0.010299166257969592
154740,56196,2,1970,0.010299166257969592
207216,56152,2,1970,0.010299166257969592
154740,56242,2,1970,0.010299166257969592
205947,296994,2,1970,0.010299166257969592
207216,48182,2,1970,0.010299166257969592
192714,48182,2,1970,0.010299166257969592
154740,48182,2,1970,0.010299166257969592
205947,56152,2,1970,0.010299166257969592
192714,56148,2,1970,0.010299166257969592
192714,297016,2,1970,0.010299166257969592
192714,56242,2,1970,0.010299166257969592
192714,56196,2,1970,0.010299166257969592
205947,56196,2,1970,0.010299166257969592
205947,23492,2,1970,0.010299166257969592
207216,56194,2,1970,0.010299166257969592
192714,23492,2,1970,0.010299166257969592
207216,296994,2,1970,0.010299166257969592
154740,56220,2,1970,0.010299166257969592
154740,56194,2,1970,0.010299166257969592
192714,56152,2,1970,0.010299166257969592
154740,296994,2,1970,0.010299166257969592
192714,21632,2,1970,0.010299166257969592
192714,46630,2,1970,0.010299166257969592
154740,297016,2,1970,0.010299166257969592
205947,56194,2,1970,0.010299166257969592
192714,53256,2,1970,0.010299166257969592
157080,297016,2,1970,0.010299166257969592
67056,56194,2,1970,0.010299166257969592
67056,56220,2,1970,0.010299166257969592
207216,297016,2,1970,0.010299166257969592
207216,56148,2,1970,0.010299166257969592
157080,56148,2,1970,0.010299166257969592
235932,56220,2,1970,0.010299166257969592
235932,56194,2,1970,0.010299166257969592
235932,296994,2,1970,0.010299166257969592
154740,56208,2,1970,0.010299166257969592
235932,48182,2,1970,0.010299166257969592
235932,46630,2,1970,0.010299166257969592
207216,56208,2,1970,0.010299166257969592
235932,21632,2,1970,0.010299166257969592
207216,53256,2,1970,0.010299166257969592
235932,56152,2,1970,0.010299166257969592
235932,23492,2,1970,0.010299166257969592
67056,296994,2,1970,0.010299166257969592
157080,56208,2,1970,0.010299166257969592
67056,48182,2,1970,0.010299166257969592
67056,46630,2,1970,0.010299166257969592
205947,56220,2,1970,0.010299166257969592
154740,53256,2,1970,0.010299166257969592
207216,23492,2,1970,0.010299166257969592
67056,53256,2,1970,0.010299166257969592
67056,56208,2,1970,0.010299166257969592
67056,56148,2,1970,0.010299166257969592
67056,297016,2,1970,0.010299166257969592
67056,56242,2,1970,0.010299166257969592
67056,56196,2,1970,0.010299166257969592
207216,56196,2,1970,0.010299166257969592
207216,56242,2,1970,0.010299166257969592
67056,23492,2,1970,0.010299166257969592
157080,53256,2,1970,0.010299166257969592
67056,56152,2,1970,0.010299166257969592
67056,21632,2,1970,0.010299166257969592
192714,56208,2,1970,0.010299166257969592
207216,56220,2,1970,0.010299166257969592
159027,296994,2,1970,0.010299166257969592
219420,296994,2,1970,0.010299166257969592
242409,296994,2,1970,0.010299166257969592
242409,56194,2,1970,0.010299166257969592
242409,56220,2,1970,0.010299166257969592
183672,56196,2,1970,0.010299166257969592
247548,46630,2,1970,0.010299166257969592
219420,56194,2,1970,0.010299166257969592
183672,56242,2,1970,0.010299166257969592
154011,53256,2,1970,0.010299166257969592
219420,23492,2,1970,0.010299166257969592
154011,56208,2,1970,0.010299166257969592
219420,48182,2,1970,0.010299166257969592
154011,56148,2,1970,0.010299166257969592
154011,297016,2,1970,0.010299166257969592
219420,46630,2,1970,0.010299166257969592
219420,21632,2,1970,0.010299166257969592
219420,56152,2,1970,0.010299166257969592
242409,48182,2,1970,0.010299166257969592
242409,46630,2,1970,0.010299166257969592
242409,21632,2,1970,0.010299166257969592
242409,56152,2,1970,0.010299166257969592
159027,56220,2,1970,0.010299166257969592
183672,56194,2,1970,0.010299166257969592
183672,296994,2,1970,0.010299166257969592
183672,48182,2,1970,0.010299166257969592
183672,46630,2,1970,0.010299166257969592
242409,53256,2,1970,0.010299166257969592
183672,21632,2,1970,0.010299166257969592
183672,56152,2,1970,0.010299166257969592
242409,56208,2,1970,0.010299166257969592
242409,56148,2,1970,0.010299166257969592
242409,297016,2,1970,0.010299166257969592
242409,56242,2,1970,0.010299166257969592
242409,56196,2,1970,0.010299166257969592
183672,23492,2,1970,0.010299166257969592
242409,23492,2,1970,0.010299166257969592
154011,56242,2,1970,0.010299166257969592
219420,56196,2,1970,0.010299166257969592
205947,56242,2,1970,0.010299166257969592
205947,56148,2,1970,0.010299166257969592
203322,56148,2,1970,0.010299166257969592
203322,297016,2,1970,0.010299166257969592
203322,56242,2,1970,0.010299166257969592
203322,56196,2,1970,0.010299166257969592
203322,23492,2,1970,0.010299166257969592
205947,53256,2,1970,0.010299166257969592
205947,56208,2,1970,0.010299166257969592
203322,56152,2,1970,0.010299166257969592
154011,56196,2,1970,0.010299166257969592
203322,21632,2,1970,0.010299166257969592
205947,297016,2,1970,0.010299166257969592
203322,46630,2,1970,0.010299166257969592
203322,48182,2,1970,0.010299166257969592
203322,296994,2,1970,0.010299166257969592
203322,56194,2,1970,0.010299166257969592
203322,56220,2,1970,0.010299166257969592
203322,56208,2,1970,0.010299166257969592
203322,53256,2,1970,0.010299166257969592
183672,53256,2,1970,0.010299166257969592
154011,56220,2,1970,0.010299166257969592
219420,56242,2,1970,0.010299166257969592
183672,297016,2,1970,0.010299166257969592
154011,23492,2,1970,0.010299166257969592
183672,56148,2,1970,0.010299166257969592
219420,297016,2,1970,0.010299166257969592
219420,56148,2,1970,0.010299166257969592
154011,56152,2,1970,0.010299166257969592
154011,21632,2,1970,0.010299166257969592
183672,56208,2,1970,0.010299166257969592
154011,46630,2,1970,0.010299166257969592
219420,56208,2,1970,0.010299166257969592
154011,48182,2,1970,0.010299166257969592
219420,53256,2,1970,0.010299166257969592
154011,296994,2,1970,0.010299166257969592
154011,56194,2,1970,0.010299166257969592
235932,56196,2,1970,0.010299166257969592
157080,56242,2,1970,0.010299166257969592
235932,56242,2,1970,0.010299166257969592
214194,56208,2,1970,0.010299166257969592
204411,48182,2,1970,0.010299166257969592
211989,56196,2,1970,0.010299166257969592
225972,56220,2,1970,0.010299166257969592
204411,46630,2,1970,0.010299166257969592
211989,56242,2,1970,0.010299166257969592
204411,21632,2,1970,0.010299166257969592
214194,53256,2,1970,0.010299166257969592
214194,56148,2,1970,0.010299166257969592
214194,23492,2,1970,0.010299166257969592
214194,297016,2,1970,0.010299166257969592
211989,297016,2,1970,0.010299166257969592
211989,56148,2,1970,0.010299166257969592
214194,56242,2,1970,0.010299166257969592
211989,56208,2,1970,0.010299166257969592
214194,56196,2,1970,0.010299166257969592
211989,53256,2,1970,0.010299166257969592
211989,23492,2,1970,0.010299166257969592
225972,56194,2,1970,0.010299166257969592
225972,296994,2,1970,0.010299166257969592
225012,297016,2,1970,0.010299166257969592
211989,56194,2,1970,0.010299166257969592
225012,56208,2,1970,0.010299166257969592
211989,296994,2,1970,0.010299166257969592
225972,56152,2,1970,0.010299166257969592
225972,21632,2,1970,0.010299166257969592
204411,56220,2,1970,0.010299166257969592
211989,48182,2,1970,0.010299166257969592
204411,56194,2,1970,0.010299166257969592
225972,46630,2,1970,0.010299166257969592
211989,46630,2,1970,0.010299166257969592
204411,296994,2,1970,0.010299166257969592
211989,21632,2,1970,0.010299166257969592
225972,48182,2,1970,0.010299166257969592
211989,56152,2,1970,0.010299166257969592
225012,56148,2,1970,0.010299166257969592
225012,56242,2,1970,0.010299166257969592
204411,56152,2,1970,0.010299166257969592
248724,53256,2,1970,0.010299166257969592
154551,48182,2,1970,0.010299166257969592
154551,56148,2,1970,0.010299166257969592
225012,56194,2,1970,0.010299166257969592
154551,56220,2,1970,0.010299166257969592
154551,56194,2,1970,0.010299166257969592
154551,297016,2,1970,0.010299166257969592
154551,296994,2,1970,0.010299166257969592
225012,56220,2,1970,0.010299166257969592
154551,56242,2,1970,0.010299166257969592
214194,56152,2,1970,0.010299166257969592
154551,56196,2,1970,0.010299166257969592
154551,46630,2,1970,0.010299166257969592
204411,56148,2,1970,0.010299166257969592
154551,21632,2,1970,0.010299166257969592
204411,56208,2,1970,0.010299166257969592
154551,56152,2,1970,0.010299166257969592
204411,53256,2,1970,0.010299166257969592
154551,56208,2,1970,0.010299166257969592
154551,53256,2,1970,0.010299166257969592
204411,297016,2,1970,0.010299166257969592
225012,296994,2,1970,0.010299166257969592
214194,21632,2,1970,0.010299166257969592
214194,46630,2,1970,0.010299166257969592
214194,48182,2,1970,0.010299166257969592
225012,56196,2,1970,0.010299166257969592
214194,296994,2,1970,0.010299166257969592
214194,56194,2,1970,0.010299166257969592
214194,56220,2,1970,0.010299166257969592
225012,23492,2,1970,0.010299166257969592
204411,23492,2,1970,0.010299166257969592
225012,56152,2,1970,0.010299166257969592
225012,21632,2,1970,0.010299166257969592
225012,46630,2,1970,0.010299166257969592
204411,56196,2,1970,0.010299166257969592
204411,56242,2,1970,0.010299166257969592
225012,48182,2,1970,0.010299166257969592
211989,56220,2,1970,0.010299166257969592
225012,53256,2,1970,0.010299166257969592
225972,23492,2,1970,0.010299166257969592
157080,46630,2,1970,0.010299166257969592
154146,21632,2,1970,0.010299166257969592
157080,56152,2,1970,0.010299166257969592
154146,56152,2,1970,0.010299166257969592
248724,46630,2,1970,0.010299166257969592
248724,48182,2,1970,0.010299166257969592
157080,21632,2,1970,0.010299166257969592
154146,23492,2,1970,0.010299166257969592
154146,56196,2,1970,0.010299166257969592
225972,56196,2,1970,0.010299166257969592
248724,296994,2,1970,0.010299166257969592
248724,56194,2,1970,0.010299166257969592
154146,56242,2,1970,0.010299166257969592
248724,56220,2,1970,0.010299166257969592
157080,48182,2,1970,0.010299166257969592
212505,53256,2,1970,0.010299166257969592
154146,297016,2,1970,0.010299166257969592
154146,46630,2,1970,0.010299166257969592
248724,21632,2,1970,0.010299166257969592
248724,56152,2,1970,0.010299166257969592
154146,48182,2,1970,0.010299166257969592
235932,297016,2,1970,0.010299166257969592
235932,56148,2,1970,0.010299166257969592
248724,56208,2,1970,0.010299166257969592
248724,56148,2,1970,0.010299166257969592
248724,297016,2,1970,0.010299166257969592
235932,56208,2,1970,0.010299166257969592
235932,53256,2,1970,0.010299166257969592
157080,56196,2,1970,0.010299166257969592
248724,56242,2,1970,0.010299166257969592
248724,56196,2,1970,0.010299166257969592
157080,23492,2,1970,0.010299166257969592
154146,56220,2,1970,0.010299166257969592
154146,56194,2,1970,0.010299166257969592
154146,296994,2,1970,0.010299166257969592
248724,23492,2,1970,0.010299166257969592
154146,56148,2,1970,0.010299166257969592
212505,56208,2,1970,0.010299166257969592
212505,56148,2,1970,0.010299166257969592
222225,56152,2,1970,0.010299166257969592
212505,56194,2,1970,0.010299166257969592
212505,56220,2,1970,0.010299166257969592
222225,23492,2,1970,0.010299166257969592
157080,56220,2,1970,0.010299166257969592
222225,56196,2,1970,0.010299166257969592
222225,56242,2,1970,0.010299166257969592
225972,53256,2,1970,0.010299166257969592
225972,56208,2,1970,0.010299166257969592
225972,56148,2,1970,0.010299166257969592
222225,297016,2,1970,0.010299166257969592
222225,56148,2,1970,0.010299166257969592
225972,297016,2,1970,0.010299166257969592
222225,56208,2,1970,0.010299166257969592
225972,56242,2,1970,0.010299166257969592
222225,53256,2,1970,0.010299166257969592
212505,296994,2,1970,0.010299166257969592
157080,56194,2,1970,0.010299166257969592
212505,297016,2,1970,0.010299166257969592
222225,21632,2,1970,0.010299166257969592
212505,56242,2,1970,0.010299166257969592
154146,56208,2,1970,0.010299166257969592
212505,56196,2,1970,0.010299166257969592
154146,53256,2,1970,0.010299166257969592
212505,23492,2,1970,0.010299166257969592
222225,56220,2,1970,0.010299166257969592
222225,56194,2,1970,0.010299166257969592
212505,56152,2,1970,0.010299166257969592
222225,296994,2,1970,0.010299166257969592
212505,21632,2,1970,0.010299166257969592
157080,296994,2,1970,0.010299166257969592
212505,46630,2,1970,0.010299166257969592
222225,48182,2,1970,0.010299166257969592
212505,48182,2,1970,0.010299166257969592
222225,46630,2,1970,0.010299166257969592
159027,56194,2,1970,0.010299166257969592
219420,56220,2,1970,0.010299166257969592
253146,46630,2,1970,0.010299166257969592
203058,21632,2,1970,0.010299166257969592
204057,56220,2,1970,0.010299166257969592
212475,48182,2,1970,0.010299166257969592
188106,56152,2,1970,0.010299166257969592
204057,56194,2,1970,0.010299166257969592
188106,21632,2,1970,0.010299166257969592
188106,46630,2,1970,0.010299166257969592
204057,296994,2,1970,0.010299166257969592
212475,46630,2,1970,0.010299166257969592
188106,48182,2,1970,0.010299166257969592
212475,21632,2,1970,0.010299166257969592
204057,48182,2,1970,0.010299166257969592
204057,46630,2,1970,0.010299166257969592
203889,56152,2,1970,0.010299166257969592
188106,296994,2,1970,0.010299166257969592
203889,21632,2,1970,0.010299166257969592
153600,297016,2,1970,0.010299166257969592
204057,21632,2,1970,0.010299166257969592
188106,56194,2,1970,0.010299166257969592
203889,46630,2,1970,0.010299166257969592
188106,56220,2,1970,0.010299166257969592
212475,56152,2,1970,0.010299166257969592
203889,48182,2,1970,0.010299166257969592
253146,21632,2,1970,0.010299166257969592
204057,56152,2,1970,0.010299166257969592
203889,296994,2,1970,0.010299166257969592
203889,56194,2,1970,0.010299166257969592
204057,23492,2,1970,0.010299166257969592
203889,23492,2,1970,0.010299166257969592
212475,296994,2,1970,0.010299166257969592
188106,23492,2,1970,0.010299166257969592
153600,56242,2,1970,0.010299166257969592
188106,53256,2,1970,0.010299166257969592
188106,56208,2,1970,0.010299166257969592
255489,56194,2,1970,0.010299166257969592
203058,23492,2,1970,0.010299166257969592
255489,56220,2,1970,0.010299166257969592
235458,21632,2,1970,0.010299166257969592
212475,56220,2,1970,0.010299166257969592
188106,56148,2,1970,0.010299166257969592
210810,21632,2,1970,0.010299166257969592
203058,56196,2,1970,0.010299166257969592
203058,56242,2,1970,0.010299166257969592
235458,46630,2,1970,0.010299166257969592
203058,297016,2,1970,0.010299166257969592
235458,48182,2,1970,0.010299166257969592
203058,56148,2,1970,0.010299166257969592
203889,53256,2,1970,0.010299166257969592
203889,56208,2,1970,0.010299166257969592
188106,56242,2,1970,0.010299166257969592
203889,56148,2,1970,0.010299166257969592
203058,56208,2,1970,0.010299166257969592
203058,53256,2,1970,0.010299166257969592
188106,56196,2,1970,0.010299166257969592
203889,297016,2,1970,0.010299166257969592
203889,56242,2,1970,0.010299166257969592
212475,56194,2,1970,0.010299166257969592
203889,56196,2,1970,0.010299166257969592
203277,53256,2,1970,0.010299166257969592
183672,56220,2,1970,0.010299166257969592
203889,56220,2,1970,0.010299166257969592
212475,56148,2,1970,0.010299166257969592
205812,48182,2,1970,0.010299166257969592
203277,296994,2,1970,0.010299166257969592
203277,56194,2,1970,0.010299166257969592
203277,56220,2,1970,0.010299166257969592
205812,46630,2,1970,0.010299166257969592
205812,21632,2,1970,0.010299166257969592
205812,56152,2,1970,0.010299166257969592
210810,56242,2,1970,0.010299166257969592
210810,56196,2,1970,0.010299166257969592
205812,23492,2,1970,0.010299166257969592
212475,297016,2,1970,0.010299166257969592
212475,53256,2,1970,0.010299166257969592
205812,56196,2,1970,0.010299166257969592
153600,53256,2,1970,0.010299166257969592
210810,56220,2,1970,0.010299166257969592
210810,56194,2,1970,0.010299166257969592
205812,53256,2,1970,0.010299166257969592
210810,23492,2,1970,0.010299166257969592
210810,296994,2,1970,0.010299166257969592
205812,56208,2,1970,0.010299166257969592
205812,56242,2,1970,0.010299166257969592
210810,48182,2,1970,0.010299166257969592
210810,46630,2,1970,0.010299166257969592
205812,56148,2,1970,0.010299166257969592
212475,56208,2,1970,0.010299166257969592
205812,297016,2,1970,0.010299166257969592
203277,48182,2,1970,0.010299166257969592
210810,297016,2,1970,0.010299166257969592
153600,56148,2,1970,0.010299166257969592
203277,56242,2,1970,0.010299166257969592
203277,56208,2,1970,0.010299166257969592
235458,56194,2,1970,0.010299166257969592
204057,56196,2,1970,0.010299166257969592
204057,56242,2,1970,0.010299166257969592
235458,56220,2,1970,0.010299166257969592
203277,56148,2,1970,0.010299166257969592
203277,297016,2,1970,0.010299166257969592
204057,297016,2,1970,0.010299166257969592
153600,56208,2,1970,0.010299166257969592
204057,56148,2,1970,0.010299166257969592
204057,56208,2,1970,0.010299166257969592
205812,56220,2,1970,0.010299166257969592
204057,53256,2,1970,0.010299166257969592
203277,46630,2,1970,0.010299166257969592
203277,56196,2,1970,0.010299166257969592
205812,56194,2,1970,0.010299166257969592
210810,53256,2,1970,0.010299166257969592
212475,23492,2,1970,0.010299166257969592
203277,23492,2,1970,0.010299166257969592
212475,56196,2,1970,0.010299166257969592
205812,296994,2,1970,0.010299166257969592
203277,56152,2,1970,0.010299166257969592
212475,56242,2,1970,0.010299166257969592
210810,56208,2,1970,0.010299166257969592
210810,56148,2,1970,0.010299166257969592
203277,21632,2,1970,0.010299166257969592
203058,56152,2,1970,0.010299166257969592
188106,297016,2,1970,0.010299166257969592
153600,56196,2,1970,0.010299166257969592
191247,23492,2,1970,0.010299166257969592
159027,297016,2,1970,0.010299166257969592
159027,56148,2,1970,0.010299166257969592
159027,56208,2,1970,0.010299166257969592
191247,56242,2,1970,0.010299166257969592
159027,53256,2,1970,0.010299166257969592
247548,297016,2,1970,0.010299166257969592
247548,56148,2,1970,0.010299166257969592
255489,53256,2,1970,0.010299166257969592
255489,56208,2,1970,0.010299166257969592
255489,56148,2,1970,0.010299166257969592
247548,56208,2,1970,0.010299166257969592
191247,56196,2,1970,0.010299166257969592
249159,297016,2,1970,0.010299166257969592
238377,56220,2,1970,0.010299166257969592
191247,56194,2,1970,0.010299166257969592
238377,56194,2,1970,0.010299166257969592
191247,56152,2,1970,0.010299166257969592
238377,296994,2,1970,0.010299166257969592
191247,21632,2,1970,0.010299166257969592
191247,46630,2,1970,0.010299166257969592
255489,297016,2,1970,0.010299166257969592
249159,56242,2,1970,0.010299166257969592
203058,46630,2,1970,0.010299166257969592
249159,56196,2,1970,0.010299166257969592
238377,48182,2,1970,0.010299166257969592
247548,53256,2,1970,0.010299166257969592
255489,56242,2,1970,0.010299166257969592
191247,296994,2,1970,0.010299166257969592
153600,56152,2,1970,0.010299166257969592
159027,56242,2,1970,0.010299166257969592
191247,297016,2,1970,0.010299166257969592
153882,56220,2,1970,0.010299166257969592
153600,48182,2,1970,0.010299166257969592
247548,21632,2,1970,0.010299166257969592
159027,48182,2,1970,0.010299166257969592
159027,46630,2,1970,0.010299166257969592
249159,53256,2,1970,0.010299166257969592
159027,21632,2,1970,0.010299166257969592
159027,56152,2,1970,0.010299166257969592
153882,21632,2,1970,0.010299166257969592
247548,56152,2,1970,0.010299166257969592
235458,56148,2,1970,0.010299166257969592
191247,53256,2,1970,0.010299166257969592
249159,56208,2,1970,0.010299166257969592
191247,56208,2,1970,0.010299166257969592
159027,23492,2,1970,0.010299166257969592
235458,297016,2,1970,0.010299166257969592
153882,46630,2,1970,0.010299166257969592
153882,48182,2,1970,0.010299166257969592
247548,23492,2,1970,0.010299166257969592
153600,46630,2,1970,0.010299166257969592
249159,56148,2,1970,0.010299166257969592
159027,56196,2,1970,0.010299166257969592
247548,56196,2,1970,0.010299166257969592
153600,21632,2,1970,0.010299166257969592
191247,56148,2,1970,0.010299166257969592
153882,296994,2,1970,0.010299166257969592
247548,56242,2,1970,0.010299166257969592
153882,56194,2,1970,0.010299166257969592
238377,46630,2,1970,0.010299166257969592
191247,48182,2,1970,0.010299166257969592
191247,56220,2,1970,0.010299166257969592
211413,297016,2,1970,0.010299166257969592
249159,56152,2,1970,0.010299166257969592
211413,23492,2,1970,0.010299166257969592
255489,48182,2,1970,0.010299166257969592
238377,23492,2,1970,0.010299166257969592
238377,21632,2,1970,0.010299166257969592
249159,21632,2,1970,0.010299166257969592
211413,56196,2,1970,0.010299166257969592
211413,56242,2,1970,0.010299166257969592
238377,56242,2,1970,0.010299166257969592
249159,46630,2,1970,0.010299166257969592
249159,48182,2,1970,0.010299166257969592
249159,296994,2,1970,0.010299166257969592
249159,56194,2,1970,0.010299166257969592
211413,56148,2,1970,0.010299166257969592
211413,21632,2,1970,0.010299166257969592
249159,56220,2,1970,0.010299166257969592
238377,297016,2,1970,0.010299166257969592
211413,56208,2,1970,0.010299166257969592
211413,53256,2,1970,0.010299166257969592
255489,296994,2,1970,0.010299166257969592
238377,56148,2,1970,0.010299166257969592
235458,56152,2,1970,0.010299166257969592
203058,56220,2,1970,0.010299166257969592
203058,56194,2,1970,0.010299166257969592
203058,296994,2,1970,0.010299166257969592
238377,56208,2,1970,0.010299166257969592
238377,53256,2,1970,0.010299166257969592
203058,48182,2,1970,0.010299166257969592
211413,56152,2,1970,0.010299166257969592
238377,56196,2,1970,0.010299166257969592
255489,56152,2,1970,0.010299166257969592
235458,23492,2,1970,0.010299166257969592
249159,23492,2,1970,0.010299166257969592
255489,56196,2,1970,0.010299166257969592
238377,56152,2,1970,0.010299166257969592
235458,56242,2,1970,0.010299166257969592
255489,23492,2,1970,0.010299166257969592
211413,56220,2,1970,0.010299166257969592
235458,56196,2,1970,0.010299166257969592
211413,46630,2,1970,0.010299166257969592
211413,56194,2,1970,0.010299166257969592
211413,296994,2,1970,0.010299166257969592
255489,21632,2,1970,0.010299166257969592
210810,56152,2,1970,0.010299166257969592
211413,48182,2,1970,0.010299166257969592
255489,46630,2,1970,0.010299166257969592
153600,23492,2,1970,0.010299166257969592
222225,55294,2,1970,0.01020408163265306
63690,55294,2,1970,0.01020408163265306
235932,55294,2,1970,0.01020408163265306
206442,55294,2,1970,0.01020408163265306
235932,56892,2,1970,0.00980392156862745
222225,56892,2,1970,0.00980392156862745
206442,56892,2,1970,0.00980392156862745
63690,56892,2,1970,0.00980392156862745
199044,53256,2,1970,0.008403361344537815
173667,53256,2,1970,0.008403361344537815
203058,296906,2,1970,0.008130081300813009
59703,296906,2,1970,0.008130081300813009
229521,296906,2,1970,0.008130081300813009
203889,296906,2,1970,0.008130081300813009
203322,296906,2,1970,0.008130081300813009
211542,296906,2,1970,0.008130081300813009
211989,296906,2,1970,0.008130081300813009
159027,296906,2,1970,0.008130081300813009
238377,296906,2,1970,0.008130081300813009
212505,296906,2,1970,0.008130081300813009
60762,33288,2,1970,0.007518796992481203
191256,33288,2,1970,0.007518796992481203
227664,33288,2,1970,0.007518796992481203
251391,33288,2,1970,0.007518796992481203
154698,33288,2,1970,0.007518796992481203
208092,33288,2,1970,0.007518796992481203
222225,22644,2,1970,0.006872852233676976
206442,13362,2,1970,0.006872852233676976
63690,22644,2,1970,0.006872852233676976
235932,13362,2,1970,0.006872852233676976
222225,13362,2,1970,0.006872852233676976
235932,22644,2,1970,0.006872852233676976
206442,22644,2,1970,0.006872852233676976
63690,13362,2,1970,0.006872852233676976
249486,56220,2,1970,0.006024096385542169
199044,46630,2,1970,0.006024096385542169
249486,56242,2,1970,0.006024096385542169
199044,297128,2,1970,0.006024096385542169
173667,56242,2,1970,0.006024096385542169
199044,296906,2,1970,0.006024096385542169
173667,297128,2,1970,0.006024096385542169
199044,56152,2,1970,0.006024096385542169
199044,48182,2,1970,0.006024096385542169
199044,56220,2,1970,0.006024096385542169
249486,48182,2,1970,0.006024096385542169
249486,46630,2,1970,0.006024096385542169
249486,56152,2,1970,0.006024096385542169
249486,296906,2,1970,0.006024096385542169
173667,296906,2,1970,0.006024096385542169
249486,297128,2,1970,0.006024096385542169
173667,56152,2,1970,0.006024096385542169
199044,56242,2,1970,0.006024096385542169
173667,56220,2,1970,0.006024096385542169
173667,48182,2,1970,0.006024096385542169
173667,46630,2,1970,0.006024096385542169
209637,40902,2,1970,0.005076142131979695
178230,297782,2,1970,0.005076142131979695
205191,296994,2,1970,0.005076142131979695
231057,297782,2,1970,0.005076142131979695
231057,296994,2,1970,0.005076142131979695
213102,296994,2,1970,0.005076142131979695
208575,23492,2,1970,0.005076142131979695
178230,296994,2,1970,0.005076142131979695
213102,297782,2,1970,0.005076142131979695
213102,40902,2,1970,0.005076142131979695
157767,40902,2,1970,0.005076142131979695
157767,23492,2,1970,0.005076142131979695
208575,40902,2,1970,0.005076142131979695
209637,296994,2,1970,0.005076142131979695
213102,23492,2,1970,0.005076142131979695
157767,296994,2,1970,0.005076142131979695
243546,296994,2,1970,0.005076142131979695
231057,23492,2,1970,0.005076142131979695
208575,297782,2,1970,0.005076142131979695
231057,40902,2,1970,0.005076142131979695
157767,297782,2,1970,0.005076142131979695
209637,297782,2,1970,0.005076142131979695
209637,23492,2,1970,0.005076142131979695
211965,296994,2,1970,0.005076142131979695
217848,296994,2,1970,0.005076142131979695
208575,296994,2,1970,0.005076142131979695
211965,297782,2,1970,0.005076142131979695
243546,297782,2,1970,0.005076142131979695
243546,23492,2,1970,0.005076142131979695
243546,40902,2,1970,0.005076142131979695
211965,23492,2,1970,0.005076142131979695
211965,40902,2,1970,0.005076142131979695
207339,40902,2,1970,0.005076142131979695
217848,40902,2,1970,0.005076142131979695
217848,23492,2,1970,0.005076142131979695
207339,23492,2,1970,0.005076142131979695
207339,297782,2,1970,0.005076142131979695
207339,296994,2,1970,0.005076142131979695
242442,40902,2,1970,0.005076142131979695
242442,23492,2,1970,0.005076142131979695
242442,297782,2,1970,0.005076142131979695
242442,296994,2,1970,0.005076142131979695
205191,40902,2,1970,0.005076142131979695
205191,23492,2,1970,0.005076142131979695
217848,297782,2,1970,0.005076142131979695
178230,40902,2,1970,0.005076142131979695
205191,297782,2,1970,0.005076142131979695
178230,23492,2,1970,0.005076142131979695
222225,56182,2,1970,0.005050505050505051
235932,56188,2,1970,0.005050505050505051
63690,56188,2,1970,0.005050505050505051
206442,56188,2,1970,0.005050505050505051
206442,56182,2,1970,0.005050505050505051
63690,56182,2,1970,0.005050505050505051
235932,56182,2,1970,0.005050505050505051
222225,56188,2,1970,0.005050505050505051
229521,22644,2,1970,0.0018037518037518038
129264,13362,2,1970,0.0018037518037518038
212475,13362,2,1970,0.0018037518037518038
183672,22644,2,1970,0.0018037518037518038
233427,13362,2,1970,0.0018037518037518038
204411,22644,2,1970,0.0018037518037518038
157080,22644,2,1970,0.0018037518037518038
157080,13362,2,1970,0.0018037518037518038
254118,22644,2,1970,0.0018037518037518038
229521,13362,2,1970,0.0018037518037518038
153600,22644,2,1970,0.0018037518037518038
253053,22644,2,1970,0.0018037518037518038
183672,13362,2,1970,0.0018037518037518038
235458,22644,2,1970,0.0018037518037518038
238377,22644,2,1970,0.0018037518037518038
253053,13362,2,1970,0.0018037518037518038
162960,22644,2,1970,0.0018037518037518038
246054,13362,2,1970,0.0018037518037518038
129264,22644,2,1970,0.0018037518037518038
253146,22644,2,1970,0.0018037518037518038
207216,22644,2,1970,0.0018037518037518038
249159,13362,2,1970,0.0018037518037518038
235458,13362,2,1970,0.0018037518037518038
205947,13362,2,1970,0.0018037518037518038
249159,22644,2,1970,0.0018037518037518038
238377,13362,2,1970,0.0018037518037518038
153600,13362,2,1970,0.0018037518037518038
173940,22644,2,1970,0.0018037518037518038
233427,22644,2,1970,0.0018037518037518038
212475,22644,2,1970,0.0018037518037518038
204411,13362,2,1970,0.0018037518037518038
173940,13362,2,1970,0.0018037518037518038
225012,13362,2,1970,0.0018037518037518038
203256,22644,2,1970,0.0018037518037518038
207216,13362,2,1970,0.0018037518037518038
205947,22644,2,1970,0.0018037518037518038
203256,13362,2,1970,0.0018037518037518038
246054,22644,2,1970,0.0018037518037518038
162960,13362,2,1970,0.0018037518037518038
254118,13362,2,1970,0.0018037518037518038
225012,22644,2,1970,0.0018037518037518038
153882,22644,2,1970,0.0018037518037518038
191247,22644,2,1970,0.0018037518037518038
188106,22644,2,1970,0.0018037518037518038
204057,13362,2,1970,0.0018037518037518038
247956,22644,2,1970,0.0018037518037518038
188106,13362,2,1970,0.0018037518037518038
204057,22644,2,1970,0.0018037518037518038
203058,13362,2,1970,0.0018037518037518038
153744,13362,2,1970,0.0018037518037518038
247956,13362,2,1970,0.0018037518037518038
203058,22644,2,1970,0.0018037518037518038
211413,13362,2,1970,0.0018037518037518038
153744,22644,2,1970,0.0018037518037518038
204522,22644,2,1970,0.0018037518037518038
211413,22644,2,1970,0.0018037518037518038
219381,13362,2,1970,0.0018037518037518038
203277,13362,2,1970,0.0018037518037518038
204522,13362,2,1970,0.0018037518037518038
159027,13362,2,1970,0.0018037518037518038
159027,22644,2,1970,0.0018037518037518038
242409,13362,2,1970,0.0018037518037518038
219381,22644,2,1970,0.0018037518037518038
219420,22644,2,1970,0.0018037518037518038
153912,22644,2,1970,0.0018037518037518038
242409,22644,2,1970,0.0018037518037518038
219420,13362,2,1970,0.0018037518037518038
154011,13362,2,1970,0.0018037518037518038
154011,22644,2,1970,0.0018037518037518038
203322,13362,2,1970,0.0018037518037518038
179790,13362,2,1970,0.0018037518037518038
206076,13362,2,1970,0.0018037518037518038
210810,22644,2,1970,0.0018037518037518038
154740,22644,2,1970,0.0018037518037518038
153882,13362,2,1970,0.0018037518037518038
251253,22644,2,1970,0.0018037518037518038
251253,13362,2,1970,0.0018037518037518038
72108,22644,2,1970,0.0018037518037518038
206616,13362,2,1970,0.0018037518037518038
206616,22644,2,1970,0.0018037518037518038
154383,13362,2,1970,0.0018037518037518038
72108,13362,2,1970,0.0018037518037518038
239115,22644,2,1970,0.0018037518037518038
239115,13362,2,1970,0.0018037518037518038
154383,22644,2,1970,0.0018037518037518038
204762,22644,2,1970,0.0018037518037518038
204762,13362,2,1970,0.0018037518037518038
247548,22644,2,1970,0.0018037518037518038
211542,13362,2,1970,0.0018037518037518038
203277,22644,2,1970,0.0018037518037518038
247548,13362,2,1970,0.0018037518037518038
62811,13362,2,1970,0.0018037518037518038
255489,13362,2,1970,0.0018037518037518038
203241,22644,2,1970,0.0018037518037518038
255489,22644,2,1970,0.0018037518037518038
211542,22644,2,1970,0.0018037518037518038
203889,13362,2,1970,0.0018037518037518038
205812,22644,2,1970,0.0018037518037518038
203889,22644,2,1970,0.0018037518037518038
203241,13362,2,1970,0.0018037518037518038
205812,13362,2,1970,0.0018037518037518038
206076,22644,2,1970,0.0018037518037518038
210810,13362,2,1970,0.0018037518037518038
203322,22644,2,1970,0.0018037518037518038
191247,13362,2,1970,0.0018037518037518038
192714,13362,2,1970,0.0018037518037518038
154743,13362,2,1970,0.0018037518037518038
210627,22644,2,1970,0.0018037518037518038
67056,22644,2,1970,0.0018037518037518038
154146,22644,2,1970,0.0018037518037518038
247029,13362,2,1970,0.0018037518037518038
248724,13362,2,1970,0.0018037518037518038
225972,22644,2,1970,0.0018037518037518038
59703,22644,2,1970,0.0018037518037518038
154146,13362,2,1970,0.0018037518037518038
211989,13362,2,1970,0.0018037518037518038
210627,13362,2,1970,0.0018037518037518038
62811,22644,2,1970,0.0018037518037518038
248724,22644,2,1970,0.0018037518037518038
244680,13362,2,1970,0.0018037518037518038
212505,13362,2,1970,0.0018037518037518038
225972,13362,2,1970,0.0018037518037518038
59703,13362,2,1970,0.0018037518037518038
154743,22644,2,1970,0.0018037518037518038
212505,22644,2,1970,0.0018037518037518038
211989,22644,2,1970,0.0018037518037518038
244680,22644,2,1970,0.0018037518037518038
67056,13362,2,1970,0.0018037518037518038
214194,13362,2,1970,0.0018037518037518038
214194,22644,2,1970,0.0018037518037518038
179790,22644,2,1970,0.0018037518037518038
253146,13362,2,1970,0.0018037518037518038
153912,13362,2,1970,0.0018037518037518038
154551,13362,2,1970,0.0018037518037518038
154740,13362,2,1970,0.0018037518037518038
192714,22644,2,1970,0.0018037518037518038
247029,22644,2,1970,0.0018037518037518038
154551,22644,2,1970,0.0018037518037518038
206616,56188,2,1970,0.0010787486515641855
255489,56182,2,1970,0.0010787486515641855
255489,56188,2,1970,0.0010787486515641855
204411,56182,2,1970,0.0010787486515641855
211989,56182,2,1970,0.0010787486515641855
206616,56182,2,1970,0.0010787486515641855
254118,56188,2,1970,0.0010787486515641855
162960,56188,2,1970,0.0010787486515641855
235458,56182,2,1970,0.0010787486515641855
154551,56182,2,1970,0.0010787486515641855
203889,56182,2,1970,0.0010787486515641855
204411,56188,2,1970,0.0010787486515641855
254118,56182,2,1970,0.0010787486515641855
203889,56188,2,1970,0.0010787486515641855
211989,56188,2,1970,0.0010787486515641855
225012,56188,2,1970,0.0010787486515641855
154551,56188,2,1970,0.0010787486515641855
153882,56182,2,1970,0.0010787486515641855
153882,56188,2,1970,0.0010787486515641855
205812,56188,2,1970,0.0010787486515641855
239115,56182,2,1970,0.0010787486515641855
162960,56182,2,1970,0.0010787486515641855
239115,56188,2,1970,0.0010787486515641855
204762,56188,2,1970,0.0010787486515641855
204762,56182,2,1970,0.0010787486515641855
203256,56182,2,1970,0.0010787486515641855
214194,56182,2,1970,0.0010787486515641855
203256,56188,2,1970,0.0010787486515641855
153600,56188,2,1970,0.0010787486515641855
214194,56188,2,1970,0.0010787486515641855
247548,56188,2,1970,0.0010787486515641855
225012,56182,2,1970,0.0010787486515641855
247548,56182,2,1970,0.0010787486515641855
229521,56182,2,1970,0.0010787486515641855
225972,56188,2,1970,0.0010787486515641855
153600,56182,2,1970,0.0010787486515641855
225972,56182,2,1970,0.0010787486515641855
229521,56188,2,1970,0.0010787486515641855
235458,56188,2,1970,0.0010787486515641855
203277,56182,2,1970,0.0010787486515641855
205812,56182,2,1970,0.0010787486515641855
210810,56182,2,1970,0.0010787486515641855
251253,56188,2,1970,0.0010787486515641855
67056,56188,2,1970,0.0010787486515641855
238377,56188,2,1970,0.0010787486515641855
67056,56182,2,1970,0.0010787486515641855
183672,56188,2,1970,0.0010787486515641855
159027,56182,2,1970,0.0010787486515641855
183672,56182,2,1970,0.0010787486515641855
159027,56188,2,1970,0.0010787486515641855
205947,56188,2,1970,0.0010787486515641855
242409,56182,2,1970,0.0010787486515641855
242409,56188,2,1970,0.0010787486515641855
205947,56182,2,1970,0.0010787486515641855
219420,56188,2,1970,0.0010787486515641855
192714,56188,2,1970,0.0010787486515641855
219420,56182,2,1970,0.0010787486515641855
192714,56182,2,1970,0.0010787486515641855
154011,56182,2,1970,0.0010787486515641855
154011,56188,2,1970,0.0010787486515641855
154740,56182,2,1970,0.0010787486515641855
154740,56188,2,1970,0.0010787486515641855
203322,56182,2,1970,0.0010787486515641855
203322,56188,2,1970,0.0010787486515641855
207216,56188,2,1970,0.0010787486515641855
191247,56182,2,1970,0.0010787486515641855
238377,56182,2,1970,0.0010787486515641855
191247,56188,2,1970,0.0010787486515641855
212475,56182,2,1970,0.0010787486515641855
212505,56188,2,1970,0.0010787486515641855
210810,56188,2,1970,0.0010787486515641855
203277,56188,2,1970,0.0010787486515641855
207216,56182,2,1970,0.0010787486515641855
157080,56188,2,1970,0.0010787486515641855
212505,56182,2,1970,0.0010787486515641855
188106,56188,2,1970,0.0010787486515641855
157080,56182,2,1970,0.0010787486515641855
188106,56182,2,1970,0.0010787486515641855
204057,56182,2,1970,0.0010787486515641855
204057,56188,2,1970,0.0010787486515641855
211413,56188,2,1970,0.0010787486515641855
248724,56188,2,1970,0.0010787486515641855
212475,56188,2,1970,0.0010787486515641855
248724,56182,2,1970,0.0010787486515641855
203058,56182,2,1970,0.0010787486515641855
154146,56182,2,1970,0.0010787486515641855
203058,56188,2,1970,0.0010787486515641855
249159,56188,2,1970,0.0010787486515641855
249159,56182,2,1970,0.0010787486515641855
211413,56182,2,1970,0.0010787486515641855
154146,56188,2,1970,0.0010787486515641855
251253,56182,2,1970,0.0010787486515641855
154383,56182,2,1970,0.0010787486515641855
129264,56182,2,1970,0.0010787486515641855
246054,56182,2,1970,0.0010787486515641855
62811,56188,2,1970,0.0010787486515641855
173940,56188,2,1970,0.0010787486515641855
247029,56188,2,1970,0.0010787486515641855
253146,56188,2,1970,0.0010787486515641855
129264,56188,2,1970,0.0010787486515641855
210627,56188,2,1970,0.0010787486515641855
153912,56188,2,1970,0.0010787486515641855
247029,56182,2,1970,0.0010787486515641855
203241,56188,2,1970,0.0010787486515641855
247956,56182,2,1970,0.0010787486515641855
211542,56188,2,1970,0.0010787486515641855
247956,56188,2,1970,0.0010787486515641855
154743,56182,2,1970,0.0010787486515641855
154743,56188,2,1970,0.0010787486515641855
219381,56182,2,1970,0.0010787486515641855
203241,56182,2,1970,0.0010787486515641855
244680,56188,2,1970,0.0010787486515641855
246054,56188,2,1970,0.0010787486515641855
244680,56182,2,1970,0.0010787486515641855
59703,56182,2,1970,0.0010787486515641855
219381,56188,2,1970,0.0010787486515641855
206076,56182,2,1970,0.0010787486515641855
59703,56188,2,1970,0.0010787486515641855
154383,56188,2,1970,0.0010787486515641855
206076,56188,2,1970,0.0010787486515641855
62811,56182,2,1970,0.0010787486515641855
210627,56182,2,1970,0.0010787486515641855
233427,56188,2,1970,0.0010787486515641855
72108,56182,2,1970,0.0010787486515641855
153744,56188,2,1970,0.0010787486515641855
253146,56182,2,1970,0.0010787486515641855
233427,56182,2,1970,0.0010787486515641855
173940,56182,2,1970,0.0010787486515641855
253053,56188,2,1970,0.0010787486515641855
204522,56188,2,1970,0.0010787486515641855
204522,56182,2,1970,0.0010787486515641855
72108,56188,2,1970,0.0010787486515641855
179790,56182,2,1970,0.0010787486515641855
153744,56182,2,1970,0.0010787486515641855
211542,56182,2,1970,0.0010787486515641855
153912,56182,2,1970,0.0010787486515641855
179790,56188,2,1970,0.0010787486515641855
253053,56182,2,1970,0.0010787486515641855
178230,56152,2,1970,0.0
154011,297128,2,1970,0.0
206364,296906,2,1970,0.0
203322,297782,2,1970,0.0
154011,297782,2,1970,0.0
179790,297128,2,1970,0.0
154011,40902,2,1970,0.0
220047,296906,2,1970,0.0
219420,297128,2,1970,0.0
206364,56152,2,1970,0.0
219420,40902,2,1970,0.0
206364,1440,2,1970,0.0
206364,46630,2,1970,0.0
219420,297782,2,1970,0.0
206364,55294,2,1970,0.0
206364,23492,2,1970,0.0
206364,48182,2,1970,0.0
179790,40902,2,1970,0.0
220047,56220,2,1970,0.0
220047,40902,2,1970,0.0
206364,297782,2,1970,0.0
220047,46630,2,1970,0.0
203322,40902,2,1970,0.0
220047,297782,2,1970,0.0
178230,296906,2,1970,0.0
153912,297782,2,1970,0.0
178230,46630,2,1970,0.0
220047,297128,2,1970,0.0
220047,56152,2,1970,0.0
220047,296994,2,1970,0.0
178230,56242,2,1970,0.0
220047,48182,2,1970,0.0
178230,297128,2,1970,0.0
178230,48182,2,1970,0.0
220047,23492,2,1970,0.0
203322,297128,2,1970,0.0
178230,56220,2,1970,0.0
220047,56242,2,1970,0.0
254118,40902,2,1970,0.0
206364,40902,2,1970,0.0
206364,297128,2,1970,0.0
159027,297128,2,1970,0.0
191247,297128,2,1970,0.0
191247,40902,2,1970,0.0
219381,297782,2,1970,0.0
209637,56220,2,1970,0.0
209637,48182,2,1970,0.0
209637,46630,2,1970,0.0
191247,297782,2,1970,0.0
209637,56152,2,1970,0.0
204522,297782,2,1970,0.0
219381,40902,2,1970,0.0
209637,296906,2,1970,0.0
249159,297128,2,1970,0.0
249159,40902,2,1970,0.0
209637,297128,2,1970,0.0
238377,297782,2,1970,0.0
219381,297128,2,1970,0.0
209637,56242,2,1970,0.0
173940,297782,2,1970,0.0
246054,297782,2,1970,0.0
211413,297782,2,1970,0.0
211413,40902,2,1970,0.0
238377,40902,2,1970,0.0
159027,40902,2,1970,0.0
173940,40902,2,1970,0.0
159027,297782,2,1970,0.0
211965,297128,2,1970,0.0
206364,56242,2,1970,0.0
183672,297128,2,1970,0.0
211965,56208,2,1970,0.0
183672,40902,2,1970,0.0
242409,297782,2,1970,0.0
211965,56148,2,1970,0.0
242409,40902,2,1970,0.0
242409,297128,2,1970,0.0
192714,297128,2,1970,0.0
211965,56196,2,1970,0.0
211965,296906,2,1970,0.0
211965,56188,2,1970,0.0
211965,56152,2,1970,0.0
183672,297782,2,1970,0.0
211965,46630,2,1970,0.0
204522,297128,2,1970,0.0
204522,40902,2,1970,0.0
211965,48182,2,1970,0.0
211965,56182,2,1970,0.0
173940,297128,2,1970,0.0
211965,56194,2,1970,0.0
211965,56220,2,1970,0.0
211965,56242,2,1970,0.0
205947,297782,2,1970,0.0
205947,297128,2,1970,0.0
225972,40902,2,1970,0.0
154743,297128,2,1970,0.0
204411,297782,2,1970,0.0
211989,297128,2,1970,0.0
211989,40902,2,1970,0.0
154743,40902,2,1970,0.0
210627,297782,2,1970,0.0
210627,40902,2,1970,0.0
211989,297782,2,1970,0.0
225972,297782,2,1970,0.0
210627,297128,2,1970,0.0
154743,297782,2,1970,0.0
225972,297128,2,1970,0.0
214194,40902,2,1970,0.0
59703,297128,2,1970,0.0
59703,40902,2,1970,0.0
222225,297128,2,1970,0.0
222225,40902,2,1970,0.0
244680,297782,2,1970,0.0
222225,297782,2,1970,0.0
212505,297782,2,1970,0.0
59703,297782,2,1970,0.0
212505,40902,2,1970,0.0
212505,297128,2,1970,0.0
244680,40902,2,1970,0.0
214194,297128,2,1970,0.0
214194,297782,2,1970,0.0
154146,297128,2,1970,0.0
208575,48182,2,1970,0.0
62811,40902,2,1970,0.0
154551,297128,2,1970,0.0
154551,297782,2,1970,0.0
253146,40902,2,1970,0.0
62811,297128,2,1970,0.0
253146,297128,2,1970,0.0
208575,56188,2,1970,0.0
208575,56220,2,1970,0.0
208575,56194,2,1970,0.0
208575,56182,2,1970,0.0
62811,297782,2,1970,0.0
208575,46630,2,1970,0.0
225012,297128,2,1970,0.0
208575,56152,2,1970,0.0
208575,296906,2,1970,0.0
225012,297782,2,1970,0.0
208575,297128,2,1970,0.0
204411,297128,2,1970,0.0
208575,56196,2,1970,0.0
208575,56242,2,1970,0.0
208575,56148,2,1970,0.0
204411,40902,2,1970,0.0
208575,56208,2,1970,0.0
225012,40902,2,1970,0.0
244680,297128,2,1970,0.0
154146,40902,2,1970,0.0
205947,40902,2,1970,0.0
157767,56242,2,1970,0.0
253053,297782,2,1970,0.0
67056,40902,2,1970,0.0
67056,297128,2,1970,0.0
157767,56220,2,1970,0.0
207216,297128,2,1970,0.0
207216,40902,2,1970,0.0
157767,48182,2,1970,0.0
157767,46630,2,1970,0.0
157767,56152,2,1970,0.0
157767,296906,2,1970,0.0
157767,297128,2,1970,0.0
154740,297128,2,1970,0.0
63690,297128,2,1970,0.0
154740,40902,2,1970,0.0
207216,297782,2,1970,0.0
153912,297128,2,1970,0.0
167364,56242,2,1970,0.0
154740,297782,2,1970,0.0
153912,40902,2,1970,0.0
192714,297782,2,1970,0.0
206364,56220,2,1970,0.0
179790,297782,2,1970,0.0
206364,296994,2,1970,0.0
192714,40902,2,1970,0.0
67056,297782,2,1970,0.0
63690,40902,2,1970,0.0
157080,297782,2,1970,0.0
199044,56188,2,1970,0.0
253053,297128,2,1970,0.0
253053,40902,2,1970,0.0
248724,297782,2,1970,0.0
154146,297782,2,1970,0.0
247029,297128,2,1970,0.0
248724,40902,2,1970,0.0
247029,40902,2,1970,0.0
248724,297128,2,1970,0.0
157080,40902,2,1970,0.0
157080,297128,2,1970,0.0
63690,297782,2,1970,0.0
199044,56194,2,1970,0.0
247029,297782,2,1970,0.0
199044,296994,2,1970,0.0
235932,297128,2,1970,0.0
235932,40902,2,1970,0.0
199044,56182,2,1970,0.0
199044,297782,2,1970,0.0
235932,297782,2,1970,0.0
199044,23492,2,1970,0.0
199044,40902,2,1970,0.0
199044,56196,2,1970,0.0
199044,56148,2,1970,0.0
199044,56208,2,1970,0.0
238377,297128,2,1970,0.0
167364,297782,2,1970,0.0
211413,297128,2,1970,0.0
236973,48182,2,1970,0.0
236973,297782,2,1970,0.0
236973,56152,2,1970,0.0
236973,296906,2,1970,0.0
205191,56220,2,1970,0.0
236973,23492,2,1970,0.0
239115,297128,2,1970,0.0
239115,40902,2,1970,0.0
236973,40902,2,1970,0.0
236973,297128,2,1970,0.0
236973,56196,2,1970,0.0
72108,297128,2,1970,0.0
236973,56242,2,1970,0.0
239115,297782,2,1970,0.0
236973,56148,2,1970,0.0
236973,56208,2,1970,0.0
243546,56220,2,1970,0.0
72108,40902,2,1970,0.0
229521,297128,2,1970,0.0
154713,22644,2,1970,0.0
229521,40902,2,1970,0.0
154713,56188,2,1970,0.0
154713,56220,2,1970,0.0
154713,56194,2,1970,0.0
243546,48182,2,1970,0.0
173667,56148,2,1970,0.0
236973,46630,2,1970,0.0
162960,297782,2,1970,0.0
204762,40902,2,1970,0.0
236973,56182,2,1970,0.0
208518,46630,2,1970,0.0
208518,297782,2,1970,0.0
173667,40902,2,1970,0.0
208518,56152,2,1970,0.0
204762,297782,2,1970,0.0
208518,296906,2,1970,0.0
205191,46630,2,1970,0.0
203256,297782,2,1970,0.0
208518,23492,2,1970,0.0
208518,40902,2,1970,0.0
208518,297128,2,1970,0.0
208518,56196,2,1970,0.0
173667,56196,2,1970,0.0
162960,297128,2,1970,0.0
162960,40902,2,1970,0.0
208518,56242,2,1970,0.0
208518,56148,2,1970,0.0
203256,40902,2,1970,0.0
203256,297128,2,1970,0.0
208518,56208,2,1970,0.0
205191,48182,2,1970,0.0
236973,56188,2,1970,0.0
236973,56220,2,1970,0.0
236973,56194,2,1970,0.0
236973,296994,2,1970,0.0
154713,56182,2,1970,0.0
243546,46630,2,1970,0.0
154713,48182,2,1970,0.0
229521,297782,2,1970,0.0
154713,56208,2,1970,0.0
72108,297782,2,1970,0.0
249486,56196,2,1970,0.0
249486,40902,2,1970,0.0
249486,23492,2,1970,0.0
154383,40902,2,1970,0.0
154383,297128,2,1970,0.0
206616,297782,2,1970,0.0
249486,297782,2,1970,0.0
249486,56182,2,1970,0.0
233427,297128,2,1970,0.0
233427,40902,2,1970,0.0
206616,40902,2,1970,0.0
249486,296994,2,1970,0.0
206616,297128,2,1970,0.0
249486,56194,2,1970,0.0
249486,56188,2,1970,0.0
254118,297782,2,1970,0.0
251253,297128,2,1970,0.0
251253,40902,2,1970,0.0
206442,297782,2,1970,0.0
251253,297782,2,1970,0.0
206442,297128,2,1970,0.0
233427,297782,2,1970,0.0
206442,40902,2,1970,0.0
154713,56148,2,1970,0.0
249486,56892,2,1970,0.0
154713,56242,2,1970,0.0
154383,297782,2,1970,0.0
154713,46630,2,1970,0.0
243546,56152,2,1970,0.0
243546,296906,2,1970,0.0
173667,56208,2,1970,0.0
154551,40902,2,1970,0.0
154713,297782,2,1970,0.0
154713,56152,2,1970,0.0
249486,53256,2,1970,0.0
154713,296906,2,1970,0.0
243546,297128,2,1970,0.0
249486,56208,2,1970,0.0
154713,13362,2,1970,0.0
207339,56220,2,1970,0.0
243546,56242,2,1970,0.0
207339,56242,2,1970,0.0
207339,297128,2,1970,0.0
154713,40902,2,1970,0.0
154713,297128,2,1970,0.0
207339,296906,2,1970,0.0
207339,56152,2,1970,0.0
154713,56196,2,1970,0.0
207339,46630,2,1970,0.0
207339,48182,2,1970,0.0
249486,56148,2,1970,0.0
208518,48182,2,1970,0.0
204762,297128,2,1970,0.0
249159,297782,2,1970,0.0
246054,297128,2,1970,0.0
213102,56220,2,1970,0.0
188106,297782,2,1970,0.0
212475,297782,2,1970,0.0
204057,297782,2,1970,0.0
206076,297128,2,1970,0.0
217848,56220,2,1970,0.0
206076,40902,2,1970,0.0
204057,40902,2,1970,0.0
204057,297128,2,1970,0.0
203277,297128,2,1970,0.0
203277,40902,2,1970,0.0
212475,40902,2,1970,0.0
212475,297128,2,1970,0.0
242442,56220,2,1970,0.0
242442,48182,2,1970,0.0
217848,48182,2,1970,0.0
242442,46630,2,1970,0.0
203277,297782,2,1970,0.0
242442,56152,2,1970,0.0
206076,297782,2,1970,0.0
242442,296906,2,1970,0.0
242442,297128,2,1970,0.0
217848,46630,2,1970,0.0
242442,56242,2,1970,0.0
217848,56152,2,1970,0.0
153744,297128,2,1970,0.0
246054,40902,2,1970,0.0
208518,56182,2,1970,0.0
213102,48182,2,1970,0.0
167364,297128,2,1970,0.0
167364,40902,2,1970,0.0
167364,23492,2,1970,0.0
167364,296906,2,1970,0.0
167364,56152,2,1970,0.0
254118,297128,2,1970,0.0
167364,46630,2,1970,0.0
167364,48182,2,1970,0.0
247956,297128,2,1970,0.0
247956,40902,2,1970,0.0
167364,296994,2,1970,0.0
167364,56220,2,1970,0.0
213102,56242,2,1970,0.0
153744,297782,2,1970,0.0
213102,297128,2,1970,0.0
203058,297782,2,1970,0.0
247956,297782,2,1970,0.0
203058,40902,2,1970,0.0
213102,296906,2,1970,0.0
213102,56152,2,1970,0.0
203058,297128,2,1970,0.0
188106,297128,2,1970,0.0
188106,40902,2,1970,0.0
153744,40902,2,1970,0.0
213102,46630,2,1970,0.0
217848,296906,2,1970,0.0
210810,297782,2,1970,0.0
217848,297128,2,1970,0.0
210810,40902,2,1970,0.0
235458,297128,2,1970,0.0
129264,297782,2,1970,0.0
231057,56220,2,1970,0.0
255489,40902,2,1970,0.0
255489,297128,2,1970,0.0
211542,297782,2,1970,0.0
173667,297782,2,1970,0.0
153600,297782,2,1970,0.0
247548,297128,2,1970,0.0
247548,40902,2,1970,0.0
153882,297782,2,1970,0.0
205191,56242,2,1970,0.0
247548,297782,2,1970,0.0
205191,297128,2,1970,0.0
211542,40902,2,1970,0.0
153882,40902,2,1970,0.0
153882,297128,2,1970,0.0
211542,297128,2,1970,0.0
173667,23492,2,1970,0.0
205191,296906,2,1970,0.0
208518,56188,2,1970,0.0
208518,56220,2,1970,0.0
208518,56194,2,1970,0.0
208518,296994,2,1970,0.0
205191,56152,2,1970,0.0
235458,40902,2,1970,0.0
255489,297782,2,1970,0.0
231057,48182,2,1970,0.0
173667,56194,2,1970,0.0
205812,297128,2,1970,0.0
205812,40902,2,1970,0.0
210810,297128,2,1970,0.0
217848,56242,2,1970,0.0
205812,297782,2,1970,0.0
203241,297128,2,1970,0.0
173667,56188,2,1970,0.0
203241,40902,2,1970,0.0
129264,297128,2,1970,0.0
129264,40902,2,1970,0.0
203241,297782,2,1970,0.0
203889,297782,2,1970,0.0
153600,40902,2,1970,0.0
173667,296994,2,1970,0.0
203889,40902,2,1970,0.0
173667,56182,2,1970,0.0
203889,297128,2,1970,0.0
231057,56242,2,1970,0.0
231057,297128,2,1970,0.0
235458,297782,2,1970,0.0
231057,296906,2,1970,0.0
231057,56152,2,1970,0.0
231057,46630,2,1970,0.0
153600,297128,2,1970,0.0
253146,297782,2,1970,0.0
