customer_id,product_id,Semana,Año,probabilidad_compra
154713,59822,2,1970,1.0
154713,28528,2,1970,1.0
249486,59822,2,1970,0.9285714285714286
211965,59822,2,1970,0.9130434782608695
208575,59822,2,1970,0.9130434782608695
199044,59822,2,1970,0.9036144578313253
173667,59822,2,1970,0.9036144578313253
154713,1440,2,1970,0.8888888888888888
154713,296994,2,1970,0.88
154713,21632,2,1970,0.88
154713,23492,2,1970,0.88
211542,59822,2,1970,0.8764478764478765
229521,59822,2,1970,0.8764478764478765
203058,59822,2,1970,0.8764478764478765
203322,59822,2,1970,0.8764478764478765
212505,59822,2,1970,0.8764478764478765
59703,59822,2,1970,0.8764478764478765
159027,59822,2,1970,0.8764478764478765
211989,59822,2,1970,0.8764478764478765
203889,59822,2,1970,0.8764478764478765
238377,59822,2,1970,0.8764478764478765
249486,296930,2,1970,0.875
242442,59822,2,1970,0.8405797101449275
207339,59822,2,1970,0.8405797101449275
217848,59822,2,1970,0.8405797101449275
243546,59822,2,1970,0.8405797101449275
231057,59822,2,1970,0.8405797101449275
249486,30500,2,1970,0.8125
222225,59822,2,1970,0.8115942028985508
206442,59822,2,1970,0.8115942028985508
235932,59822,2,1970,0.8115942028985508
63690,59822,2,1970,0.8115942028985508
236973,59822,2,1970,0.8076923076923077
208518,59822,2,1970,0.8076923076923077
157767,59822,2,1970,0.7928802588996764
209637,59822,2,1970,0.7928802588996764
205191,59822,2,1970,0.7928802588996764
213102,59822,2,1970,0.7928802588996764
178230,59822,2,1970,0.7928802588996764
244680,59822,2,1970,0.7836084905660378
204411,59822,2,1970,0.7836084905660378
62811,59822,2,1970,0.7836084905660378
154383,59822,2,1970,0.7836084905660378
203277,59822,2,1970,0.7836084905660378
247956,59822,2,1970,0.7836084905660378
154743,59822,2,1970,0.7836084905660378
203256,59822,2,1970,0.7836084905660378
249159,59822,2,1970,0.7836084905660378
179790,59822,2,1970,0.7836084905660378
72108,59822,2,1970,0.7836084905660378
191247,59822,2,1970,0.7836084905660378
214194,59822,2,1970,0.7836084905660378
157080,59822,2,1970,0.7836084905660378
67056,59822,2,1970,0.7836084905660378
153600,59822,2,1970,0.7836084905660378
242409,59822,2,1970,0.7836084905660378
219381,59822,2,1970,0.7836084905660378
247029,59822,2,1970,0.7836084905660378
255489,59822,2,1970,0.7836084905660378
154146,59822,2,1970,0.7836084905660378
153744,59822,2,1970,0.7836084905660378
153912,59822,2,1970,0.7836084905660378
154551,59822,2,1970,0.7836084905660378
153882,59822,2,1970,0.7836084905660378
188106,59822,2,1970,0.7836084905660378
210627,59822,2,1970,0.7836084905660378
206616,59822,2,1970,0.7836084905660378
207216,59822,2,1970,0.7836084905660378
235458,59822,2,1970,0.7836084905660378
254118,59822,2,1970,0.7836084905660378
239115,59822,2,1970,0.7836084905660378
211413,59822,2,1970,0.7836084905660378
225012,59822,2,1970,0.7836084905660378
154740,59822,2,1970,0.7836084905660378
225972,59822,2,1970,0.7836084905660378
204762,59822,2,1970,0.7836084905660378
205812,59822,2,1970,0.7836084905660378
154011,59822,2,1970,0.7836084905660378
129264,59822,2,1970,0.7836084905660378
233427,59822,2,1970,0.7836084905660378
173940,59822,2,1970,0.7836084905660378
247548,59822,2,1970,0.7836084905660378
248724,59822,2,1970,0.7836084905660378
183672,59822,2,1970,0.7836084905660378
204522,59822,2,1970,0.7836084905660378
203241,59822,2,1970,0.7836084905660378
204057,59822,2,1970,0.7836084905660378
192714,59822,2,1970,0.7836084905660378
212475,59822,2,1970,0.7836084905660378
162960,59822,2,1970,0.7836084905660378
253053,59822,2,1970,0.7836084905660378
246054,59822,2,1970,0.7836084905660378
219420,59822,2,1970,0.7836084905660378
205947,59822,2,1970,0.7836084905660378
251253,59822,2,1970,0.7836084905660378
253146,59822,2,1970,0.7836084905660378
206076,59822,2,1970,0.7836084905660378
210810,59822,2,1970,0.7836084905660378
231057,296930,2,1970,0.6875
217848,296930,2,1970,0.6875
207339,296930,2,1970,0.6875
243546,296930,2,1970,0.6875
242442,296930,2,1970,0.6875
242442,30500,2,1970,0.6716417910447762
217848,30500,2,1970,0.6716417910447762
231057,30500,2,1970,0.6716417910447762
243546,30500,2,1970,0.6716417910447762
207339,30500,2,1970,0.6716417910447762
154713,297818,2,1970,0.6666666666666666
173667,53068,2,1970,0.6666666666666666
199044,297244,2,1970,0.6666666666666666
154713,63728,2,1970,0.6666666666666666
199044,53068,2,1970,0.6666666666666666
173667,297244,2,1970,0.6666666666666666
208575,30500,2,1970,0.6666666666666666
211965,30500,2,1970,0.6666666666666666
173667,30500,2,1970,0.6637931034482759
220047,30500,2,1970,0.6637931034482759
199044,30500,2,1970,0.6637931034482759
178230,53068,2,1970,0.6578947368421053
209637,297244,2,1970,0.6578947368421053
178230,297244,2,1970,0.6578947368421053
209637,53068,2,1970,0.6578947368421053
157767,53068,2,1970,0.6578947368421053
205191,53068,2,1970,0.6578947368421053
157767,297244,2,1970,0.6578947368421053
205191,297244,2,1970,0.6578947368421053
213102,297244,2,1970,0.6578947368421053
213102,53068,2,1970,0.6578947368421053
209637,30500,2,1970,0.6437908496732027
213102,30500,2,1970,0.6437908496732027
157767,30500,2,1970,0.6437908496732027
205191,30500,2,1970,0.6437908496732027
178230,30500,2,1970,0.6437908496732027
217848,53068,2,1970,0.6338028169014085
231057,53068,2,1970,0.6338028169014085
242442,297244,2,1970,0.6338028169014085
231057,297244,2,1970,0.6338028169014085
243546,297244,2,1970,0.6338028169014085
243546,53068,2,1970,0.6338028169014085
242442,53068,2,1970,0.6338028169014085
207339,297244,2,1970,0.6338028169014085
207339,53068,2,1970,0.6338028169014085
217848,297244,2,1970,0.6338028169014085
206364,59822,2,1970,0.6060606060606061
173667,296930,2,1970,0.6
199044,296930,2,1970,0.6
60762,28528,2,1970,0.5942028985507246
227664,28528,2,1970,0.5942028985507246
191256,28528,2,1970,0.5942028985507246
208092,28528,2,1970,0.5942028985507246
154698,28528,2,1970,0.5942028985507246
251391,28528,2,1970,0.5942028985507246
220047,28528,2,1970,0.5942028985507246
249486,26850,2,1970,0.5833333333333334
249486,296838,2,1970,0.5833333333333334
213102,63728,2,1970,0.5791666666666667
205191,63728,2,1970,0.5791666666666667
205191,297818,2,1970,0.5791666666666667
157767,63728,2,1970,0.5791666666666667
157767,297818,2,1970,0.5791666666666667
178230,63728,2,1970,0.5791666666666667
178230,297818,2,1970,0.5791666666666667
209637,297818,2,1970,0.5791666666666667
213102,297818,2,1970,0.5791666666666667
209637,63728,2,1970,0.5791666666666667
159027,30500,2,1970,0.5775193798449613
211989,30500,2,1970,0.5775193798449613
211542,30500,2,1970,0.5775193798449613
212505,30500,2,1970,0.5775193798449613
203889,30500,2,1970,0.5775193798449613
59703,30500,2,1970,0.5775193798449613
229521,30500,2,1970,0.5775193798449613
203058,30500,2,1970,0.5775193798449613
203322,30500,2,1970,0.5775193798449613
238377,30500,2,1970,0.5775193798449613
167364,30500,2,1970,0.5757575757575758
217848,63728,2,1970,0.5728155339805825
243546,297818,2,1970,0.5728155339805825
207339,297818,2,1970,0.5728155339805825
243546,63728,2,1970,0.5728155339805825
217848,297818,2,1970,0.5728155339805825
207339,63728,2,1970,0.5728155339805825
242442,297818,2,1970,0.5728155339805825
242442,63728,2,1970,0.5728155339805825
231057,63728,2,1970,0.5728155339805825
231057,297818,2,1970,0.5728155339805825
199044,63728,2,1970,0.5703125
199044,297818,2,1970,0.5703125
173667,297818,2,1970,0.5703125
173667,63728,2,1970,0.5703125
178230,34718,2,1970,0.5655172413793104
209637,34718,2,1970,0.5655172413793104
157767,34718,2,1970,0.5655172413793104
209637,1260,2,1970,0.5655172413793104
157767,1260,2,1970,0.5655172413793104
213102,1260,2,1970,0.5655172413793104
205191,34718,2,1970,0.5655172413793104
213102,34718,2,1970,0.5655172413793104
205191,1260,2,1970,0.5655172413793104
178230,1260,2,1970,0.5655172413793104
236973,297244,2,1970,0.5652173913043478
236973,53068,2,1970,0.5652173913043478
208518,53068,2,1970,0.5652173913043478
208518,297244,2,1970,0.5652173913043478
154713,30500,2,1970,0.5625
167364,59822,2,1970,0.5588235294117647
154713,1260,2,1970,0.5555555555555556
154713,34718,2,1970,0.5555555555555556
205191,28528,2,1970,0.5540540540540541
213102,28528,2,1970,0.5540540540540541
157767,28528,2,1970,0.5540540540540541
178230,28528,2,1970,0.5540540540540541
209637,28528,2,1970,0.5540540540540541
220047,297244,2,1970,0.5384615384615384
220047,55294,2,1970,0.5384615384615384
220047,53068,2,1970,0.5384615384615384
243546,1260,2,1970,0.5294117647058824
207339,1260,2,1970,0.5294117647058824
217848,34718,2,1970,0.5294117647058824
217848,1260,2,1970,0.5294117647058824
242442,1260,2,1970,0.5294117647058824
207339,34718,2,1970,0.5294117647058824
231057,1260,2,1970,0.5294117647058824
231057,34718,2,1970,0.5294117647058824
243546,34718,2,1970,0.5294117647058824
242442,34718,2,1970,0.5294117647058824
211965,296838,2,1970,0.52
208575,296838,2,1970,0.52
208575,26850,2,1970,0.52
211965,26850,2,1970,0.52
236973,296838,2,1970,0.52
236973,26850,2,1970,0.52
208518,26850,2,1970,0.52
208518,296838,2,1970,0.52
235932,26850,2,1970,0.5192307692307693
63690,26850,2,1970,0.5192307692307693
206442,296930,2,1970,0.5192307692307693
235932,296930,2,1970,0.5192307692307693
63690,296930,2,1970,0.5192307692307693
206442,26850,2,1970,0.5192307692307693
222225,296930,2,1970,0.5192307692307693
222225,26850,2,1970,0.5192307692307693
211965,34718,2,1970,0.5
154713,53068,2,1970,0.5
242442,28528,2,1970,0.5
154713,23584,2,1970,0.5
208575,34718,2,1970,0.5
220047,44960,2,1970,0.5
220047,296048,2,1970,0.5
220047,297556,2,1970,0.5
220047,1388,2,1970,0.5
154713,296198,2,1970,0.5
211965,1260,2,1970,0.5
154713,297244,2,1970,0.5
231057,28528,2,1970,0.5
243546,28528,2,1970,0.5
207339,28528,2,1970,0.5
208575,1260,2,1970,0.5
236973,30500,2,1970,0.5
208518,30500,2,1970,0.5
154713,53044,2,1970,0.5
154713,297724,2,1970,0.5
154713,33570,2,1970,0.5
217848,28528,2,1970,0.5
154713,53170,2,1970,0.5
213102,296930,2,1970,0.4935064935064935
154713,296930,2,1970,0.4935064935064935
157767,296930,2,1970,0.4935064935064935
205191,296930,2,1970,0.4935064935064935
209637,296930,2,1970,0.4935064935064935
178230,296930,2,1970,0.4935064935064935
222225,30500,2,1970,0.4782608695652174
235932,30500,2,1970,0.4782608695652174
206442,30500,2,1970,0.4782608695652174
63690,30500,2,1970,0.4782608695652174
154383,297818,2,1970,0.4724806201550388
206616,297818,2,1970,0.4724806201550388
247956,63728,2,1970,0.4724806201550388
214194,297818,2,1970,0.4724806201550388
203277,63728,2,1970,0.4724806201550388
154383,63728,2,1970,0.4724806201550388
211413,63728,2,1970,0.4724806201550388
211413,297818,2,1970,0.4724806201550388
154551,63728,2,1970,0.4724806201550388
204522,297818,2,1970,0.4724806201550388
129264,297818,2,1970,0.4724806201550388
154740,63728,2,1970,0.4724806201550388
154740,297818,2,1970,0.4724806201550388
205812,63728,2,1970,0.4724806201550388
204522,63728,2,1970,0.4724806201550388
254118,63728,2,1970,0.4724806201550388
179790,63728,2,1970,0.4724806201550388
247956,297818,2,1970,0.4724806201550388
203241,63728,2,1970,0.4724806201550388
203256,297818,2,1970,0.4724806201550388
154146,63728,2,1970,0.4724806201550388
203256,63728,2,1970,0.4724806201550388
153600,63728,2,1970,0.4724806201550388
154146,297818,2,1970,0.4724806201550388
239115,63728,2,1970,0.4724806201550388
153600,297818,2,1970,0.4724806201550388
154551,297818,2,1970,0.4724806201550388
239115,297818,2,1970,0.4724806201550388
203241,297818,2,1970,0.4724806201550388
214194,63728,2,1970,0.4724806201550388
251253,297818,2,1970,0.4724806201550388
192714,297818,2,1970,0.4724806201550388
206076,297818,2,1970,0.4724806201550388
162960,63728,2,1970,0.4724806201550388
206076,63728,2,1970,0.4724806201550388
162960,297818,2,1970,0.4724806201550388
203277,297818,2,1970,0.4724806201550388
251253,63728,2,1970,0.4724806201550388
242409,297818,2,1970,0.4724806201550388
188106,297818,2,1970,0.4724806201550388
254118,297818,2,1970,0.4724806201550388
129264,63728,2,1970,0.4724806201550388
233427,63728,2,1970,0.4724806201550388
188106,63728,2,1970,0.4724806201550388
153912,297818,2,1970,0.4724806201550388
255489,63728,2,1970,0.4724806201550388
154011,297818,2,1970,0.4724806201550388
67056,63728,2,1970,0.4724806201550388
210627,297818,2,1970,0.4724806201550388
210627,63728,2,1970,0.4724806201550388
219420,63728,2,1970,0.4724806201550388
219381,63728,2,1970,0.4724806201550388
205812,297818,2,1970,0.4724806201550388
244680,297818,2,1970,0.4724806201550388
219420,297818,2,1970,0.4724806201550388
244680,63728,2,1970,0.4724806201550388
191247,297818,2,1970,0.4724806201550388
219381,297818,2,1970,0.4724806201550388
210810,63728,2,1970,0.4724806201550388
62811,63728,2,1970,0.4724806201550388
255489,297818,2,1970,0.4724806201550388
191247,63728,2,1970,0.4724806201550388
62811,297818,2,1970,0.4724806201550388
204762,63728,2,1970,0.4724806201550388
154743,297818,2,1970,0.4724806201550388
72108,63728,2,1970,0.4724806201550388
154743,63728,2,1970,0.4724806201550388
179790,297818,2,1970,0.4724806201550388
246054,297818,2,1970,0.4724806201550388
253146,63728,2,1970,0.4724806201550388
253146,297818,2,1970,0.4724806201550388
154011,63728,2,1970,0.4724806201550388
206616,63728,2,1970,0.4724806201550388
173940,297818,2,1970,0.4724806201550388
233427,297818,2,1970,0.4724806201550388
173940,63728,2,1970,0.4724806201550388
204057,297818,2,1970,0.4724806201550388
153912,63728,2,1970,0.4724806201550388
153882,63728,2,1970,0.4724806201550388
204057,63728,2,1970,0.4724806201550388
153882,297818,2,1970,0.4724806201550388
67056,297818,2,1970,0.4724806201550388
247029,297818,2,1970,0.4724806201550388
246054,63728,2,1970,0.4724806201550388
247548,63728,2,1970,0.4724806201550388
204762,297818,2,1970,0.4724806201550388
253053,297818,2,1970,0.4724806201550388
247029,63728,2,1970,0.4724806201550388
153744,63728,2,1970,0.4724806201550388
153744,297818,2,1970,0.4724806201550388
253053,63728,2,1970,0.4724806201550388
247548,297818,2,1970,0.4724806201550388
72108,297818,2,1970,0.4724806201550388
192714,63728,2,1970,0.4724806201550388
210810,297818,2,1970,0.4724806201550388
242409,63728,2,1970,0.4724806201550388
207216,63728,2,1970,0.4724806201550388
212475,297818,2,1970,0.4724806201550388
205947,63728,2,1970,0.4724806201550388
235458,63728,2,1970,0.4724806201550388
225972,297818,2,1970,0.4724806201550388
249159,297818,2,1970,0.4724806201550388
212475,63728,2,1970,0.4724806201550388
205947,297818,2,1970,0.4724806201550388
157080,297818,2,1970,0.4724806201550388
225972,63728,2,1970,0.4724806201550388
207216,297818,2,1970,0.4724806201550388
249159,63728,2,1970,0.4724806201550388
225012,63728,2,1970,0.4724806201550388
183672,63728,2,1970,0.4724806201550388
204411,63728,2,1970,0.4724806201550388
225012,297818,2,1970,0.4724806201550388
235458,297818,2,1970,0.4724806201550388
248724,297818,2,1970,0.4724806201550388
157080,63728,2,1970,0.4724806201550388
248724,63728,2,1970,0.4724806201550388
183672,297818,2,1970,0.4724806201550388
204411,297818,2,1970,0.4724806201550388
173667,26850,2,1970,0.4691358024691358
173667,296838,2,1970,0.4691358024691358
199044,296838,2,1970,0.4691358024691358
199044,26850,2,1970,0.4691358024691358
211965,53068,2,1970,0.4666666666666667
211965,297244,2,1970,0.4666666666666667
249486,53068,2,1970,0.4666666666666667
249486,297244,2,1970,0.4666666666666667
208575,297244,2,1970,0.4666666666666667
208575,53068,2,1970,0.4666666666666667
191247,30500,2,1970,0.46172688303735454
204522,30500,2,1970,0.46172688303735454
255489,30500,2,1970,0.46172688303735454
162960,30500,2,1970,0.46172688303735454
204762,30500,2,1970,0.46172688303735454
214194,30500,2,1970,0.46172688303735454
192714,30500,2,1970,0.46172688303735454
153912,30500,2,1970,0.46172688303735454
153882,30500,2,1970,0.46172688303735454
183672,30500,2,1970,0.46172688303735454
248724,30500,2,1970,0.46172688303735454
254118,30500,2,1970,0.46172688303735454
206616,30500,2,1970,0.46172688303735454
154551,30500,2,1970,0.46172688303735454
239115,30500,2,1970,0.46172688303735454
188106,30500,2,1970,0.46172688303735454
154383,30500,2,1970,0.46172688303735454
247956,30500,2,1970,0.46172688303735454
203241,30500,2,1970,0.46172688303735454
251253,30500,2,1970,0.46172688303735454
235458,30500,2,1970,0.46172688303735454
205812,30500,2,1970,0.46172688303735454
203277,30500,2,1970,0.46172688303735454
207216,30500,2,1970,0.46172688303735454
206076,30500,2,1970,0.46172688303735454
205947,30500,2,1970,0.46172688303735454
225972,30500,2,1970,0.46172688303735454
219381,30500,2,1970,0.46172688303735454
247029,30500,2,1970,0.46172688303735454
154011,30500,2,1970,0.46172688303735454
153744,30500,2,1970,0.46172688303735454
204057,30500,2,1970,0.46172688303735454
212475,30500,2,1970,0.46172688303735454
210627,30500,2,1970,0.46172688303735454
154740,30500,2,1970,0.46172688303735454
129264,30500,2,1970,0.46172688303735454
67056,30500,2,1970,0.46172688303735454
253146,30500,2,1970,0.46172688303735454
211413,30500,2,1970,0.46172688303735454
204411,30500,2,1970,0.46172688303735454
246054,30500,2,1970,0.46172688303735454
225012,30500,2,1970,0.46172688303735454
253053,30500,2,1970,0.46172688303735454
242409,30500,2,1970,0.46172688303735454
154146,30500,2,1970,0.46172688303735454
173940,30500,2,1970,0.46172688303735454
233427,30500,2,1970,0.46172688303735454
249159,30500,2,1970,0.46172688303735454
203256,30500,2,1970,0.46172688303735454
244680,30500,2,1970,0.46172688303735454
179790,30500,2,1970,0.46172688303735454
153600,30500,2,1970,0.46172688303735454
72108,30500,2,1970,0.46172688303735454
154743,30500,2,1970,0.46172688303735454
157080,30500,2,1970,0.46172688303735454
247548,30500,2,1970,0.46172688303735454
210810,30500,2,1970,0.46172688303735454
219420,30500,2,1970,0.46172688303735454
62811,30500,2,1970,0.46172688303735454
211965,63728,2,1970,0.45454545454545453
208575,297818,2,1970,0.45454545454545453
211965,297818,2,1970,0.45454545454545453
167364,297244,2,1970,0.45454545454545453
208575,63728,2,1970,0.45454545454545453
167364,53068,2,1970,0.45454545454545453
167364,26850,2,1970,0.45161290322580644
167364,296838,2,1970,0.45161290322580644
154713,55294,2,1970,0.4444444444444444
213102,296838,2,1970,0.44333333333333336
205191,296838,2,1970,0.44333333333333336
178230,26850,2,1970,0.44333333333333336
213102,26850,2,1970,0.44333333333333336
157767,26850,2,1970,0.44333333333333336
157767,296838,2,1970,0.44333333333333336
205191,26850,2,1970,0.44333333333333336
178230,296838,2,1970,0.44333333333333336
209637,296838,2,1970,0.44333333333333336
209637,26850,2,1970,0.44333333333333336
203058,26850,2,1970,0.44176706827309237
203889,26850,2,1970,0.44176706827309237
203058,296838,2,1970,0.44176706827309237
211542,296838,2,1970,0.44176706827309237
211542,26850,2,1970,0.44176706827309237
211989,26850,2,1970,0.44176706827309237
238377,26850,2,1970,0.44176706827309237
203322,26850,2,1970,0.44176706827309237
229521,26850,2,1970,0.44176706827309237
203322,296838,2,1970,0.44176706827309237
212505,296838,2,1970,0.44176706827309237
238377,296838,2,1970,0.44176706827309237
212505,26850,2,1970,0.44176706827309237
203889,296838,2,1970,0.44176706827309237
59703,296838,2,1970,0.44176706827309237
59703,26850,2,1970,0.44176706827309237
229521,296838,2,1970,0.44176706827309237
211989,296838,2,1970,0.44176706827309237
159027,26850,2,1970,0.44176706827309237
159027,296838,2,1970,0.44176706827309237
62811,297244,2,1970,0.4416767922235723
244680,53068,2,1970,0.4416767922235723
244680,297244,2,1970,0.4416767922235723
154146,297244,2,1970,0.4416767922235723
219420,297244,2,1970,0.4416767922235723
248724,53068,2,1970,0.4416767922235723
219420,53068,2,1970,0.4416767922235723
154743,297244,2,1970,0.4416767922235723
242409,297244,2,1970,0.4416767922235723
173940,297244,2,1970,0.4416767922235723
154743,53068,2,1970,0.4416767922235723
173940,53068,2,1970,0.4416767922235723
212475,297244,2,1970,0.4416767922235723
242409,53068,2,1970,0.4416767922235723
210810,53068,2,1970,0.4416767922235723
210810,297244,2,1970,0.4416767922235723
249159,53068,2,1970,0.4416767922235723
179790,53068,2,1970,0.4416767922235723
179790,297244,2,1970,0.4416767922235723
154146,53068,2,1970,0.4416767922235723
129264,297244,2,1970,0.4416767922235723
62811,53068,2,1970,0.4416767922235723
253053,297244,2,1970,0.4416767922235723
154011,297244,2,1970,0.4416767922235723
204057,297244,2,1970,0.4416767922235723
211413,53068,2,1970,0.4416767922235723
154740,297244,2,1970,0.4416767922235723
211413,297244,2,1970,0.4416767922235723
154740,53068,2,1970,0.4416767922235723
246054,53068,2,1970,0.4416767922235723
253146,53068,2,1970,0.4416767922235723
253146,297244,2,1970,0.4416767922235723
225012,53068,2,1970,0.4416767922235723
253053,53068,2,1970,0.4416767922235723
154011,53068,2,1970,0.4416767922235723
225012,297244,2,1970,0.4416767922235723
246054,297244,2,1970,0.4416767922235723
210627,53068,2,1970,0.4416767922235723
67056,53068,2,1970,0.4416767922235723
212475,53068,2,1970,0.4416767922235723
210627,297244,2,1970,0.4416767922235723
67056,297244,2,1970,0.4416767922235723
204411,53068,2,1970,0.4416767922235723
204057,53068,2,1970,0.4416767922235723
204762,297244,2,1970,0.4416767922235723
219381,53068,2,1970,0.4416767922235723
249159,297244,2,1970,0.4416767922235723
203277,297244,2,1970,0.4416767922235723
206076,53068,2,1970,0.4416767922235723
183672,53068,2,1970,0.4416767922235723
207216,53068,2,1970,0.4416767922235723
251253,53068,2,1970,0.4416767922235723
251253,297244,2,1970,0.4416767922235723
205812,297244,2,1970,0.4416767922235723
205812,53068,2,1970,0.4416767922235723
183672,297244,2,1970,0.4416767922235723
203241,297244,2,1970,0.4416767922235723
203241,53068,2,1970,0.4416767922235723
205947,53068,2,1970,0.4416767922235723
205947,297244,2,1970,0.4416767922235723
192714,297244,2,1970,0.4416767922235723
206616,53068,2,1970,0.4416767922235723
206616,297244,2,1970,0.4416767922235723
239115,53068,2,1970,0.4416767922235723
192714,53068,2,1970,0.4416767922235723
233427,53068,2,1970,0.4416767922235723
239115,297244,2,1970,0.4416767922235723
225972,53068,2,1970,0.4416767922235723
72108,297244,2,1970,0.4416767922235723
247548,297244,2,1970,0.4416767922235723
72108,53068,2,1970,0.4416767922235723
247548,53068,2,1970,0.4416767922235723
204762,53068,2,1970,0.4416767922235723
203277,53068,2,1970,0.4416767922235723
206076,297244,2,1970,0.4416767922235723
154551,297244,2,1970,0.4416767922235723
154383,297244,2,1970,0.4416767922235723
191247,297244,2,1970,0.4416767922235723
225972,297244,2,1970,0.4416767922235723
219381,297244,2,1970,0.4416767922235723
247029,297244,2,1970,0.4416767922235723
247029,53068,2,1970,0.4416767922235723
191247,53068,2,1970,0.4416767922235723
153744,53068,2,1970,0.4416767922235723
153744,297244,2,1970,0.4416767922235723
153912,297244,2,1970,0.4416767922235723
153912,53068,2,1970,0.4416767922235723
157080,53068,2,1970,0.4416767922235723
154551,53068,2,1970,0.4416767922235723
255489,53068,2,1970,0.4416767922235723
255489,297244,2,1970,0.4416767922235723
157080,297244,2,1970,0.4416767922235723
153882,53068,2,1970,0.4416767922235723
204522,297244,2,1970,0.4416767922235723
204522,53068,2,1970,0.4416767922235723
188106,297244,2,1970,0.4416767922235723
153882,297244,2,1970,0.4416767922235723
188106,53068,2,1970,0.4416767922235723
247956,297244,2,1970,0.4416767922235723
247956,53068,2,1970,0.4416767922235723
207216,297244,2,1970,0.4416767922235723
154383,53068,2,1970,0.4416767922235723
129264,53068,2,1970,0.4416767922235723
214194,297244,2,1970,0.4416767922235723
233427,297244,2,1970,0.4416767922235723
254118,297244,2,1970,0.4416767922235723
235458,297244,2,1970,0.4416767922235723
203256,297244,2,1970,0.4416767922235723
162960,53068,2,1970,0.4416767922235723
254118,53068,2,1970,0.4416767922235723
214194,53068,2,1970,0.4416767922235723
204411,297244,2,1970,0.4416767922235723
235458,53068,2,1970,0.4416767922235723
162960,297244,2,1970,0.4416767922235723
153600,53068,2,1970,0.4416767922235723
203256,53068,2,1970,0.4416767922235723
153600,297244,2,1970,0.4416767922235723
248724,297244,2,1970,0.4416767922235723
154713,297556,2,1970,0.4411764705882353
154713,1388,2,1970,0.4411764705882353
154713,44960,2,1970,0.4411764705882353
154713,296048,2,1970,0.4411764705882353
167364,297818,2,1970,0.4375
167364,63728,2,1970,0.4375
206364,28528,2,1970,0.42857142857142855
249486,297818,2,1970,0.42857142857142855
249486,63728,2,1970,0.42857142857142855
154713,11390,2,1970,0.4230769230769231
154713,60522,2,1970,0.4230769230769231
217848,296838,2,1970,0.4225352112676056
243546,296838,2,1970,0.4225352112676056
231057,296838,2,1970,0.4225352112676056
242442,26850,2,1970,0.4225352112676056
231057,26850,2,1970,0.4225352112676056
242442,296838,2,1970,0.4225352112676056
217848,26850,2,1970,0.4225352112676056
207339,296838,2,1970,0.4225352112676056
207339,26850,2,1970,0.4225352112676056
243546,26850,2,1970,0.4225352112676056
211965,44960,2,1970,0.41818181818181815
211965,296048,2,1970,0.41818181818181815
208575,297556,2,1970,0.41818181818181815
208575,44960,2,1970,0.41818181818181815
208575,1388,2,1970,0.41818181818181815
211965,297556,2,1970,0.41818181818181815
211965,1388,2,1970,0.41818181818181815
208575,296048,2,1970,0.41818181818181815
251391,59822,2,1970,0.4015748031496063
154698,59822,2,1970,0.4015748031496063
208092,59822,2,1970,0.4015748031496063
60762,59822,2,1970,0.4015748031496063
191256,59822,2,1970,0.4015748031496063
227664,59822,2,1970,0.4015748031496063
167364,28528,2,1970,0.4
220047,11390,2,1970,0.4
220047,60522,2,1970,0.4
205191,44960,2,1970,0.39731543624161075
209637,44960,2,1970,0.39731543624161075
205191,296048,2,1970,0.39731543624161075
213102,44960,2,1970,0.39731543624161075
157767,44960,2,1970,0.39731543624161075
213102,1388,2,1970,0.39731543624161075
157767,297556,2,1970,0.39731543624161075
205191,297556,2,1970,0.39731543624161075
157767,296048,2,1970,0.39731543624161075
205191,1388,2,1970,0.39731543624161075
209637,1388,2,1970,0.39731543624161075
209637,297556,2,1970,0.39731543624161075
209637,296048,2,1970,0.39731543624161075
213102,296048,2,1970,0.39731543624161075
213102,297556,2,1970,0.39731543624161075
178230,44960,2,1970,0.39731543624161075
157767,1388,2,1970,0.39731543624161075
178230,297556,2,1970,0.39731543624161075
178230,1388,2,1970,0.39731543624161075
178230,296048,2,1970,0.39731543624161075
211965,296930,2,1970,0.391304347826087
208575,296930,2,1970,0.391304347826087
167364,1388,2,1970,0.38961038961038963
167364,44960,2,1970,0.38961038961038963
167364,296048,2,1970,0.38961038961038963
167364,297556,2,1970,0.38961038961038963
178230,53170,2,1970,0.38095238095238093
213102,53044,2,1970,0.38095238095238093
178230,23584,2,1970,0.38095238095238093
209637,297724,2,1970,0.38095238095238093
213102,53170,2,1970,0.38095238095238093
205191,297724,2,1970,0.38095238095238093
157767,23584,2,1970,0.38095238095238093
205191,23584,2,1970,0.38095238095238093
205191,53170,2,1970,0.38095238095238093
213102,297724,2,1970,0.38095238095238093
205191,33570,2,1970,0.38095238095238093
213102,33570,2,1970,0.38095238095238093
213102,296198,2,1970,0.38095238095238093
213102,23584,2,1970,0.38095238095238093
157767,53170,2,1970,0.38095238095238093
157767,296198,2,1970,0.38095238095238093
209637,296198,2,1970,0.38095238095238093
178230,296198,2,1970,0.38095238095238093
178230,33570,2,1970,0.38095238095238093
157767,33570,2,1970,0.38095238095238093
209637,23584,2,1970,0.38095238095238093
205191,53044,2,1970,0.38095238095238093
205191,296198,2,1970,0.38095238095238093
178230,53044,2,1970,0.38095238095238093
209637,53044,2,1970,0.38095238095238093
157767,297724,2,1970,0.38095238095238093
157767,53044,2,1970,0.38095238095238093
209637,53170,2,1970,0.38095238095238093
209637,33570,2,1970,0.38095238095238093
178230,297724,2,1970,0.38095238095238093
154713,26850,2,1970,0.375
154713,296838,2,1970,0.375
154713,297016,2,1970,0.36363636363636365
217848,23584,2,1970,0.35294117647058826
243546,297724,2,1970,0.35294117647058826
243546,23584,2,1970,0.35294117647058826
217848,53170,2,1970,0.35294117647058826
217848,33570,2,1970,0.35294117647058826
242442,296198,2,1970,0.35294117647058826
207339,296198,2,1970,0.35294117647058826
243546,33570,2,1970,0.35294117647058826
243546,53170,2,1970,0.35294117647058826
242442,53044,2,1970,0.35294117647058826
217848,297724,2,1970,0.35294117647058826
242442,33570,2,1970,0.35294117647058826
243546,53044,2,1970,0.35294117647058826
231057,53044,2,1970,0.35294117647058826
242442,53170,2,1970,0.35294117647058826
207339,53044,2,1970,0.35294117647058826
231057,23584,2,1970,0.35294117647058826
231057,296198,2,1970,0.35294117647058826
231057,53170,2,1970,0.35294117647058826
207339,297724,2,1970,0.35294117647058826
231057,33570,2,1970,0.35294117647058826
217848,296198,2,1970,0.35294117647058826
242442,23584,2,1970,0.35294117647058826
207339,23584,2,1970,0.35294117647058826
207339,33570,2,1970,0.35294117647058826
217848,53044,2,1970,0.35294117647058826
243546,296198,2,1970,0.35294117647058826
242442,297724,2,1970,0.35294117647058826
207339,53170,2,1970,0.35294117647058826
231057,297724,2,1970,0.35294117647058826
157080,26850,2,1970,0.34667487684729065
244680,296838,2,1970,0.34667487684729065
255489,296838,2,1970,0.34667487684729065
191247,26850,2,1970,0.34667487684729065
179790,296838,2,1970,0.34667487684729065
62811,26850,2,1970,0.34667487684729065
154743,296838,2,1970,0.34667487684729065
62811,296838,2,1970,0.34667487684729065
249159,296838,2,1970,0.34667487684729065
225972,26850,2,1970,0.34667487684729065
210810,26850,2,1970,0.34667487684729065
154743,26850,2,1970,0.34667487684729065
203256,296838,2,1970,0.34667487684729065
179790,26850,2,1970,0.34667487684729065
153600,26850,2,1970,0.34667487684729065
191247,296838,2,1970,0.34667487684729065
244680,26850,2,1970,0.34667487684729065
219420,26850,2,1970,0.34667487684729065
210810,296838,2,1970,0.34667487684729065
233427,296838,2,1970,0.34667487684729065
157080,296838,2,1970,0.34667487684729065
153882,26850,2,1970,0.34667487684729065
204522,26850,2,1970,0.34667487684729065
247548,296838,2,1970,0.34667487684729065
247956,296838,2,1970,0.34667487684729065
154383,26850,2,1970,0.34667487684729065
247548,26850,2,1970,0.34667487684729065
72108,26850,2,1970,0.34667487684729065
154383,296838,2,1970,0.34667487684729065
247956,26850,2,1970,0.34667487684729065
204762,296838,2,1970,0.34667487684729065
162960,26850,2,1970,0.34667487684729065
251253,26850,2,1970,0.34667487684729065
204762,26850,2,1970,0.34667487684729065
206076,296838,2,1970,0.34667487684729065
183672,296838,2,1970,0.34667487684729065
72108,296838,2,1970,0.34667487684729065
225972,296838,2,1970,0.34667487684729065
251253,296838,2,1970,0.34667487684729065
248724,26850,2,1970,0.34667487684729065
206076,26850,2,1970,0.34667487684729065
239115,296838,2,1970,0.34667487684729065
214194,26850,2,1970,0.34667487684729065
192714,26850,2,1970,0.34667487684729065
203241,296838,2,1970,0.34667487684729065
239115,26850,2,1970,0.34667487684729065
154551,26850,2,1970,0.34667487684729065
192714,296838,2,1970,0.34667487684729065
206616,296838,2,1970,0.34667487684729065
254118,26850,2,1970,0.34667487684729065
153744,296838,2,1970,0.34667487684729065
219381,26850,2,1970,0.34667487684729065
153882,296838,2,1970,0.34667487684729065
188106,296838,2,1970,0.34667487684729065
219381,296838,2,1970,0.34667487684729065
188106,26850,2,1970,0.34667487684729065
203277,296838,2,1970,0.34667487684729065
207216,296838,2,1970,0.34667487684729065
247029,296838,2,1970,0.34667487684729065
203277,26850,2,1970,0.34667487684729065
153744,26850,2,1970,0.34667487684729065
254118,296838,2,1970,0.34667487684729065
247029,26850,2,1970,0.34667487684729065
204522,296838,2,1970,0.34667487684729065
205947,26850,2,1970,0.34667487684729065
154551,296838,2,1970,0.34667487684729065
162960,296838,2,1970,0.34667487684729065
205812,296838,2,1970,0.34667487684729065
153912,296838,2,1970,0.34667487684729065
207216,26850,2,1970,0.34667487684729065
205812,26850,2,1970,0.34667487684729065
205947,296838,2,1970,0.34667487684729065
153912,26850,2,1970,0.34667487684729065
183672,26850,2,1970,0.34667487684729065
206616,26850,2,1970,0.34667487684729065
235458,26850,2,1970,0.34667487684729065
255489,26850,2,1970,0.34667487684729065
203241,26850,2,1970,0.34667487684729065
129264,26850,2,1970,0.34667487684729065
249159,26850,2,1970,0.34667487684729065
246054,296838,2,1970,0.34667487684729065
211413,26850,2,1970,0.34667487684729065
219420,296838,2,1970,0.34667487684729065
67056,296838,2,1970,0.34667487684729065
253146,26850,2,1970,0.34667487684729065
246054,26850,2,1970,0.34667487684729065
204411,26850,2,1970,0.34667487684729065
211413,296838,2,1970,0.34667487684729065
253146,296838,2,1970,0.34667487684729065
67056,26850,2,1970,0.34667487684729065
154740,296838,2,1970,0.34667487684729065
225012,296838,2,1970,0.34667487684729065
154740,26850,2,1970,0.34667487684729065
154011,296838,2,1970,0.34667487684729065
204057,26850,2,1970,0.34667487684729065
203256,26850,2,1970,0.34667487684729065
210627,26850,2,1970,0.34667487684729065
212475,26850,2,1970,0.34667487684729065
204057,296838,2,1970,0.34667487684729065
214194,296838,2,1970,0.34667487684729065
253053,296838,2,1970,0.34667487684729065
153600,296838,2,1970,0.34667487684729065
242409,26850,2,1970,0.34667487684729065
210627,296838,2,1970,0.34667487684729065
154011,26850,2,1970,0.34667487684729065
225012,26850,2,1970,0.34667487684729065
173940,296838,2,1970,0.34667487684729065
204411,296838,2,1970,0.34667487684729065
154146,26850,2,1970,0.34667487684729065
233427,26850,2,1970,0.34667487684729065
253053,26850,2,1970,0.34667487684729065
173940,26850,2,1970,0.34667487684729065
235458,296838,2,1970,0.34667487684729065
242409,296838,2,1970,0.34667487684729065
154146,296838,2,1970,0.34667487684729065
129264,296838,2,1970,0.34667487684729065
248724,296838,2,1970,0.34667487684729065
212475,296838,2,1970,0.34667487684729065
243546,44960,2,1970,0.3391812865497076
231057,1388,2,1970,0.3391812865497076
242442,1388,2,1970,0.3391812865497076
217848,44960,2,1970,0.3391812865497076
217848,296048,2,1970,0.3391812865497076
217848,297556,2,1970,0.3391812865497076
231057,44960,2,1970,0.3391812865497076
243546,297556,2,1970,0.3391812865497076
217848,1388,2,1970,0.3391812865497076
231057,296048,2,1970,0.3391812865497076
243546,296048,2,1970,0.3391812865497076
231057,297556,2,1970,0.3391812865497076
207339,44960,2,1970,0.3391812865497076
243546,1388,2,1970,0.3391812865497076
207339,296048,2,1970,0.3391812865497076
207339,1388,2,1970,0.3391812865497076
242442,297556,2,1970,0.3391812865497076
242442,296048,2,1970,0.3391812865497076
242442,44960,2,1970,0.3391812865497076
207339,297556,2,1970,0.3391812865497076
63690,297818,2,1970,0.33766233766233766
222225,63728,2,1970,0.33766233766233766
222225,297818,2,1970,0.33766233766233766
206442,297818,2,1970,0.33766233766233766
235932,297818,2,1970,0.33766233766233766
235932,63728,2,1970,0.33766233766233766
206442,63728,2,1970,0.33766233766233766
63690,63728,2,1970,0.33766233766233766
208518,1388,2,1970,0.3333333333333333
236973,297556,2,1970,0.3333333333333333
236973,296048,2,1970,0.3333333333333333
208518,44960,2,1970,0.3333333333333333
236973,1388,2,1970,0.3333333333333333
236973,44960,2,1970,0.3333333333333333
208518,296048,2,1970,0.3333333333333333
208518,297556,2,1970,0.3333333333333333
153600,297556,2,1970,0.33113391984359725
253053,297556,2,1970,0.33113391984359725
206616,296048,2,1970,0.33113391984359725
219420,44960,2,1970,0.33113391984359725
162960,296048,2,1970,0.33113391984359725
205812,297556,2,1970,0.33113391984359725
248724,44960,2,1970,0.33113391984359725
206616,297556,2,1970,0.33113391984359725
204522,1388,2,1970,0.33113391984359725
206616,1388,2,1970,0.33113391984359725
204522,297556,2,1970,0.33113391984359725
225972,44960,2,1970,0.33113391984359725
211413,296048,2,1970,0.33113391984359725
204522,296048,2,1970,0.33113391984359725
253053,1388,2,1970,0.33113391984359725
235458,297556,2,1970,0.33113391984359725
249159,44960,2,1970,0.33113391984359725
154011,44960,2,1970,0.33113391984359725
183672,296048,2,1970,0.33113391984359725
204411,296048,2,1970,0.33113391984359725
205812,1388,2,1970,0.33113391984359725
212475,44960,2,1970,0.33113391984359725
210810,1388,2,1970,0.33113391984359725
204411,297556,2,1970,0.33113391984359725
225012,1388,2,1970,0.33113391984359725
248724,296048,2,1970,0.33113391984359725
204522,44960,2,1970,0.33113391984359725
253053,44960,2,1970,0.33113391984359725
253053,296048,2,1970,0.33113391984359725
235458,296048,2,1970,0.33113391984359725
254118,296048,2,1970,0.33113391984359725
129264,296048,2,1970,0.33113391984359725
205812,296048,2,1970,0.33113391984359725
246054,296048,2,1970,0.33113391984359725
205947,1388,2,1970,0.33113391984359725
153912,1388,2,1970,0.33113391984359725
153912,297556,2,1970,0.33113391984359725
162960,1388,2,1970,0.33113391984359725
254118,297556,2,1970,0.33113391984359725
153912,296048,2,1970,0.33113391984359725
210810,297556,2,1970,0.33113391984359725
246054,297556,2,1970,0.33113391984359725
249159,296048,2,1970,0.33113391984359725
246054,1388,2,1970,0.33113391984359725
244680,1388,2,1970,0.33113391984359725
211413,44960,2,1970,0.33113391984359725
225012,297556,2,1970,0.33113391984359725
225012,296048,2,1970,0.33113391984359725
242409,296048,2,1970,0.33113391984359725
210810,296048,2,1970,0.33113391984359725
162960,297556,2,1970,0.33113391984359725
153912,44960,2,1970,0.33113391984359725
244680,297556,2,1970,0.33113391984359725
242409,44960,2,1970,0.33113391984359725
253146,44960,2,1970,0.33113391984359725
205812,44960,2,1970,0.33113391984359725
192714,1388,2,1970,0.33113391984359725
212475,1388,2,1970,0.33113391984359725
244680,296048,2,1970,0.33113391984359725
214194,296048,2,1970,0.33113391984359725
206616,44960,2,1970,0.33113391984359725
254118,1388,2,1970,0.33113391984359725
207216,44960,2,1970,0.33113391984359725
247548,1388,2,1970,0.33113391984359725
204411,1388,2,1970,0.33113391984359725
225972,297556,2,1970,0.33113391984359725
239115,1388,2,1970,0.33113391984359725
173940,44960,2,1970,0.33113391984359725
129264,1388,2,1970,0.33113391984359725
219420,296048,2,1970,0.33113391984359725
203256,297556,2,1970,0.33113391984359725
206076,44960,2,1970,0.33113391984359725
244680,44960,2,1970,0.33113391984359725
162960,44960,2,1970,0.33113391984359725
154146,296048,2,1970,0.33113391984359725
192714,44960,2,1970,0.33113391984359725
173940,296048,2,1970,0.33113391984359725
154146,44960,2,1970,0.33113391984359725
173940,297556,2,1970,0.33113391984359725
233427,44960,2,1970,0.33113391984359725
173940,1388,2,1970,0.33113391984359725
206076,296048,2,1970,0.33113391984359725
154551,44960,2,1970,0.33113391984359725
219420,1388,2,1970,0.33113391984359725
192714,297556,2,1970,0.33113391984359725
242409,1388,2,1970,0.33113391984359725
239115,44960,2,1970,0.33113391984359725
235458,1388,2,1970,0.33113391984359725
203241,296048,2,1970,0.33113391984359725
242409,297556,2,1970,0.33113391984359725
203241,297556,2,1970,0.33113391984359725
203241,1388,2,1970,0.33113391984359725
203241,44960,2,1970,0.33113391984359725
239115,296048,2,1970,0.33113391984359725
233427,296048,2,1970,0.33113391984359725
219420,297556,2,1970,0.33113391984359725
233427,1388,2,1970,0.33113391984359725
154146,1388,2,1970,0.33113391984359725
233427,297556,2,1970,0.33113391984359725
239115,297556,2,1970,0.33113391984359725
225972,1388,2,1970,0.33113391984359725
154146,297556,2,1970,0.33113391984359725
153600,1388,2,1970,0.33113391984359725
204762,44960,2,1970,0.33113391984359725
206076,297556,2,1970,0.33113391984359725
154383,296048,2,1970,0.33113391984359725
192714,296048,2,1970,0.33113391984359725
72108,44960,2,1970,0.33113391984359725
154383,1388,2,1970,0.33113391984359725
247548,44960,2,1970,0.33113391984359725
154383,297556,2,1970,0.33113391984359725
183672,1388,2,1970,0.33113391984359725
247956,296048,2,1970,0.33113391984359725
247956,297556,2,1970,0.33113391984359725
206076,1388,2,1970,0.33113391984359725
247956,1388,2,1970,0.33113391984359725
154551,1388,2,1970,0.33113391984359725
183672,297556,2,1970,0.33113391984359725
247548,296048,2,1970,0.33113391984359725
247548,297556,2,1970,0.33113391984359725
154383,44960,2,1970,0.33113391984359725
183672,44960,2,1970,0.33113391984359725
129264,297556,2,1970,0.33113391984359725
67056,44960,2,1970,0.33113391984359725
154551,297556,2,1970,0.33113391984359725
225012,44960,2,1970,0.33113391984359725
251253,1388,2,1970,0.33113391984359725
251253,297556,2,1970,0.33113391984359725
210810,44960,2,1970,0.33113391984359725
251253,296048,2,1970,0.33113391984359725
254118,44960,2,1970,0.33113391984359725
154551,296048,2,1970,0.33113391984359725
204762,296048,2,1970,0.33113391984359725
225972,296048,2,1970,0.33113391984359725
251253,44960,2,1970,0.33113391984359725
72108,1388,2,1970,0.33113391984359725
72108,297556,2,1970,0.33113391984359725
204762,297556,2,1970,0.33113391984359725
72108,296048,2,1970,0.33113391984359725
204762,1388,2,1970,0.33113391984359725
247956,44960,2,1970,0.33113391984359725
205947,296048,2,1970,0.33113391984359725
203256,1388,2,1970,0.33113391984359725
248724,1388,2,1970,0.33113391984359725
154740,296048,2,1970,0.33113391984359725
154011,297556,2,1970,0.33113391984359725
255489,296048,2,1970,0.33113391984359725
255489,297556,2,1970,0.33113391984359725
255489,1388,2,1970,0.33113391984359725
214194,297556,2,1970,0.33113391984359725
153600,44960,2,1970,0.33113391984359725
204057,44960,2,1970,0.33113391984359725
67056,297556,2,1970,0.33113391984359725
154011,1388,2,1970,0.33113391984359725
203256,296048,2,1970,0.33113391984359725
219381,44960,2,1970,0.33113391984359725
153882,44960,2,1970,0.33113391984359725
204411,44960,2,1970,0.33113391984359725
212475,296048,2,1970,0.33113391984359725
67056,296048,2,1970,0.33113391984359725
153882,296048,2,1970,0.33113391984359725
219381,296048,2,1970,0.33113391984359725
153882,297556,2,1970,0.33113391984359725
153882,1388,2,1970,0.33113391984359725
157080,44960,2,1970,0.33113391984359725
219381,297556,2,1970,0.33113391984359725
129264,44960,2,1970,0.33113391984359725
154740,44960,2,1970,0.33113391984359725
219381,1388,2,1970,0.33113391984359725
203256,44960,2,1970,0.33113391984359725
188106,1388,2,1970,0.33113391984359725
188106,297556,2,1970,0.33113391984359725
191247,44960,2,1970,0.33113391984359725
154743,44960,2,1970,0.33113391984359725
210627,44960,2,1970,0.33113391984359725
154743,1388,2,1970,0.33113391984359725
157080,297556,2,1970,0.33113391984359725
210627,1388,2,1970,0.33113391984359725
249159,297556,2,1970,0.33113391984359725
62811,44960,2,1970,0.33113391984359725
210627,297556,2,1970,0.33113391984359725
154011,296048,2,1970,0.33113391984359725
157080,1388,2,1970,0.33113391984359725
214194,44960,2,1970,0.33113391984359725
204057,1388,2,1970,0.33113391984359725
214194,1388,2,1970,0.33113391984359725
249159,1388,2,1970,0.33113391984359725
210627,296048,2,1970,0.33113391984359725
191247,1388,2,1970,0.33113391984359725
179790,1388,2,1970,0.33113391984359725
154743,297556,2,1970,0.33113391984359725
191247,297556,2,1970,0.33113391984359725
179790,44960,2,1970,0.33113391984359725
154743,296048,2,1970,0.33113391984359725
191247,296048,2,1970,0.33113391984359725
204057,297556,2,1970,0.33113391984359725
67056,1388,2,1970,0.33113391984359725
204057,296048,2,1970,0.33113391984359725
235458,44960,2,1970,0.33113391984359725
179790,296048,2,1970,0.33113391984359725
179790,297556,2,1970,0.33113391984359725
255489,44960,2,1970,0.33113391984359725
188106,296048,2,1970,0.33113391984359725
205947,297556,2,1970,0.33113391984359725
207216,297556,2,1970,0.33113391984359725
154740,1388,2,1970,0.33113391984359725
62811,1388,2,1970,0.33113391984359725
212475,297556,2,1970,0.33113391984359725
157080,296048,2,1970,0.33113391984359725
205947,44960,2,1970,0.33113391984359725
62811,297556,2,1970,0.33113391984359725
153744,297556,2,1970,0.33113391984359725
62811,296048,2,1970,0.33113391984359725
253146,296048,2,1970,0.33113391984359725
253146,1388,2,1970,0.33113391984359725
248724,297556,2,1970,0.33113391984359725
153744,1388,2,1970,0.33113391984359725
246054,44960,2,1970,0.33113391984359725
207216,1388,2,1970,0.33113391984359725
153600,296048,2,1970,0.33113391984359725
153744,44960,2,1970,0.33113391984359725
253146,297556,2,1970,0.33113391984359725
247029,296048,2,1970,0.33113391984359725
188106,44960,2,1970,0.33113391984359725
203277,296048,2,1970,0.33113391984359725
247029,44960,2,1970,0.33113391984359725
203277,297556,2,1970,0.33113391984359725
247029,297556,2,1970,0.33113391984359725
203277,1388,2,1970,0.33113391984359725
211413,297556,2,1970,0.33113391984359725
207216,296048,2,1970,0.33113391984359725
211413,1388,2,1970,0.33113391984359725
153744,296048,2,1970,0.33113391984359725
247029,1388,2,1970,0.33113391984359725
154740,297556,2,1970,0.33113391984359725
203277,44960,2,1970,0.33113391984359725
154011,296930,2,1970,0.3193069306930693
204057,296930,2,1970,0.3193069306930693
204762,296930,2,1970,0.3193069306930693
235458,296930,2,1970,0.3193069306930693
191247,296930,2,1970,0.3193069306930693
62811,296930,2,1970,0.3193069306930693
212475,296930,2,1970,0.3193069306930693
255489,296930,2,1970,0.3193069306930693
157080,296930,2,1970,0.3193069306930693
188106,296930,2,1970,0.3193069306930693
203241,296930,2,1970,0.3193069306930693
72108,296930,2,1970,0.3193069306930693
251253,296930,2,1970,0.3193069306930693
205812,296930,2,1970,0.3193069306930693
206616,296930,2,1970,0.3193069306930693
247029,296930,2,1970,0.3193069306930693
173940,296930,2,1970,0.3193069306930693
246054,296930,2,1970,0.3193069306930693
248724,296930,2,1970,0.3193069306930693
253146,296930,2,1970,0.3193069306930693
239115,296930,2,1970,0.3193069306930693
207216,296930,2,1970,0.3193069306930693
153600,296930,2,1970,0.3193069306930693
154146,296930,2,1970,0.3193069306930693
233427,296930,2,1970,0.3193069306930693
210627,296930,2,1970,0.3193069306930693
154551,296930,2,1970,0.3193069306930693
211413,296930,2,1970,0.3193069306930693
129264,296930,2,1970,0.3193069306930693
219420,296930,2,1970,0.3193069306930693
192714,296930,2,1970,0.3193069306930693
206076,296930,2,1970,0.3193069306930693
225972,296930,2,1970,0.3193069306930693
67056,296930,2,1970,0.3193069306930693
242409,296930,2,1970,0.3193069306930693
154743,296930,2,1970,0.3193069306930693
179790,296930,2,1970,0.3193069306930693
214194,296930,2,1970,0.3193069306930693
153912,296930,2,1970,0.3193069306930693
205947,296930,2,1970,0.3193069306930693
154740,296930,2,1970,0.3193069306930693
162960,296930,2,1970,0.3193069306930693
203277,296930,2,1970,0.3193069306930693
219381,296930,2,1970,0.3193069306930693
249159,296930,2,1970,0.3193069306930693
203256,296930,2,1970,0.3193069306930693
204522,296930,2,1970,0.3193069306930693
204411,296930,2,1970,0.3193069306930693
244680,296930,2,1970,0.3193069306930693
225012,296930,2,1970,0.3193069306930693
247548,296930,2,1970,0.3193069306930693
253053,296930,2,1970,0.3193069306930693
153882,296930,2,1970,0.3193069306930693
153744,296930,2,1970,0.3193069306930693
210810,296930,2,1970,0.3193069306930693
247956,296930,2,1970,0.3193069306930693
154383,296930,2,1970,0.3193069306930693
254118,296930,2,1970,0.3193069306930693
183672,296930,2,1970,0.3193069306930693
63690,44960,2,1970,0.316
222225,296048,2,1970,0.316
222225,297556,2,1970,0.316
206442,296048,2,1970,0.316
222225,1388,2,1970,0.316
235932,1388,2,1970,0.316
206442,297556,2,1970,0.316
235932,297556,2,1970,0.316
206442,1388,2,1970,0.316
63690,296048,2,1970,0.316
235932,44960,2,1970,0.316
235932,296048,2,1970,0.316
63690,297556,2,1970,0.316
63690,1388,2,1970,0.316
206442,44960,2,1970,0.316
222225,44960,2,1970,0.316
227664,30500,2,1970,0.3140495867768595
60762,30500,2,1970,0.3140495867768595
251391,30500,2,1970,0.3140495867768595
208092,30500,2,1970,0.3140495867768595
154698,30500,2,1970,0.3140495867768595
191256,30500,2,1970,0.3140495867768595
229521,297244,2,1970,0.3117408906882591
211989,53068,2,1970,0.3117408906882591
203322,297244,2,1970,0.3117408906882591
212505,53068,2,1970,0.3117408906882591
203889,297244,2,1970,0.3117408906882591
211989,297244,2,1970,0.3117408906882591
211542,53068,2,1970,0.3117408906882591
203889,53068,2,1970,0.3117408906882591
203322,53068,2,1970,0.3117408906882591
211542,297244,2,1970,0.3117408906882591
238377,297244,2,1970,0.3117408906882591
203058,297244,2,1970,0.3117408906882591
229521,53068,2,1970,0.3117408906882591
159027,53068,2,1970,0.3117408906882591
203058,53068,2,1970,0.3117408906882591
59703,53068,2,1970,0.3117408906882591
238377,53068,2,1970,0.3117408906882591
212505,297244,2,1970,0.3117408906882591
59703,297244,2,1970,0.3117408906882591
159027,297244,2,1970,0.3117408906882591
173667,296048,2,1970,0.31155778894472363
199044,296048,2,1970,0.31155778894472363
199044,44960,2,1970,0.31155778894472363
173667,1388,2,1970,0.31155778894472363
199044,297556,2,1970,0.31155778894472363
173667,44960,2,1970,0.31155778894472363
199044,1388,2,1970,0.31155778894472363
173667,297556,2,1970,0.31155778894472363
63690,296838,2,1970,0.3088235294117647
206442,296838,2,1970,0.3088235294117647
222225,296838,2,1970,0.3088235294117647
235932,296838,2,1970,0.3088235294117647
203058,44960,2,1970,0.29252782193958665
212505,1388,2,1970,0.29252782193958665
203322,1388,2,1970,0.29252782193958665
211989,44960,2,1970,0.29252782193958665
211989,296048,2,1970,0.29252782193958665
159027,1388,2,1970,0.29252782193958665
203889,296048,2,1970,0.29252782193958665
159027,296048,2,1970,0.29252782193958665
159027,44960,2,1970,0.29252782193958665
203058,297556,2,1970,0.29252782193958665
211989,297556,2,1970,0.29252782193958665
212505,297556,2,1970,0.29252782193958665
212505,44960,2,1970,0.29252782193958665
203058,1388,2,1970,0.29252782193958665
203322,44960,2,1970,0.29252782193958665
211989,1388,2,1970,0.29252782193958665
203322,297556,2,1970,0.29252782193958665
203889,44960,2,1970,0.29252782193958665
159027,297556,2,1970,0.29252782193958665
203058,296048,2,1970,0.29252782193958665
203889,1388,2,1970,0.29252782193958665
203889,297556,2,1970,0.29252782193958665
203322,296048,2,1970,0.29252782193958665
212505,296048,2,1970,0.29252782193958665
59703,297556,2,1970,0.29252782193958665
59703,1388,2,1970,0.29252782193958665
238377,44960,2,1970,0.29252782193958665
229521,1388,2,1970,0.29252782193958665
238377,296048,2,1970,0.29252782193958665
229521,44960,2,1970,0.29252782193958665
238377,297556,2,1970,0.29252782193958665
211542,44960,2,1970,0.29252782193958665
211542,1388,2,1970,0.29252782193958665
211542,297556,2,1970,0.29252782193958665
59703,44960,2,1970,0.29252782193958665
229521,296048,2,1970,0.29252782193958665
238377,1388,2,1970,0.29252782193958665
229521,297556,2,1970,0.29252782193958665
59703,296048,2,1970,0.29252782193958665
211542,296048,2,1970,0.29252782193958665
167364,23584,2,1970,0.2894736842105263
208518,53170,2,1970,0.2894736842105263
167364,297724,2,1970,0.2894736842105263
236973,296198,2,1970,0.2894736842105263
236973,53044,2,1970,0.2894736842105263
236973,297724,2,1970,0.2894736842105263
236973,53170,2,1970,0.2894736842105263
236973,33570,2,1970,0.2894736842105263
208518,296198,2,1970,0.2894736842105263
208518,53044,2,1970,0.2894736842105263
167364,296198,2,1970,0.2894736842105263
208518,297724,2,1970,0.2894736842105263
208518,23584,2,1970,0.2894736842105263
236973,23584,2,1970,0.2894736842105263
208518,33570,2,1970,0.2894736842105263
167364,53170,2,1970,0.2894736842105263
167364,53044,2,1970,0.2894736842105263
167364,33570,2,1970,0.2894736842105263
220047,59822,2,1970,0.2857142857142857
203889,296930,2,1970,0.2857142857142857
238377,296930,2,1970,0.2857142857142857
212505,296930,2,1970,0.2857142857142857
159027,296930,2,1970,0.2857142857142857
203322,296930,2,1970,0.2857142857142857
211542,296930,2,1970,0.2857142857142857
59703,296930,2,1970,0.2857142857142857
203058,296930,2,1970,0.2857142857142857
211989,296930,2,1970,0.2857142857142857
229521,296930,2,1970,0.2857142857142857
199044,28528,2,1970,0.2826086956521739
173667,28528,2,1970,0.2826086956521739
249486,28528,2,1970,0.2826086956521739
243546,60522,2,1970,0.27722772277227725
231057,11390,2,1970,0.27722772277227725
207339,11390,2,1970,0.27722772277227725
217848,60522,2,1970,0.27722772277227725
243546,11390,2,1970,0.27722772277227725
231057,60522,2,1970,0.27722772277227725
242442,60522,2,1970,0.27722772277227725
207339,60522,2,1970,0.27722772277227725
242442,11390,2,1970,0.27722772277227725
217848,11390,2,1970,0.27722772277227725
235932,53068,2,1970,0.27184466019417475
63690,53068,2,1970,0.27184466019417475
235932,297244,2,1970,0.27184466019417475
206442,297244,2,1970,0.27184466019417475
206442,53068,2,1970,0.27184466019417475
222225,297244,2,1970,0.27184466019417475
63690,297244,2,1970,0.27184466019417475
222225,53068,2,1970,0.27184466019417475
211989,297818,2,1970,0.2708333333333333
238377,63728,2,1970,0.2708333333333333
203058,297818,2,1970,0.2708333333333333
238377,297818,2,1970,0.2708333333333333
59703,63728,2,1970,0.2708333333333333
229521,297818,2,1970,0.2708333333333333
211989,63728,2,1970,0.2708333333333333
203889,297818,2,1970,0.2708333333333333
229521,63728,2,1970,0.2708333333333333
203889,63728,2,1970,0.2708333333333333
159027,297818,2,1970,0.2708333333333333
211542,63728,2,1970,0.2708333333333333
212505,63728,2,1970,0.2708333333333333
59703,297818,2,1970,0.2708333333333333
212505,297818,2,1970,0.2708333333333333
159027,63728,2,1970,0.2708333333333333
203322,297818,2,1970,0.2708333333333333
203322,63728,2,1970,0.2708333333333333
203058,63728,2,1970,0.2708333333333333
211542,297818,2,1970,0.2708333333333333
227664,63728,2,1970,0.26903553299492383
191256,63728,2,1970,0.26903553299492383
208092,63728,2,1970,0.26903553299492383
208092,297818,2,1970,0.26903553299492383
154698,297818,2,1970,0.26903553299492383
227664,297818,2,1970,0.26903553299492383
251391,297818,2,1970,0.26903553299492383
191256,297818,2,1970,0.26903553299492383
154698,63728,2,1970,0.26903553299492383
60762,297818,2,1970,0.26903553299492383
60762,63728,2,1970,0.26903553299492383
251391,63728,2,1970,0.26903553299492383
206364,30500,2,1970,0.26666666666666666
217848,33288,2,1970,0.2608695652173913
231057,33288,2,1970,0.2608695652173913
207339,33288,2,1970,0.2608695652173913
242442,33288,2,1970,0.2608695652173913
243546,33288,2,1970,0.2608695652173913
236973,296930,2,1970,0.25
167364,296930,2,1970,0.25
208518,296930,2,1970,0.25
208575,53044,2,1970,0.24444444444444444
208575,53170,2,1970,0.24444444444444444
208575,23584,2,1970,0.24444444444444444
211965,23584,2,1970,0.24444444444444444
211965,296198,2,1970,0.24444444444444444
211965,53170,2,1970,0.24444444444444444
208575,296198,2,1970,0.24444444444444444
211965,297724,2,1970,0.24444444444444444
208575,297724,2,1970,0.24444444444444444
211965,33570,2,1970,0.24444444444444444
211965,53044,2,1970,0.24444444444444444
208575,33570,2,1970,0.24444444444444444
231057,1440,2,1970,0.24242424242424243
243546,1440,2,1970,0.24242424242424243
207339,1440,2,1970,0.24242424242424243
242442,1440,2,1970,0.24242424242424243
217848,1440,2,1970,0.24242424242424243
206364,44960,2,1970,0.23809523809523808
206364,297556,2,1970,0.23809523809523808
206364,1388,2,1970,0.23809523809523808
206364,296048,2,1970,0.23809523809523808
60762,296838,2,1970,0.22900763358778625
208092,296838,2,1970,0.22900763358778625
191256,296838,2,1970,0.22900763358778625
154698,296838,2,1970,0.22900763358778625
227664,296838,2,1970,0.22900763358778625
251391,296838,2,1970,0.22900763358778625
220047,21632,2,1970,0.22727272727272727
220047,297016,2,1970,0.22727272727272727
209637,55294,2,1970,0.22559652928416485
208575,55294,2,1970,0.22559652928416485
205191,55294,2,1970,0.22559652928416485
243546,55294,2,1970,0.22559652928416485
213102,55294,2,1970,0.22559652928416485
211965,55294,2,1970,0.22559652928416485
208518,55294,2,1970,0.22559652928416485
178230,55294,2,1970,0.22559652928416485
236973,55294,2,1970,0.22559652928416485
231057,55294,2,1970,0.22559652928416485
207339,55294,2,1970,0.22559652928416485
167364,55294,2,1970,0.22559652928416485
242442,55294,2,1970,0.22559652928416485
217848,55294,2,1970,0.22559652928416485
157767,55294,2,1970,0.22559652928416485
205191,11390,2,1970,0.22072072072072071
205191,60522,2,1970,0.22072072072072071
157767,60522,2,1970,0.22072072072072071
213102,11390,2,1970,0.22072072072072071
213102,60522,2,1970,0.22072072072072071
178230,60522,2,1970,0.22072072072072071
209637,11390,2,1970,0.22072072072072071
157767,11390,2,1970,0.22072072072072071
209637,60522,2,1970,0.22072072072072071
178230,11390,2,1970,0.22072072072072071
206364,297818,2,1970,0.20454545454545456
206364,63728,2,1970,0.20454545454545456
236973,28528,2,1970,0.19230769230769232
208518,28528,2,1970,0.19230769230769232
211965,28528,2,1970,0.19230769230769232
208575,28528,2,1970,0.19230769230769232
220047,296838,2,1970,0.19047619047619047
220047,296930,2,1970,0.19047619047619047
220047,26850,2,1970,0.19047619047619047
220047,297724,2,1970,0.18699186991869918
199044,33570,2,1970,0.18699186991869918
220047,33570,2,1970,0.18699186991869918
220047,53170,2,1970,0.18699186991869918
199044,23584,2,1970,0.18699186991869918
199044,53170,2,1970,0.18699186991869918
199044,296198,2,1970,0.18699186991869918
220047,23584,2,1970,0.18699186991869918
173667,23584,2,1970,0.18699186991869918
249486,23584,2,1970,0.18699186991869918
249486,33570,2,1970,0.18699186991869918
173667,296198,2,1970,0.18699186991869918
249486,53170,2,1970,0.18699186991869918
199044,297724,2,1970,0.18699186991869918
249486,53044,2,1970,0.18699186991869918
173667,53170,2,1970,0.18699186991869918
173667,33570,2,1970,0.18699186991869918
173667,297724,2,1970,0.18699186991869918
220047,53044,2,1970,0.18699186991869918
249486,296198,2,1970,0.18699186991869918
173667,53044,2,1970,0.18699186991869918
249486,297724,2,1970,0.18699186991869918
199044,53044,2,1970,0.18699186991869918
220047,296198,2,1970,0.18699186991869918
213102,1440,2,1970,0.18620689655172415
157767,1440,2,1970,0.18620689655172415
209637,1440,2,1970,0.18620689655172415
205191,1440,2,1970,0.18620689655172415
178230,1440,2,1970,0.18620689655172415
249486,1388,2,1970,0.17647058823529413
249486,44960,2,1970,0.17647058823529413
249486,297556,2,1970,0.17647058823529413
249486,296048,2,1970,0.17647058823529413
205191,21632,2,1970,0.16708023159636062
242442,21632,2,1970,0.16708023159636062
208575,297016,2,1970,0.16708023159636062
208575,21632,2,1970,0.16708023159636062
209637,297016,2,1970,0.16708023159636062
217848,297016,2,1970,0.16708023159636062
211965,21632,2,1970,0.16708023159636062
157767,297016,2,1970,0.16708023159636062
242442,297016,2,1970,0.16708023159636062
217848,21632,2,1970,0.16708023159636062
243546,297016,2,1970,0.16708023159636062
243546,21632,2,1970,0.16708023159636062
207339,297016,2,1970,0.16708023159636062
211965,297016,2,1970,0.16708023159636062
213102,21632,2,1970,0.16708023159636062
207339,21632,2,1970,0.16708023159636062
231057,21632,2,1970,0.16708023159636062
209637,21632,2,1970,0.16708023159636062
178230,21632,2,1970,0.16708023159636062
231057,297016,2,1970,0.16708023159636062
178230,297016,2,1970,0.16708023159636062
205191,297016,2,1970,0.16708023159636062
157767,21632,2,1970,0.16708023159636062
213102,297016,2,1970,0.16708023159636062
243546,56892,2,1970,0.16666666666666666
249486,33288,2,1970,0.16666666666666666
217848,56892,2,1970,0.16666666666666666
231057,56892,2,1970,0.16666666666666666
242442,56892,2,1970,0.16666666666666666
208518,56892,2,1970,0.16666666666666666
206364,297244,2,1970,0.16666666666666666
207339,56892,2,1970,0.16666666666666666
206364,53068,2,1970,0.16666666666666666
236973,56892,2,1970,0.16666666666666666
206364,60522,2,1970,0.16279069767441862
206364,11390,2,1970,0.16279069767441862
220047,63728,2,1970,0.15789473684210525
220047,297818,2,1970,0.15789473684210525
229521,28528,2,1970,0.15748031496062992
203889,28528,2,1970,0.15748031496062992
203322,28528,2,1970,0.15748031496062992
203058,28528,2,1970,0.15748031496062992
159027,28528,2,1970,0.15748031496062992
211989,28528,2,1970,0.15748031496062992
212505,28528,2,1970,0.15748031496062992
211542,28528,2,1970,0.15748031496062992
238377,28528,2,1970,0.15748031496062992
59703,28528,2,1970,0.15748031496062992
220047,33288,2,1970,0.15384615384615385
211965,60522,2,1970,0.15151515151515152
211965,11390,2,1970,0.15151515151515152
208575,60522,2,1970,0.15151515151515152
208575,11390,2,1970,0.15151515151515152
157767,33288,2,1970,0.14675767918088736
205191,33288,2,1970,0.14675767918088736
213102,33288,2,1970,0.14675767918088736
209637,33288,2,1970,0.14675767918088736
178230,33288,2,1970,0.14675767918088736
206364,296838,2,1970,0.13333333333333333
206364,26850,2,1970,0.13333333333333333
206364,296930,2,1970,0.13333333333333333
227664,53068,2,1970,0.12698412698412698
191256,53068,2,1970,0.12698412698412698
208092,297244,2,1970,0.12698412698412698
251391,53068,2,1970,0.12698412698412698
251391,297244,2,1970,0.12698412698412698
227664,297244,2,1970,0.12698412698412698
154698,53068,2,1970,0.12698412698412698
154698,297244,2,1970,0.12698412698412698
60762,53068,2,1970,0.12698412698412698
60762,297244,2,1970,0.12698412698412698
208092,53068,2,1970,0.12698412698412698
191256,297244,2,1970,0.12698412698412698
167364,60522,2,1970,0.12244897959183673
167364,11390,2,1970,0.12244897959183673
208092,44960,2,1970,0.11650485436893204
60762,297556,2,1970,0.11650485436893204
251391,296048,2,1970,0.11650485436893204
251391,297556,2,1970,0.11650485436893204
154698,44960,2,1970,0.11650485436893204
251391,1388,2,1970,0.11650485436893204
191256,1388,2,1970,0.11650485436893204
154698,1388,2,1970,0.11650485436893204
154698,297556,2,1970,0.11650485436893204
227664,1388,2,1970,0.11650485436893204
227664,44960,2,1970,0.11650485436893204
208092,1388,2,1970,0.11650485436893204
154698,296048,2,1970,0.11650485436893204
191256,44960,2,1970,0.11650485436893204
60762,1388,2,1970,0.11650485436893204
251391,44960,2,1970,0.11650485436893204
191256,296048,2,1970,0.11650485436893204
60762,44960,2,1970,0.11650485436893204
191256,297556,2,1970,0.11650485436893204
227664,297556,2,1970,0.11650485436893204
208092,297556,2,1970,0.11650485436893204
208092,296048,2,1970,0.11650485436893204
60762,296048,2,1970,0.11650485436893204
227664,296048,2,1970,0.11650485436893204
208092,33570,2,1970,0.11464968152866242
208092,297724,2,1970,0.11464968152866242
60762,53044,2,1970,0.11464968152866242
227664,297724,2,1970,0.11464968152866242
251391,296198,2,1970,0.11464968152866242
227664,296198,2,1970,0.11464968152866242
208092,23584,2,1970,0.11464968152866242
227664,53044,2,1970,0.11464968152866242
206364,297724,2,1970,0.11464968152866242
60762,296198,2,1970,0.11464968152866242
206364,53044,2,1970,0.11464968152866242
208092,53170,2,1970,0.11464968152866242
208092,53044,2,1970,0.11464968152866242
227664,33570,2,1970,0.11464968152866242
154698,33570,2,1970,0.11464968152866242
154698,23584,2,1970,0.11464968152866242
206364,23584,2,1970,0.11464968152866242
227664,23584,2,1970,0.11464968152866242
154698,53170,2,1970,0.11464968152866242
154698,297724,2,1970,0.11464968152866242
227664,53170,2,1970,0.11464968152866242
206364,33570,2,1970,0.11464968152866242
206364,53170,2,1970,0.11464968152866242
191256,296198,2,1970,0.11464968152866242
154698,296198,2,1970,0.11464968152866242
191256,297724,2,1970,0.11464968152866242
191256,53044,2,1970,0.11464968152866242
251391,53044,2,1970,0.11464968152866242
251391,297724,2,1970,0.11464968152866242
251391,23584,2,1970,0.11464968152866242
191256,53170,2,1970,0.11464968152866242
251391,53170,2,1970,0.11464968152866242
154698,53044,2,1970,0.11464968152866242
60762,53170,2,1970,0.11464968152866242
60762,33570,2,1970,0.11464968152866242
251391,33570,2,1970,0.11464968152866242
60762,23584,2,1970,0.11464968152866242
60762,297724,2,1970,0.11464968152866242
191256,33570,2,1970,0.11464968152866242
208092,296198,2,1970,0.11464968152866242
206364,296198,2,1970,0.11464968152866242
191256,23584,2,1970,0.11464968152866242
249486,11390,2,1970,0.1111111111111111
173667,60522,2,1970,0.1111111111111111
249486,60522,2,1970,0.1111111111111111
236973,63728,2,1970,0.1111111111111111
208518,297818,2,1970,0.1111111111111111
173667,11390,2,1970,0.1111111111111111
199044,11390,2,1970,0.1111111111111111
154713,56892,2,1970,0.1111111111111111
236973,297818,2,1970,0.1111111111111111
199044,60522,2,1970,0.1111111111111111
208518,63728,2,1970,0.1111111111111111
191256,11390,2,1970,0.10752688172043011
60762,11390,2,1970,0.10752688172043011
251391,11390,2,1970,0.10752688172043011
251391,60522,2,1970,0.10752688172043011
60762,60522,2,1970,0.10752688172043011
208092,60522,2,1970,0.10752688172043011
208092,11390,2,1970,0.10752688172043011
154698,11390,2,1970,0.10752688172043011
154698,60522,2,1970,0.10752688172043011
191256,60522,2,1970,0.10752688172043011
227664,11390,2,1970,0.10752688172043011
227664,60522,2,1970,0.10752688172043011
235458,28528,2,1970,0.10669975186104218
242409,28528,2,1970,0.10669975186104218
153600,28528,2,1970,0.10669975186104218
214194,28528,2,1970,0.10669975186104218
219420,28528,2,1970,0.10669975186104218
204057,28528,2,1970,0.10669975186104218
154146,28528,2,1970,0.10669975186104218
173940,28528,2,1970,0.10669975186104218
67056,28528,2,1970,0.10669975186104218
233427,28528,2,1970,0.10669975186104218
210627,28528,2,1970,0.10669975186104218
203256,28528,2,1970,0.10669975186104218
62811,28528,2,1970,0.10669975186104218
219381,28528,2,1970,0.10669975186104218
153882,28528,2,1970,0.10669975186104218
154011,28528,2,1970,0.10669975186104218
191247,28528,2,1970,0.10669975186104218
154743,28528,2,1970,0.10669975186104218
253053,28528,2,1970,0.10669975186104218
211413,28528,2,1970,0.10669975186104218
249159,28528,2,1970,0.10669975186104218
225012,28528,2,1970,0.10669975186104218
154740,28528,2,1970,0.10669975186104218
244680,28528,2,1970,0.10669975186104218
246054,28528,2,1970,0.10669975186104218
129264,28528,2,1970,0.10669975186104218
204411,28528,2,1970,0.10669975186104218
157080,28528,2,1970,0.10669975186104218
210810,28528,2,1970,0.10669975186104218
212475,28528,2,1970,0.10669975186104218
255489,28528,2,1970,0.10669975186104218
179790,28528,2,1970,0.10669975186104218
253146,28528,2,1970,0.10669975186104218
247548,28528,2,1970,0.10669975186104218
207216,28528,2,1970,0.10669975186104218
254118,28528,2,1970,0.10669975186104218
183672,28528,2,1970,0.10669975186104218
203277,28528,2,1970,0.10669975186104218
154383,28528,2,1970,0.10669975186104218
188106,28528,2,1970,0.10669975186104218
72108,28528,2,1970,0.10669975186104218
225972,28528,2,1970,0.10669975186104218
206616,28528,2,1970,0.10669975186104218
247956,28528,2,1970,0.10669975186104218
251253,28528,2,1970,0.10669975186104218
204522,28528,2,1970,0.10669975186104218
204762,28528,2,1970,0.10669975186104218
192714,28528,2,1970,0.10669975186104218
162960,28528,2,1970,0.10669975186104218
206076,28528,2,1970,0.10669975186104218
205947,28528,2,1970,0.10669975186104218
205812,28528,2,1970,0.10669975186104218
153912,28528,2,1970,0.10669975186104218
239115,28528,2,1970,0.10669975186104218
248724,28528,2,1970,0.10669975186104218
203241,28528,2,1970,0.10669975186104218
247029,28528,2,1970,0.10669975186104218
153744,28528,2,1970,0.10669975186104218
154551,28528,2,1970,0.10669975186104218
212505,296198,2,1970,0.102880658436214
212505,53170,2,1970,0.102880658436214
203322,53170,2,1970,0.102880658436214
203322,23584,2,1970,0.102880658436214
203322,33570,2,1970,0.102880658436214
238377,297724,2,1970,0.102880658436214
229521,53170,2,1970,0.102880658436214
212505,23584,2,1970,0.102880658436214
203322,297724,2,1970,0.102880658436214
229521,297724,2,1970,0.102880658436214
203889,33570,2,1970,0.102880658436214
203889,53170,2,1970,0.102880658436214
203889,23584,2,1970,0.102880658436214
203889,297724,2,1970,0.102880658436214
59703,33570,2,1970,0.102880658436214
59703,53170,2,1970,0.102880658436214
59703,23584,2,1970,0.102880658436214
203889,53044,2,1970,0.102880658436214
211989,53044,2,1970,0.102880658436214
212505,33570,2,1970,0.102880658436214
238377,23584,2,1970,0.102880658436214
229521,53044,2,1970,0.102880658436214
159027,33570,2,1970,0.102880658436214
159027,53170,2,1970,0.102880658436214
159027,23584,2,1970,0.102880658436214
159027,297724,2,1970,0.102880658436214
159027,53044,2,1970,0.102880658436214
159027,296198,2,1970,0.102880658436214
229521,296198,2,1970,0.102880658436214
212505,53044,2,1970,0.102880658436214
203058,33570,2,1970,0.102880658436214
203058,53170,2,1970,0.102880658436214
203058,23584,2,1970,0.102880658436214
203058,297724,2,1970,0.102880658436214
203058,53044,2,1970,0.102880658436214
211542,33570,2,1970,0.102880658436214
203058,296198,2,1970,0.102880658436214
211989,33570,2,1970,0.102880658436214
211542,296198,2,1970,0.102880658436214
211542,53044,2,1970,0.102880658436214
211989,53170,2,1970,0.102880658436214
238377,33570,2,1970,0.102880658436214
238377,53170,2,1970,0.102880658436214
211542,297724,2,1970,0.102880658436214
211989,296198,2,1970,0.102880658436214
211989,297724,2,1970,0.102880658436214
211542,23584,2,1970,0.102880658436214
211542,53170,2,1970,0.102880658436214
203889,296198,2,1970,0.102880658436214
211989,23584,2,1970,0.102880658436214
59703,297724,2,1970,0.102880658436214
59703,53044,2,1970,0.102880658436214
203322,53044,2,1970,0.102880658436214
238377,296198,2,1970,0.102880658436214
229521,33570,2,1970,0.102880658436214
59703,296198,2,1970,0.102880658436214
238377,53044,2,1970,0.102880658436214
212505,297724,2,1970,0.102880658436214
229521,23584,2,1970,0.102880658436214
203322,296198,2,1970,0.102880658436214
249486,55294,2,1970,0.1
167364,1260,2,1970,0.09090909090909091
208518,1260,2,1970,0.09090909090909091
167364,1440,2,1970,0.09090909090909091
236973,1260,2,1970,0.09090909090909091
208518,34718,2,1970,0.09090909090909091
236973,1440,2,1970,0.09090909090909091
167364,34718,2,1970,0.09090909090909091
236973,34718,2,1970,0.09090909090909091
208518,1440,2,1970,0.09090909090909091
211413,53170,2,1970,0.08662900188323917
253146,297724,2,1970,0.08662900188323917
225972,296198,2,1970,0.08662900188323917
211413,33570,2,1970,0.08662900188323917
235458,53170,2,1970,0.08662900188323917
129264,23584,2,1970,0.08662900188323917
211413,53044,2,1970,0.08662900188323917
251253,23584,2,1970,0.08662900188323917
203256,23584,2,1970,0.08662900188323917
204762,53044,2,1970,0.08662900188323917
247956,297724,2,1970,0.08662900188323917
251253,53170,2,1970,0.08662900188323917
253146,53044,2,1970,0.08662900188323917
251253,33570,2,1970,0.08662900188323917
154383,296198,2,1970,0.08662900188323917
219381,297724,2,1970,0.08662900188323917
211413,23584,2,1970,0.08662900188323917
211413,297724,2,1970,0.08662900188323917
251253,53044,2,1970,0.08662900188323917
206076,296198,2,1970,0.08662900188323917
247956,33570,2,1970,0.08662900188323917
247956,53170,2,1970,0.08662900188323917
225012,53044,2,1970,0.08662900188323917
253146,33570,2,1970,0.08662900188323917
247956,23584,2,1970,0.08662900188323917
253146,53170,2,1970,0.08662900188323917
242409,23584,2,1970,0.08662900188323917
246054,53044,2,1970,0.08662900188323917
72108,296198,2,1970,0.08662900188323917
249159,297724,2,1970,0.08662900188323917
253146,23584,2,1970,0.08662900188323917
242409,53170,2,1970,0.08662900188323917
242409,33570,2,1970,0.08662900188323917
225972,33570,2,1970,0.08662900188323917
251253,297724,2,1970,0.08662900188323917
206076,53044,2,1970,0.08662900188323917
211413,296198,2,1970,0.08662900188323917
129264,53170,2,1970,0.08662900188323917
72108,53044,2,1970,0.08662900188323917
188106,33570,2,1970,0.08662900188323917
253146,296198,2,1970,0.08662900188323917
246054,297724,2,1970,0.08662900188323917
247956,296198,2,1970,0.08662900188323917
247956,53044,2,1970,0.08662900188323917
72108,23584,2,1970,0.08662900188323917
225012,296198,2,1970,0.08662900188323917
72108,53170,2,1970,0.08662900188323917
72108,33570,2,1970,0.08662900188323917
154740,297724,2,1970,0.08662900188323917
183672,53170,2,1970,0.08662900188323917
154740,23584,2,1970,0.08662900188323917
154740,53170,2,1970,0.08662900188323917
154740,33570,2,1970,0.08662900188323917
183672,53044,2,1970,0.08662900188323917
154383,297724,2,1970,0.08662900188323917
153600,297724,2,1970,0.08662900188323917
219381,23584,2,1970,0.08662900188323917
247548,53044,2,1970,0.08662900188323917
154383,23584,2,1970,0.08662900188323917
154383,53170,2,1970,0.08662900188323917
204522,33570,2,1970,0.08662900188323917
179790,23584,2,1970,0.08662900188323917
204411,297724,2,1970,0.08662900188323917
154011,296198,2,1970,0.08662900188323917
210627,33570,2,1970,0.08662900188323917
204762,296198,2,1970,0.08662900188323917
246054,23584,2,1970,0.08662900188323917
154740,296198,2,1970,0.08662900188323917
203256,297724,2,1970,0.08662900188323917
183672,296198,2,1970,0.08662900188323917
247548,33570,2,1970,0.08662900188323917
183672,33570,2,1970,0.08662900188323917
153882,23584,2,1970,0.08662900188323917
153882,53170,2,1970,0.08662900188323917
247548,53170,2,1970,0.08662900188323917
214194,297724,2,1970,0.08662900188323917
154740,53044,2,1970,0.08662900188323917
154383,53044,2,1970,0.08662900188323917
246054,53170,2,1970,0.08662900188323917
247548,23584,2,1970,0.08662900188323917
153882,33570,2,1970,0.08662900188323917
246054,33570,2,1970,0.08662900188323917
233427,296198,2,1970,0.08662900188323917
154551,53044,2,1970,0.08662900188323917
72108,297724,2,1970,0.08662900188323917
153600,23584,2,1970,0.08662900188323917
247548,297724,2,1970,0.08662900188323917
242409,297724,2,1970,0.08662900188323917
153882,297724,2,1970,0.08662900188323917
212475,53044,2,1970,0.08662900188323917
203241,297724,2,1970,0.08662900188323917
239115,297724,2,1970,0.08662900188323917
233427,297724,2,1970,0.08662900188323917
154146,23584,2,1970,0.08662900188323917
154146,53170,2,1970,0.08662900188323917
225972,53044,2,1970,0.08662900188323917
235458,296198,2,1970,0.08662900188323917
154146,33570,2,1970,0.08662900188323917
203241,53044,2,1970,0.08662900188323917
173940,53044,2,1970,0.08662900188323917
157080,296198,2,1970,0.08662900188323917
239115,23584,2,1970,0.08662900188323917
203241,23584,2,1970,0.08662900188323917
129264,53044,2,1970,0.08662900188323917
203241,53170,2,1970,0.08662900188323917
203241,33570,2,1970,0.08662900188323917
233427,23584,2,1970,0.08662900188323917
233427,53170,2,1970,0.08662900188323917
162960,53170,2,1970,0.08662900188323917
233427,33570,2,1970,0.08662900188323917
203241,296198,2,1970,0.08662900188323917
154146,297724,2,1970,0.08662900188323917
204411,296198,2,1970,0.08662900188323917
67056,33570,2,1970,0.08662900188323917
225012,53170,2,1970,0.08662900188323917
214194,296198,2,1970,0.08662900188323917
225012,33570,2,1970,0.08662900188323917
254118,33570,2,1970,0.08662900188323917
242409,53044,2,1970,0.08662900188323917
129264,296198,2,1970,0.08662900188323917
214194,23584,2,1970,0.08662900188323917
233427,53044,2,1970,0.08662900188323917
154146,53044,2,1970,0.08662900188323917
214194,53170,2,1970,0.08662900188323917
173940,33570,2,1970,0.08662900188323917
154146,296198,2,1970,0.08662900188323917
173940,53170,2,1970,0.08662900188323917
242409,296198,2,1970,0.08662900188323917
225012,23584,2,1970,0.08662900188323917
173940,23584,2,1970,0.08662900188323917
239115,33570,2,1970,0.08662900188323917
173940,297724,2,1970,0.08662900188323917
214194,33570,2,1970,0.08662900188323917
239115,53170,2,1970,0.08662900188323917
153882,53044,2,1970,0.08662900188323917
162960,33570,2,1970,0.08662900188323917
206076,33570,2,1970,0.08662900188323917
173940,296198,2,1970,0.08662900188323917
253053,53044,2,1970,0.08662900188323917
239115,296198,2,1970,0.08662900188323917
154551,23584,2,1970,0.08662900188323917
204762,33570,2,1970,0.08662900188323917
248724,296198,2,1970,0.08662900188323917
203256,53170,2,1970,0.08662900188323917
192714,297724,2,1970,0.08662900188323917
254118,23584,2,1970,0.08662900188323917
204762,53170,2,1970,0.08662900188323917
154551,53170,2,1970,0.08662900188323917
204762,23584,2,1970,0.08662900188323917
239115,53044,2,1970,0.08662900188323917
154551,33570,2,1970,0.08662900188323917
251253,296198,2,1970,0.08662900188323917
248724,53044,2,1970,0.08662900188323917
254118,297724,2,1970,0.08662900188323917
188106,53044,2,1970,0.08662900188323917
204762,297724,2,1970,0.08662900188323917
235458,33570,2,1970,0.08662900188323917
253053,296198,2,1970,0.08662900188323917
246054,296198,2,1970,0.08662900188323917
249159,23584,2,1970,0.08662900188323917
162960,297724,2,1970,0.08662900188323917
67056,53170,2,1970,0.08662900188323917
206076,297724,2,1970,0.08662900188323917
225012,297724,2,1970,0.08662900188323917
67056,297724,2,1970,0.08662900188323917
206076,53170,2,1970,0.08662900188323917
153882,296198,2,1970,0.08662900188323917
67056,23584,2,1970,0.08662900188323917
203256,33570,2,1970,0.08662900188323917
206076,23584,2,1970,0.08662900188323917
254118,53170,2,1970,0.08662900188323917
253053,33570,2,1970,0.08662900188323917
212475,296198,2,1970,0.08662900188323917
253053,53170,2,1970,0.08662900188323917
253053,23584,2,1970,0.08662900188323917
253053,297724,2,1970,0.08662900188323917
204411,53044,2,1970,0.08662900188323917
154551,297724,2,1970,0.08662900188323917
249159,33570,2,1970,0.08662900188323917
249159,53170,2,1970,0.08662900188323917
219381,53044,2,1970,0.08662900188323917
188106,296198,2,1970,0.08662900188323917
210627,53170,2,1970,0.08662900188323917
235458,23584,2,1970,0.08662900188323917
210810,53170,2,1970,0.08662900188323917
247029,297724,2,1970,0.08662900188323917
247029,33570,2,1970,0.08662900188323917
154011,33570,2,1970,0.08662900188323917
247029,53170,2,1970,0.08662900188323917
210810,297724,2,1970,0.08662900188323917
225972,53170,2,1970,0.08662900188323917
247029,23584,2,1970,0.08662900188323917
183672,297724,2,1970,0.08662900188323917
188106,23584,2,1970,0.08662900188323917
205812,296198,2,1970,0.08662900188323917
244680,297724,2,1970,0.08662900188323917
62811,53170,2,1970,0.08662900188323917
254118,296198,2,1970,0.08662900188323917
154011,53170,2,1970,0.08662900188323917
207216,296198,2,1970,0.08662900188323917
219420,297724,2,1970,0.08662900188323917
203277,296198,2,1970,0.08662900188323917
153744,53170,2,1970,0.08662900188323917
162960,296198,2,1970,0.08662900188323917
235458,297724,2,1970,0.08662900188323917
154743,297724,2,1970,0.08662900188323917
191247,53170,2,1970,0.08662900188323917
244680,53170,2,1970,0.08662900188323917
191247,23584,2,1970,0.08662900188323917
244680,33570,2,1970,0.08662900188323917
162960,53044,2,1970,0.08662900188323917
153912,53044,2,1970,0.08662900188323917
179790,296198,2,1970,0.08662900188323917
254118,53044,2,1970,0.08662900188323917
188106,297724,2,1970,0.08662900188323917
153912,296198,2,1970,0.08662900188323917
244680,23584,2,1970,0.08662900188323917
210810,23584,2,1970,0.08662900188323917
249159,53044,2,1970,0.08662900188323917
225972,23584,2,1970,0.08662900188323917
205947,53044,2,1970,0.08662900188323917
205812,53044,2,1970,0.08662900188323917
191247,297724,2,1970,0.08662900188323917
219420,53044,2,1970,0.08662900188323917
210810,33570,2,1970,0.08662900188323917
62811,33570,2,1970,0.08662900188323917
153744,296198,2,1970,0.08662900188323917
154743,53044,2,1970,0.08662900188323917
219420,23584,2,1970,0.08662900188323917
154551,296198,2,1970,0.08662900188323917
203277,297724,2,1970,0.08662900188323917
179790,297724,2,1970,0.08662900188323917
212475,53170,2,1970,0.08662900188323917
210810,296198,2,1970,0.08662900188323917
247029,53044,2,1970,0.08662900188323917
62811,297724,2,1970,0.08662900188323917
188106,53170,2,1970,0.08662900188323917
153744,23584,2,1970,0.08662900188323917
212475,33570,2,1970,0.08662900188323917
219420,53170,2,1970,0.08662900188323917
179790,53044,2,1970,0.08662900188323917
248724,53170,2,1970,0.08662900188323917
255489,297724,2,1970,0.08662900188323917
153744,33570,2,1970,0.08662900188323917
247029,296198,2,1970,0.08662900188323917
203277,53044,2,1970,0.08662900188323917
153744,297724,2,1970,0.08662900188323917
205947,297724,2,1970,0.08662900188323917
244680,296198,2,1970,0.08662900188323917
153744,53044,2,1970,0.08662900188323917
62811,53044,2,1970,0.08662900188323917
203277,23584,2,1970,0.08662900188323917
153600,53044,2,1970,0.08662900188323917
219420,33570,2,1970,0.08662900188323917
154011,23584,2,1970,0.08662900188323917
203277,33570,2,1970,0.08662900188323917
207216,53044,2,1970,0.08662900188323917
154011,297724,2,1970,0.08662900188323917
62811,23584,2,1970,0.08662900188323917
203256,53044,2,1970,0.08662900188323917
244680,53044,2,1970,0.08662900188323917
62811,296198,2,1970,0.08662900188323917
157080,53044,2,1970,0.08662900188323917
249159,296198,2,1970,0.08662900188323917
212475,297724,2,1970,0.08662900188323917
203277,53170,2,1970,0.08662900188323917
210810,53044,2,1970,0.08662900188323917
191247,53044,2,1970,0.08662900188323917
212475,23584,2,1970,0.08662900188323917
219381,296198,2,1970,0.08662900188323917
205947,296198,2,1970,0.08662900188323917
255489,23584,2,1970,0.08662900188323917
207216,33570,2,1970,0.08662900188323917
219381,53170,2,1970,0.08662900188323917
179790,33570,2,1970,0.08662900188323917
157080,23584,2,1970,0.08662900188323917
255489,33570,2,1970,0.08662900188323917
154743,296198,2,1970,0.08662900188323917
67056,53044,2,1970,0.08662900188323917
205947,53170,2,1970,0.08662900188323917
191247,296198,2,1970,0.08662900188323917
206616,296198,2,1970,0.08662900188323917
157080,53170,2,1970,0.08662900188323917
204411,23584,2,1970,0.08662900188323917
204411,53170,2,1970,0.08662900188323917
248724,23584,2,1970,0.08662900188323917
207216,53170,2,1970,0.08662900188323917
204057,53044,2,1970,0.08662900188323917
192714,296198,2,1970,0.08662900188323917
204411,33570,2,1970,0.08662900188323917
157080,297724,2,1970,0.08662900188323917
192714,33570,2,1970,0.08662900188323917
192714,53170,2,1970,0.08662900188323917
204522,53044,2,1970,0.08662900188323917
247548,296198,2,1970,0.08662900188323917
204522,53170,2,1970,0.08662900188323917
192714,53044,2,1970,0.08662900188323917
204522,23584,2,1970,0.08662900188323917
204057,33570,2,1970,0.08662900188323917
204057,53170,2,1970,0.08662900188323917
204057,23584,2,1970,0.08662900188323917
154383,33570,2,1970,0.08662900188323917
192714,23584,2,1970,0.08662900188323917
255489,296198,2,1970,0.08662900188323917
210627,297724,2,1970,0.08662900188323917
154011,53044,2,1970,0.08662900188323917
248724,33570,2,1970,0.08662900188323917
129264,33570,2,1970,0.08662900188323917
204057,297724,2,1970,0.08662900188323917
210627,23584,2,1970,0.08662900188323917
204522,297724,2,1970,0.08662900188323917
179790,53170,2,1970,0.08662900188323917
157080,33570,2,1970,0.08662900188323917
207216,23584,2,1970,0.08662900188323917
153600,53170,2,1970,0.08662900188323917
153600,296198,2,1970,0.08662900188323917
205812,33570,2,1970,0.08662900188323917
205812,53170,2,1970,0.08662900188323917
214194,53044,2,1970,0.08662900188323917
206616,23584,2,1970,0.08662900188323917
206616,53170,2,1970,0.08662900188323917
206616,33570,2,1970,0.08662900188323917
67056,296198,2,1970,0.08662900188323917
219420,296198,2,1970,0.08662900188323917
129264,297724,2,1970,0.08662900188323917
205812,297724,2,1970,0.08662900188323917
153912,23584,2,1970,0.08662900188323917
207216,297724,2,1970,0.08662900188323917
255489,53170,2,1970,0.08662900188323917
248724,297724,2,1970,0.08662900188323917
162960,23584,2,1970,0.08662900188323917
210627,296198,2,1970,0.08662900188323917
153912,297724,2,1970,0.08662900188323917
191247,33570,2,1970,0.08662900188323917
235458,53044,2,1970,0.08662900188323917
205812,23584,2,1970,0.08662900188323917
225972,297724,2,1970,0.08662900188323917
219381,33570,2,1970,0.08662900188323917
206616,53044,2,1970,0.08662900188323917
204057,296198,2,1970,0.08662900188323917
154743,33570,2,1970,0.08662900188323917
205947,33570,2,1970,0.08662900188323917
154743,53170,2,1970,0.08662900188323917
204522,296198,2,1970,0.08662900188323917
255489,53044,2,1970,0.08662900188323917
210627,53044,2,1970,0.08662900188323917
203256,296198,2,1970,0.08662900188323917
154743,23584,2,1970,0.08662900188323917
153912,33570,2,1970,0.08662900188323917
153600,33570,2,1970,0.08662900188323917
153912,53170,2,1970,0.08662900188323917
206616,297724,2,1970,0.08662900188323917
205947,23584,2,1970,0.08662900188323917
183672,23584,2,1970,0.08662900188323917
154713,53256,2,1970,0.08
173667,55294,2,1970,0.07142857142857142
199044,55294,2,1970,0.07142857142857142
63690,296198,2,1970,0.06965174129353234
63690,53044,2,1970,0.06965174129353234
235932,296198,2,1970,0.06965174129353234
63690,297724,2,1970,0.06965174129353234
222225,296198,2,1970,0.06965174129353234
235932,33570,2,1970,0.06965174129353234
206442,296198,2,1970,0.06965174129353234
206442,33570,2,1970,0.06965174129353234
222225,53044,2,1970,0.06965174129353234
206442,297724,2,1970,0.06965174129353234
206442,53044,2,1970,0.06965174129353234
235932,53170,2,1970,0.06965174129353234
206442,23584,2,1970,0.06965174129353234
235932,297724,2,1970,0.06965174129353234
222225,297724,2,1970,0.06965174129353234
235932,23584,2,1970,0.06965174129353234
206442,53170,2,1970,0.06965174129353234
222225,23584,2,1970,0.06965174129353234
222225,53170,2,1970,0.06965174129353234
63690,23584,2,1970,0.06965174129353234
63690,53170,2,1970,0.06965174129353234
63690,33570,2,1970,0.06965174129353234
235932,53044,2,1970,0.06965174129353234
222225,33570,2,1970,0.06965174129353234
206442,28528,2,1970,0.06930693069306931
222225,28528,2,1970,0.06930693069306931
63690,28528,2,1970,0.06930693069306931
235932,28528,2,1970,0.06930693069306931
227664,55294,2,1970,0.06557377049180328
191256,55294,2,1970,0.06557377049180328
251391,55294,2,1970,0.06557377049180328
154698,55294,2,1970,0.06557377049180328
208092,55294,2,1970,0.06557377049180328
60762,55294,2,1970,0.06557377049180328
248724,55294,2,1970,0.0617906683480454
192714,55294,2,1970,0.0617906683480454
225972,55294,2,1970,0.0617906683480454
214194,55294,2,1970,0.0617906683480454
154011,55294,2,1970,0.0617906683480454
242409,55294,2,1970,0.0617906683480454
67056,55294,2,1970,0.0617906683480454
154551,55294,2,1970,0.0617906683480454
203241,55294,2,1970,0.0617906683480454
153744,55294,2,1970,0.0617906683480454
154146,55294,2,1970,0.0617906683480454
247029,55294,2,1970,0.0617906683480454
153912,55294,2,1970,0.0617906683480454
204522,55294,2,1970,0.0617906683480454
154383,55294,2,1970,0.0617906683480454
247956,55294,2,1970,0.0617906683480454
206076,55294,2,1970,0.0617906683480454
239115,55294,2,1970,0.0617906683480454
204762,55294,2,1970,0.0617906683480454
72108,55294,2,1970,0.0617906683480454
247548,55294,2,1970,0.0617906683480454
206616,55294,2,1970,0.0617906683480454
205812,55294,2,1970,0.0617906683480454
157080,55294,2,1970,0.0617906683480454
203277,55294,2,1970,0.0617906683480454
188106,55294,2,1970,0.0617906683480454
153882,55294,2,1970,0.0617906683480454
191247,55294,2,1970,0.0617906683480454
255489,55294,2,1970,0.0617906683480454
210810,55294,2,1970,0.0617906683480454
205947,55294,2,1970,0.0617906683480454
207216,55294,2,1970,0.0617906683480454
204411,55294,2,1970,0.0617906683480454
219381,55294,2,1970,0.0617906683480454
212475,55294,2,1970,0.0617906683480454
249159,55294,2,1970,0.0617906683480454
235458,55294,2,1970,0.0617906683480454
183672,55294,2,1970,0.0617906683480454
203256,55294,2,1970,0.0617906683480454
153600,55294,2,1970,0.0617906683480454
162960,55294,2,1970,0.0617906683480454
254118,55294,2,1970,0.0617906683480454
129264,55294,2,1970,0.0617906683480454
173940,55294,2,1970,0.0617906683480454
233427,55294,2,1970,0.0617906683480454
253053,55294,2,1970,0.0617906683480454
253146,55294,2,1970,0.0617906683480454
246054,55294,2,1970,0.0617906683480454
210627,55294,2,1970,0.0617906683480454
244680,55294,2,1970,0.0617906683480454
62811,55294,2,1970,0.0617906683480454
179790,55294,2,1970,0.0617906683480454
154743,55294,2,1970,0.0617906683480454
219420,55294,2,1970,0.0617906683480454
251253,55294,2,1970,0.0617906683480454
154740,55294,2,1970,0.0617906683480454
204057,55294,2,1970,0.0617906683480454
225012,55294,2,1970,0.0617906683480454
211413,55294,2,1970,0.0617906683480454
205191,13362,2,1970,0.061224489795918366
209637,13362,2,1970,0.061224489795918366
213102,13362,2,1970,0.061224489795918366
157767,13362,2,1970,0.061224489795918366
178230,13362,2,1970,0.061224489795918366
217848,13362,2,1970,0.05970149253731343
231057,13362,2,1970,0.05970149253731343
242442,13362,2,1970,0.05970149253731343
207339,13362,2,1970,0.05970149253731343
243546,13362,2,1970,0.05970149253731343
217848,22644,2,1970,0.058823529411764705
231057,22644,2,1970,0.058823529411764705
243546,22644,2,1970,0.058823529411764705
207339,22644,2,1970,0.058823529411764705
242442,22644,2,1970,0.058823529411764705
203889,55294,2,1970,0.05737704918032787
159027,55294,2,1970,0.05737704918032787
203322,55294,2,1970,0.05737704918032787
203058,55294,2,1970,0.05737704918032787
212505,55294,2,1970,0.05737704918032787
238377,55294,2,1970,0.05737704918032787
211542,55294,2,1970,0.05737704918032787
229521,55294,2,1970,0.05737704918032787
211989,55294,2,1970,0.05737704918032787
59703,55294,2,1970,0.05737704918032787
154713,33288,2,1970,0.05555555555555555
208518,33288,2,1970,0.05405405405405406
167364,33288,2,1970,0.05405405405405406
236973,33288,2,1970,0.05405405405405406
229521,33288,2,1970,0.05327868852459016
211989,33288,2,1970,0.05327868852459016
238377,33288,2,1970,0.05327868852459016
203322,33288,2,1970,0.05327868852459016
159027,33288,2,1970,0.05327868852459016
203058,33288,2,1970,0.05327868852459016
212505,33288,2,1970,0.05327868852459016
203889,33288,2,1970,0.05327868852459016
59703,33288,2,1970,0.05327868852459016
211542,33288,2,1970,0.05327868852459016
208575,22644,2,1970,0.05263157894736842
208575,56892,2,1970,0.05263157894736842
211965,22644,2,1970,0.05263157894736842
211965,56892,2,1970,0.05263157894736842
208518,297016,2,1970,0.05170821791320406
208092,21632,2,1970,0.05170821791320406
173667,21632,2,1970,0.05170821791320406
154698,21632,2,1970,0.05170821791320406
173667,297016,2,1970,0.05170821791320406
154698,297016,2,1970,0.05170821791320406
236973,21632,2,1970,0.05170821791320406
208092,297016,2,1970,0.05170821791320406
251391,297016,2,1970,0.05170821791320406
60762,297016,2,1970,0.05170821791320406
236973,297016,2,1970,0.05170821791320406
199044,297016,2,1970,0.05170821791320406
191256,297016,2,1970,0.05170821791320406
208518,21632,2,1970,0.05170821791320406
227664,21632,2,1970,0.05170821791320406
199044,21632,2,1970,0.05170821791320406
167364,297016,2,1970,0.05170821791320406
206364,21632,2,1970,0.05170821791320406
60762,21632,2,1970,0.05170821791320406
249486,21632,2,1970,0.05170821791320406
251391,21632,2,1970,0.05170821791320406
167364,21632,2,1970,0.05170821791320406
227664,297016,2,1970,0.05170821791320406
191256,21632,2,1970,0.05170821791320406
249486,297016,2,1970,0.05170821791320406
206364,297016,2,1970,0.05170821791320406
220047,13362,2,1970,0.05
220047,22644,2,1970,0.05
220047,56892,2,1970,0.05
199044,1260,2,1970,0.046875
199044,34718,2,1970,0.046875
173667,34718,2,1970,0.046875
249486,34718,2,1970,0.046875
249486,1260,2,1970,0.046875
220047,1260,2,1970,0.046875
173667,1260,2,1970,0.046875
220047,34718,2,1970,0.046875
208575,33288,2,1970,0.046511627906976744
173667,1440,2,1970,0.046511627906976744
249486,1440,2,1970,0.046511627906976744
211965,33288,2,1970,0.046511627906976744
199044,1440,2,1970,0.046511627906976744
59703,60522,2,1970,0.0456989247311828
211542,60522,2,1970,0.0456989247311828
212505,60522,2,1970,0.0456989247311828
211542,11390,2,1970,0.0456989247311828
59703,11390,2,1970,0.0456989247311828
238377,60522,2,1970,0.0456989247311828
203322,11390,2,1970,0.0456989247311828
211989,11390,2,1970,0.0456989247311828
238377,11390,2,1970,0.0456989247311828
203322,60522,2,1970,0.0456989247311828
203889,11390,2,1970,0.0456989247311828
159027,60522,2,1970,0.0456989247311828
229521,60522,2,1970,0.0456989247311828
203889,60522,2,1970,0.0456989247311828
212505,11390,2,1970,0.0456989247311828
203058,11390,2,1970,0.0456989247311828
203058,60522,2,1970,0.0456989247311828
211989,60522,2,1970,0.0456989247311828
159027,11390,2,1970,0.0456989247311828
229521,11390,2,1970,0.0456989247311828
208575,1440,2,1970,0.045454545454545456
211965,1440,2,1970,0.045454545454545456
191256,56148,2,1970,0.03914590747330961
227664,56182,2,1970,0.03914590747330961
60762,56148,2,1970,0.03914590747330961
60762,56196,2,1970,0.03914590747330961
60762,56208,2,1970,0.03914590747330961
178230,56196,2,1970,0.03914590747330961
206364,56188,2,1970,0.03914590747330961
191256,56208,2,1970,0.03914590747330961
207339,56188,2,1970,0.03914590747330961
209637,56148,2,1970,0.03914590747330961
178230,56148,2,1970,0.03914590747330961
157767,56182,2,1970,0.03914590747330961
213102,56208,2,1970,0.03914590747330961
213102,56148,2,1970,0.03914590747330961
213102,56196,2,1970,0.03914590747330961
209637,56208,2,1970,0.03914590747330961
178230,56208,2,1970,0.03914590747330961
157767,56194,2,1970,0.03914590747330961
213102,56188,2,1970,0.03914590747330961
213102,56182,2,1970,0.03914590747330961
60762,56188,2,1970,0.03914590747330961
157767,56188,2,1970,0.03914590747330961
213102,56194,2,1970,0.03914590747330961
60762,56194,2,1970,0.03914590747330961
191256,56196,2,1970,0.03914590747330961
60762,56182,2,1970,0.03914590747330961
209637,56196,2,1970,0.03914590747330961
206364,56194,2,1970,0.03914590747330961
206364,56182,2,1970,0.03914590747330961
178230,56194,2,1970,0.03914590747330961
178230,56182,2,1970,0.03914590747330961
207339,56182,2,1970,0.03914590747330961
209637,56188,2,1970,0.03914590747330961
209637,56194,2,1970,0.03914590747330961
227664,56196,2,1970,0.03914590747330961
207339,56196,2,1970,0.03914590747330961
207339,56148,2,1970,0.03914590747330961
207339,56208,2,1970,0.03914590747330961
178230,56188,2,1970,0.03914590747330961
209637,56182,2,1970,0.03914590747330961
243546,56208,2,1970,0.03914590747330961
243546,56148,2,1970,0.03914590747330961
243546,56196,2,1970,0.03914590747330961
251391,56208,2,1970,0.03914590747330961
243546,56182,2,1970,0.03914590747330961
243546,56194,2,1970,0.03914590747330961
243546,56188,2,1970,0.03914590747330961
227664,56148,2,1970,0.03914590747330961
227664,56208,2,1970,0.03914590747330961
206364,56208,2,1970,0.03914590747330961
206364,56148,2,1970,0.03914590747330961
191256,56188,2,1970,0.03914590747330961
191256,56194,2,1970,0.03914590747330961
206364,56196,2,1970,0.03914590747330961
191256,56182,2,1970,0.03914590747330961
207339,56194,2,1970,0.03914590747330961
251391,56148,2,1970,0.03914590747330961
220047,56196,2,1970,0.03914590747330961
231057,56182,2,1970,0.03914590747330961
251391,56188,2,1970,0.03914590747330961
208092,56182,2,1970,0.03914590747330961
154698,56148,2,1970,0.03914590747330961
208092,56196,2,1970,0.03914590747330961
231057,56208,2,1970,0.03914590747330961
231057,56148,2,1970,0.03914590747330961
231057,56196,2,1970,0.03914590747330961
227664,56194,2,1970,0.03914590747330961
231057,56194,2,1970,0.03914590747330961
208092,56148,2,1970,0.03914590747330961
231057,56188,2,1970,0.03914590747330961
154698,56196,2,1970,0.03914590747330961
208092,56208,2,1970,0.03914590747330961
205191,56188,2,1970,0.03914590747330961
205191,56194,2,1970,0.03914590747330961
205191,56182,2,1970,0.03914590747330961
205191,56196,2,1970,0.03914590747330961
205191,56148,2,1970,0.03914590747330961
154698,56208,2,1970,0.03914590747330961
167364,56188,2,1970,0.03914590747330961
208092,56194,2,1970,0.03914590747330961
242442,56148,2,1970,0.03914590747330961
220047,56182,2,1970,0.03914590747330961
220047,56194,2,1970,0.03914590747330961
220047,56188,2,1970,0.03914590747330961
242442,56188,2,1970,0.03914590747330961
242442,56194,2,1970,0.03914590747330961
242442,56182,2,1970,0.03914590747330961
242442,56196,2,1970,0.03914590747330961
242442,56208,2,1970,0.03914590747330961
208092,56188,2,1970,0.03914590747330961
220047,56148,2,1970,0.03914590747330961
220047,56208,2,1970,0.03914590747330961
167364,56208,2,1970,0.03914590747330961
167364,56148,2,1970,0.03914590747330961
167364,56196,2,1970,0.03914590747330961
167364,56182,2,1970,0.03914590747330961
167364,56194,2,1970,0.03914590747330961
205191,56208,2,1970,0.03914590747330961
217848,56188,2,1970,0.03914590747330961
154698,56188,2,1970,0.03914590747330961
217848,56148,2,1970,0.03914590747330961
251391,56194,2,1970,0.03914590747330961
217848,56196,2,1970,0.03914590747330961
251391,56196,2,1970,0.03914590747330961
251391,56182,2,1970,0.03914590747330961
157767,56196,2,1970,0.03914590747330961
217848,56194,2,1970,0.03914590747330961
157767,56148,2,1970,0.03914590747330961
217848,56182,2,1970,0.03914590747330961
154698,56182,2,1970,0.03914590747330961
227664,56188,2,1970,0.03914590747330961
217848,56208,2,1970,0.03914590747330961
157767,56208,2,1970,0.03914590747330961
154698,56194,2,1970,0.03914590747330961
206442,1440,2,1970,0.03896103896103896
211542,1440,2,1970,0.03896103896103896
229521,1440,2,1970,0.03896103896103896
238377,1440,2,1970,0.03896103896103896
203058,1440,2,1970,0.03896103896103896
203889,1440,2,1970,0.03896103896103896
235932,1440,2,1970,0.03896103896103896
212505,1440,2,1970,0.03896103896103896
203322,1440,2,1970,0.03896103896103896
159027,1440,2,1970,0.03896103896103896
211989,1440,2,1970,0.03896103896103896
59703,1440,2,1970,0.03896103896103896
63690,1440,2,1970,0.03896103896103896
222225,1440,2,1970,0.03896103896103896
236973,53256,2,1970,0.038461538461538464
217848,53256,2,1970,0.038461538461538464
208518,53256,2,1970,0.038461538461538464
207339,53256,2,1970,0.038461538461538464
231057,53256,2,1970,0.038461538461538464
211965,53256,2,1970,0.038461538461538464
242442,53256,2,1970,0.038461538461538464
208575,53256,2,1970,0.038461538461538464
206364,53256,2,1970,0.038461538461538464
243546,53256,2,1970,0.038461538461538464
60762,56892,2,1970,0.0364963503649635
167364,56892,2,1970,0.0364963503649635
191256,56892,2,1970,0.0364963503649635
251391,56892,2,1970,0.0364963503649635
249486,56892,2,1970,0.0364963503649635
206364,56892,2,1970,0.0364963503649635
199044,56892,2,1970,0.0364963503649635
227664,56892,2,1970,0.0364963503649635
154698,56892,2,1970,0.0364963503649635
208092,56892,2,1970,0.0364963503649635
173667,56892,2,1970,0.0364963503649635
222225,33288,2,1970,0.03553299492385787
235932,33288,2,1970,0.03553299492385787
63690,33288,2,1970,0.03553299492385787
206442,33288,2,1970,0.03553299492385787
206364,33288,2,1970,0.034482758620689655
212505,56892,2,1970,0.03361344537815126
211989,56892,2,1970,0.03361344537815126
203889,56892,2,1970,0.03361344537815126
238377,56892,2,1970,0.03361344537815126
159027,56892,2,1970,0.03361344537815126
211542,56892,2,1970,0.03361344537815126
203322,56892,2,1970,0.03361344537815126
229521,56892,2,1970,0.03361344537815126
203058,56892,2,1970,0.03361344537815126
59703,56892,2,1970,0.03361344537815126
154698,296930,2,1970,0.03225806451612903
227664,296930,2,1970,0.03225806451612903
227664,26850,2,1970,0.03225806451612903
154698,26850,2,1970,0.03225806451612903
191256,296930,2,1970,0.03225806451612903
208092,26850,2,1970,0.03225806451612903
60762,26850,2,1970,0.03225806451612903
251391,296930,2,1970,0.03225806451612903
208092,296930,2,1970,0.03225806451612903
60762,296930,2,1970,0.03225806451612903
251391,26850,2,1970,0.03225806451612903
191256,26850,2,1970,0.03225806451612903
199044,33288,2,1970,0.03125
173667,33288,2,1970,0.03125
157080,11390,2,1970,0.030846185910796166
205947,60522,2,1970,0.030846185910796166
157080,60522,2,1970,0.030846185910796166
225972,11390,2,1970,0.030846185910796166
225012,60522,2,1970,0.030846185910796166
205947,11390,2,1970,0.030846185910796166
225012,11390,2,1970,0.030846185910796166
225972,60522,2,1970,0.030846185910796166
154146,11390,2,1970,0.030846185910796166
212475,11390,2,1970,0.030846185910796166
205812,11390,2,1970,0.030846185910796166
154551,11390,2,1970,0.030846185910796166
154383,11390,2,1970,0.030846185910796166
154383,60522,2,1970,0.030846185910796166
251253,11390,2,1970,0.030846185910796166
251253,60522,2,1970,0.030846185910796166
239115,11390,2,1970,0.030846185910796166
239115,60522,2,1970,0.030846185910796166
204762,11390,2,1970,0.030846185910796166
204762,60522,2,1970,0.030846185910796166
247548,11390,2,1970,0.030846185910796166
247548,60522,2,1970,0.030846185910796166
205812,60522,2,1970,0.030846185910796166
212475,60522,2,1970,0.030846185910796166
203277,11390,2,1970,0.030846185910796166
203277,60522,2,1970,0.030846185910796166
188106,11390,2,1970,0.030846185910796166
188106,60522,2,1970,0.030846185910796166
191247,11390,2,1970,0.030846185910796166
191247,60522,2,1970,0.030846185910796166
219420,11390,2,1970,0.030846185910796166
219420,60522,2,1970,0.030846185910796166
154740,11390,2,1970,0.030846185910796166
154740,60522,2,1970,0.030846185910796166
154146,60522,2,1970,0.030846185910796166
153744,60522,2,1970,0.030846185910796166
153744,11390,2,1970,0.030846185910796166
219381,60522,2,1970,0.030846185910796166
154551,60522,2,1970,0.030846185910796166
214194,60522,2,1970,0.030846185910796166
235458,11390,2,1970,0.030846185910796166
235458,60522,2,1970,0.030846185910796166
203256,11390,2,1970,0.030846185910796166
214194,11390,2,1970,0.030846185910796166
203256,60522,2,1970,0.030846185910796166
254118,11390,2,1970,0.030846185910796166
254118,60522,2,1970,0.030846185910796166
129264,11390,2,1970,0.030846185910796166
129264,60522,2,1970,0.030846185910796166
173940,11390,2,1970,0.030846185910796166
173940,60522,2,1970,0.030846185910796166
253053,11390,2,1970,0.030846185910796166
253053,60522,2,1970,0.030846185910796166
253146,11390,2,1970,0.030846185910796166
253146,60522,2,1970,0.030846185910796166
210627,11390,2,1970,0.030846185910796166
210627,60522,2,1970,0.030846185910796166
244680,11390,2,1970,0.030846185910796166
244680,60522,2,1970,0.030846185910796166
179790,11390,2,1970,0.030846185910796166
179790,60522,2,1970,0.030846185910796166
219381,11390,2,1970,0.030846185910796166
204411,60522,2,1970,0.030846185910796166
248724,60522,2,1970,0.030846185910796166
206616,60522,2,1970,0.030846185910796166
210810,60522,2,1970,0.030846185910796166
249159,11390,2,1970,0.030846185910796166
153912,60522,2,1970,0.030846185910796166
67056,60522,2,1970,0.030846185910796166
249159,60522,2,1970,0.030846185910796166
153912,11390,2,1970,0.030846185910796166
204522,60522,2,1970,0.030846185910796166
204522,11390,2,1970,0.030846185910796166
67056,11390,2,1970,0.030846185910796166
247956,60522,2,1970,0.030846185910796166
255489,11390,2,1970,0.030846185910796166
183672,11390,2,1970,0.030846185910796166
255489,60522,2,1970,0.030846185910796166
183672,60522,2,1970,0.030846185910796166
247956,11390,2,1970,0.030846185910796166
153882,11390,2,1970,0.030846185910796166
206076,60522,2,1970,0.030846185910796166
153882,60522,2,1970,0.030846185910796166
206076,11390,2,1970,0.030846185910796166
207216,11390,2,1970,0.030846185910796166
207216,60522,2,1970,0.030846185910796166
203241,60522,2,1970,0.030846185910796166
247029,11390,2,1970,0.030846185910796166
210810,11390,2,1970,0.030846185910796166
248724,11390,2,1970,0.030846185910796166
247029,60522,2,1970,0.030846185910796166
233427,11390,2,1970,0.030846185910796166
242409,11390,2,1970,0.030846185910796166
242409,60522,2,1970,0.030846185910796166
154011,60522,2,1970,0.030846185910796166
154011,11390,2,1970,0.030846185910796166
246054,60522,2,1970,0.030846185910796166
246054,11390,2,1970,0.030846185910796166
162960,11390,2,1970,0.030846185910796166
162960,60522,2,1970,0.030846185910796166
153600,11390,2,1970,0.030846185910796166
211413,11390,2,1970,0.030846185910796166
211413,60522,2,1970,0.030846185910796166
62811,60522,2,1970,0.030846185910796166
153600,60522,2,1970,0.030846185910796166
62811,11390,2,1970,0.030846185910796166
192714,60522,2,1970,0.030846185910796166
154743,60522,2,1970,0.030846185910796166
192714,11390,2,1970,0.030846185910796166
154743,11390,2,1970,0.030846185910796166
204057,11390,2,1970,0.030846185910796166
204057,60522,2,1970,0.030846185910796166
203241,11390,2,1970,0.030846185910796166
233427,60522,2,1970,0.030846185910796166
72108,11390,2,1970,0.030846185910796166
206616,11390,2,1970,0.030846185910796166
72108,60522,2,1970,0.030846185910796166
204411,11390,2,1970,0.030846185910796166
244680,1440,2,1970,0.02973977695167286
251253,1440,2,1970,0.02973977695167286
154743,1440,2,1970,0.02973977695167286
179790,1440,2,1970,0.02973977695167286
153882,1440,2,1970,0.02973977695167286
235458,1440,2,1970,0.02973977695167286
205947,1440,2,1970,0.02973977695167286
192714,1440,2,1970,0.02973977695167286
204057,1440,2,1970,0.02973977695167286
154740,1440,2,1970,0.02973977695167286
214194,1440,2,1970,0.02973977695167286
247956,1440,2,1970,0.02973977695167286
247548,1440,2,1970,0.02973977695167286
207216,1440,2,1970,0.02973977695167286
191247,1440,2,1970,0.02973977695167286
62811,1440,2,1970,0.02973977695167286
225012,1440,2,1970,0.02973977695167286
154551,1440,2,1970,0.02973977695167286
205812,1440,2,1970,0.02973977695167286
219420,1440,2,1970,0.02973977695167286
204522,1440,2,1970,0.02973977695167286
153912,1440,2,1970,0.02973977695167286
247029,1440,2,1970,0.02973977695167286
255489,1440,2,1970,0.02973977695167286
72108,1440,2,1970,0.02973977695167286
67056,1440,2,1970,0.02973977695167286
183672,1440,2,1970,0.02973977695167286
204411,1440,2,1970,0.02973977695167286
153744,1440,2,1970,0.02973977695167286
204762,1440,2,1970,0.02973977695167286
249159,1440,2,1970,0.02973977695167286
210810,1440,2,1970,0.02973977695167286
212475,1440,2,1970,0.02973977695167286
219381,1440,2,1970,0.02973977695167286
154383,1440,2,1970,0.02973977695167286
203256,1440,2,1970,0.02973977695167286
239115,1440,2,1970,0.02973977695167286
153600,1440,2,1970,0.02973977695167286
242409,1440,2,1970,0.02973977695167286
203241,1440,2,1970,0.02973977695167286
253053,1440,2,1970,0.02973977695167286
173940,1440,2,1970,0.02973977695167286
206616,1440,2,1970,0.02973977695167286
246054,1440,2,1970,0.02973977695167286
154011,1440,2,1970,0.02973977695167286
154146,1440,2,1970,0.02973977695167286
253146,1440,2,1970,0.02973977695167286
162960,1440,2,1970,0.02973977695167286
206076,1440,2,1970,0.02973977695167286
233427,1440,2,1970,0.02973977695167286
254118,1440,2,1970,0.02973977695167286
129264,1440,2,1970,0.02973977695167286
210627,1440,2,1970,0.02973977695167286
203277,1440,2,1970,0.02973977695167286
211413,1440,2,1970,0.02973977695167286
248724,1440,2,1970,0.02973977695167286
188106,1440,2,1970,0.02973977695167286
157080,1440,2,1970,0.02973977695167286
225972,1440,2,1970,0.02973977695167286
212475,296906,2,1970,0.027227722772277228
210810,296906,2,1970,0.027227722772277228
153912,296906,2,1970,0.027227722772277228
154146,296906,2,1970,0.027227722772277228
242409,296906,2,1970,0.027227722772277228
247029,296906,2,1970,0.027227722772277228
72108,296906,2,1970,0.027227722772277228
129264,296906,2,1970,0.027227722772277228
173940,296906,2,1970,0.027227722772277228
153744,296906,2,1970,0.027227722772277228
233427,296906,2,1970,0.027227722772277228
219420,296906,2,1970,0.027227722772277228
204411,296906,2,1970,0.027227722772277228
249159,296906,2,1970,0.027227722772277228
157080,296906,2,1970,0.027227722772277228
254118,296906,2,1970,0.027227722772277228
162960,296906,2,1970,0.027227722772277228
203256,296906,2,1970,0.027227722772277228
153600,296906,2,1970,0.027227722772277228
211413,296906,2,1970,0.027227722772277228
154740,296906,2,1970,0.027227722772277228
206616,296906,2,1970,0.027227722772277228
225012,296906,2,1970,0.027227722772277228
210627,296906,2,1970,0.027227722772277228
154011,296906,2,1970,0.027227722772277228
204057,296906,2,1970,0.027227722772277228
246054,296906,2,1970,0.027227722772277228
253053,296906,2,1970,0.027227722772277228
235458,296906,2,1970,0.027227722772277228
247548,296906,2,1970,0.027227722772277228
179790,296906,2,1970,0.027227722772277228
192714,296906,2,1970,0.027227722772277228
205812,296906,2,1970,0.027227722772277228
253146,296906,2,1970,0.027227722772277228
154743,296906,2,1970,0.027227722772277228
244680,296906,2,1970,0.027227722772277228
219381,296906,2,1970,0.027227722772277228
62811,296906,2,1970,0.027227722772277228
154551,296906,2,1970,0.027227722772277228
191247,296906,2,1970,0.027227722772277228
183672,296906,2,1970,0.027227722772277228
247956,296906,2,1970,0.027227722772277228
153882,296906,2,1970,0.027227722772277228
207216,296906,2,1970,0.027227722772277228
251253,296906,2,1970,0.027227722772277228
205947,296906,2,1970,0.027227722772277228
248724,296906,2,1970,0.027227722772277228
154383,296906,2,1970,0.027227722772277228
188106,296906,2,1970,0.027227722772277228
206076,296906,2,1970,0.027227722772277228
67056,296906,2,1970,0.027227722772277228
255489,296906,2,1970,0.027227722772277228
204762,296906,2,1970,0.027227722772277228
214194,296906,2,1970,0.027227722772277228
203277,296906,2,1970,0.027227722772277228
203241,296906,2,1970,0.027227722772277228
239115,296906,2,1970,0.027227722772277228
225972,296906,2,1970,0.027227722772277228
204522,296906,2,1970,0.027227722772277228
227664,53256,2,1970,0.02418207681365576
191256,53256,2,1970,0.02418207681365576
208092,53256,2,1970,0.02418207681365576
213102,53256,2,1970,0.02418207681365576
220047,53256,2,1970,0.02418207681365576
178230,53256,2,1970,0.02418207681365576
154698,53256,2,1970,0.02418207681365576
157767,53256,2,1970,0.02418207681365576
209637,53256,2,1970,0.02418207681365576
251391,53256,2,1970,0.02418207681365576
60762,53256,2,1970,0.02418207681365576
167364,53256,2,1970,0.02418207681365576
205191,53256,2,1970,0.02418207681365576
211965,13362,2,1970,0.023255813953488372
208575,13362,2,1970,0.023255813953488372
253146,33288,2,1970,0.021875
253053,33288,2,1970,0.021875
244680,33288,2,1970,0.021875
214194,33288,2,1970,0.021875
62811,33288,2,1970,0.021875
203277,33288,2,1970,0.021875
205947,33288,2,1970,0.021875
154011,33288,2,1970,0.021875
239115,33288,2,1970,0.021875
247548,33288,2,1970,0.021875
248724,33288,2,1970,0.021875
192714,33288,2,1970,0.021875
235458,33288,2,1970,0.021875
157080,33288,2,1970,0.021875
206616,33288,2,1970,0.021875
203241,33288,2,1970,0.021875
204522,33288,2,1970,0.021875
251253,33288,2,1970,0.021875
188106,33288,2,1970,0.021875
206076,33288,2,1970,0.021875
162960,33288,2,1970,0.021875
154743,33288,2,1970,0.021875
154146,33288,2,1970,0.021875
225972,33288,2,1970,0.021875
210627,33288,2,1970,0.021875
246054,33288,2,1970,0.021875
207216,33288,2,1970,0.021875
204411,33288,2,1970,0.021875
173940,33288,2,1970,0.021875
242409,33288,2,1970,0.021875
211413,33288,2,1970,0.021875
153600,33288,2,1970,0.021875
233427,33288,2,1970,0.021875
203256,33288,2,1970,0.021875
254118,33288,2,1970,0.021875
154740,33288,2,1970,0.021875
153882,33288,2,1970,0.021875
153744,33288,2,1970,0.021875
219420,33288,2,1970,0.021875
212475,33288,2,1970,0.021875
204762,33288,2,1970,0.021875
183672,33288,2,1970,0.021875
153912,33288,2,1970,0.021875
247956,33288,2,1970,0.021875
67056,33288,2,1970,0.021875
219381,33288,2,1970,0.021875
72108,33288,2,1970,0.021875
179790,33288,2,1970,0.021875
154551,33288,2,1970,0.021875
154383,33288,2,1970,0.021875
247029,33288,2,1970,0.021875
191247,33288,2,1970,0.021875
225012,33288,2,1970,0.021875
204057,33288,2,1970,0.021875
129264,33288,2,1970,0.021875
255489,33288,2,1970,0.021875
210810,33288,2,1970,0.021875
205812,33288,2,1970,0.021875
249159,33288,2,1970,0.021875
206442,1260,2,1970,0.020833333333333332
63690,1260,2,1970,0.020833333333333332
222225,34718,2,1970,0.020833333333333332
235932,1260,2,1970,0.020833333333333332
222225,1260,2,1970,0.020833333333333332
206442,34718,2,1970,0.020833333333333332
63690,34718,2,1970,0.020833333333333332
235932,34718,2,1970,0.020833333333333332
178230,22644,2,1970,0.020689655172413793
205191,22644,2,1970,0.020689655172413793
209637,22644,2,1970,0.020689655172413793
157767,56892,2,1970,0.020689655172413793
157767,22644,2,1970,0.020689655172413793
209637,56892,2,1970,0.020689655172413793
213102,22644,2,1970,0.020689655172413793
213102,56892,2,1970,0.020689655172413793
205191,56892,2,1970,0.020689655172413793
178230,56892,2,1970,0.020689655172413793
222225,11390,2,1970,0.019736842105263157
235932,60522,2,1970,0.019736842105263157
235932,11390,2,1970,0.019736842105263157
63690,60522,2,1970,0.019736842105263157
63690,11390,2,1970,0.019736842105263157
222225,60522,2,1970,0.019736842105263157
206442,60522,2,1970,0.019736842105263157
206442,11390,2,1970,0.019736842105263157
206442,296906,2,1970,0.0196078431372549
63690,296906,2,1970,0.0196078431372549
235932,296906,2,1970,0.0196078431372549
222225,296906,2,1970,0.0196078431372549
204522,56892,2,1970,0.018820577164366373
129264,56892,2,1970,0.018820577164366373
246054,56892,2,1970,0.018820577164366373
247029,56892,2,1970,0.018820577164366373
253146,56892,2,1970,0.018820577164366373
72108,56892,2,1970,0.018820577164366373
67056,56892,2,1970,0.018820577164366373
233427,56892,2,1970,0.018820577164366373
203241,56892,2,1970,0.018820577164366373
205812,56892,2,1970,0.018820577164366373
206616,56892,2,1970,0.018820577164366373
253053,56892,2,1970,0.018820577164366373
254118,56892,2,1970,0.018820577164366373
153744,56892,2,1970,0.018820577164366373
191247,56892,2,1970,0.018820577164366373
225012,56892,2,1970,0.018820577164366373
154146,56892,2,1970,0.018820577164366373
154011,56892,2,1970,0.018820577164366373
242409,56892,2,1970,0.018820577164366373
157080,56892,2,1970,0.018820577164366373
173940,56892,2,1970,0.018820577164366373
153912,56892,2,1970,0.018820577164366373
248724,56892,2,1970,0.018820577164366373
204762,56892,2,1970,0.018820577164366373
203277,56892,2,1970,0.018820577164366373
249159,56892,2,1970,0.018820577164366373
210810,56892,2,1970,0.018820577164366373
204411,56892,2,1970,0.018820577164366373
225972,56892,2,1970,0.018820577164366373
203256,56892,2,1970,0.018820577164366373
219381,56892,2,1970,0.018820577164366373
153600,56892,2,1970,0.018820577164366373
204057,56892,2,1970,0.018820577164366373
162960,56892,2,1970,0.018820577164366373
247548,56892,2,1970,0.018820577164366373
214194,56892,2,1970,0.018820577164366373
154740,56892,2,1970,0.018820577164366373
244680,56892,2,1970,0.018820577164366373
219420,56892,2,1970,0.018820577164366373
62811,56892,2,1970,0.018820577164366373
188106,56892,2,1970,0.018820577164366373
212475,56892,2,1970,0.018820577164366373
179790,56892,2,1970,0.018820577164366373
235458,56892,2,1970,0.018820577164366373
192714,56892,2,1970,0.018820577164366373
205947,56892,2,1970,0.018820577164366373
154743,56892,2,1970,0.018820577164366373
211413,56892,2,1970,0.018820577164366373
154383,56892,2,1970,0.018820577164366373
154551,56892,2,1970,0.018820577164366373
239115,56892,2,1970,0.018820577164366373
207216,56892,2,1970,0.018820577164366373
183672,56892,2,1970,0.018820577164366373
153882,56892,2,1970,0.018820577164366373
210627,56892,2,1970,0.018820577164366373
251253,56892,2,1970,0.018820577164366373
255489,56892,2,1970,0.018820577164366373
247956,56892,2,1970,0.018820577164366373
206076,56892,2,1970,0.018820577164366373
208518,13362,2,1970,0.017429193899782137
208518,22644,2,1970,0.017429193899782137
167364,13362,2,1970,0.017429193899782137
191256,13362,2,1970,0.017429193899782137
206364,13362,2,1970,0.017429193899782137
199044,22644,2,1970,0.017429193899782137
249486,22644,2,1970,0.017429193899782137
251391,13362,2,1970,0.017429193899782137
236973,13362,2,1970,0.017429193899782137
191256,22644,2,1970,0.017429193899782137
249486,13362,2,1970,0.017429193899782137
167364,22644,2,1970,0.017429193899782137
208092,13362,2,1970,0.017429193899782137
154698,13362,2,1970,0.017429193899782137
60762,22644,2,1970,0.017429193899782137
173667,22644,2,1970,0.017429193899782137
199044,13362,2,1970,0.017429193899782137
227664,13362,2,1970,0.017429193899782137
154698,22644,2,1970,0.017429193899782137
173667,13362,2,1970,0.017429193899782137
236973,22644,2,1970,0.017429193899782137
227664,22644,2,1970,0.017429193899782137
251391,22644,2,1970,0.017429193899782137
60762,13362,2,1970,0.017429193899782137
208092,22644,2,1970,0.017429193899782137
206364,22644,2,1970,0.017429193899782137
60762,296994,2,1970,0.01639344262295082
60762,297782,2,1970,0.01639344262295082
251391,296994,2,1970,0.01639344262295082
60762,23492,2,1970,0.01639344262295082
60762,40902,2,1970,0.01639344262295082
251391,297782,2,1970,0.01639344262295082
251391,40902,2,1970,0.01639344262295082
251391,23492,2,1970,0.01639344262295082
208092,40902,2,1970,0.01639344262295082
191256,40902,2,1970,0.01639344262295082
154698,297782,2,1970,0.01639344262295082
154698,296994,2,1970,0.01639344262295082
191256,297782,2,1970,0.01639344262295082
154698,23492,2,1970,0.01639344262295082
191256,296994,2,1970,0.01639344262295082
227664,23492,2,1970,0.01639344262295082
191256,23492,2,1970,0.01639344262295082
227664,40902,2,1970,0.01639344262295082
227664,297782,2,1970,0.01639344262295082
208092,23492,2,1970,0.01639344262295082
154698,40902,2,1970,0.01639344262295082
227664,296994,2,1970,0.01639344262295082
208092,296994,2,1970,0.01639344262295082
208092,297782,2,1970,0.01639344262295082
251391,1440,2,1970,0.015151515151515152
154698,1440,2,1970,0.015151515151515152
220047,1440,2,1970,0.015151515151515152
191256,1440,2,1970,0.015151515151515152
227664,1440,2,1970,0.015151515151515152
208092,1440,2,1970,0.015151515151515152
60762,1440,2,1970,0.015151515151515152
183672,23492,2,1970,0.010327530244910003
247956,56196,2,1970,0.010327530244910003
183672,56196,2,1970,0.010327530244910003
154383,56242,2,1970,0.010327530244910003
154383,56196,2,1970,0.010327530244910003
154383,56194,2,1970,0.010327530244910003
154383,56220,2,1970,0.010327530244910003
154383,23492,2,1970,0.010327530244910003
247956,56242,2,1970,0.010327530244910003
247956,56208,2,1970,0.010327530244910003
183672,56242,2,1970,0.010327530244910003
154383,48182,2,1970,0.010327530244910003
183672,53256,2,1970,0.010327530244910003
154383,56152,2,1970,0.010327530244910003
183672,56208,2,1970,0.010327530244910003
154383,21632,2,1970,0.010327530244910003
154383,46630,2,1970,0.010327530244910003
183672,297016,2,1970,0.010327530244910003
154383,296994,2,1970,0.010327530244910003
247956,297016,2,1970,0.010327530244910003
247956,53256,2,1970,0.010327530244910003
183672,56148,2,1970,0.010327530244910003
247956,56148,2,1970,0.010327530244910003
129264,56242,2,1970,0.010327530244910003
154383,297016,2,1970,0.010327530244910003
247956,23492,2,1970,0.010327530244910003
251253,21632,2,1970,0.010327530244910003
207216,56152,2,1970,0.010327530244910003
251253,296994,2,1970,0.010327530244910003
247956,56194,2,1970,0.010327530244910003
247956,56220,2,1970,0.010327530244910003
251253,48182,2,1970,0.010327530244910003
251253,46630,2,1970,0.010327530244910003
205947,56148,2,1970,0.010327530244910003
207216,21632,2,1970,0.010327530244910003
205947,297016,2,1970,0.010327530244910003
207216,23492,2,1970,0.010327530244910003
251253,56152,2,1970,0.010327530244910003
205947,56242,2,1970,0.010327530244910003
205947,56196,2,1970,0.010327530244910003
206076,53256,2,1970,0.010327530244910003
251253,56194,2,1970,0.010327530244910003
207216,46630,2,1970,0.010327530244910003
207216,56220,2,1970,0.010327530244910003
205947,53256,2,1970,0.010327530244910003
207216,56194,2,1970,0.010327530244910003
204522,56220,2,1970,0.010327530244910003
154383,56148,2,1970,0.010327530244910003
207216,296994,2,1970,0.010327530244910003
207216,48182,2,1970,0.010327530244910003
247956,56152,2,1970,0.010327530244910003
247956,21632,2,1970,0.010327530244910003
205947,56208,2,1970,0.010327530244910003
154383,56208,2,1970,0.010327530244910003
154383,53256,2,1970,0.010327530244910003
247956,46630,2,1970,0.010327530244910003
247956,48182,2,1970,0.010327530244910003
247956,296994,2,1970,0.010327530244910003
251253,56220,2,1970,0.010327530244910003
238377,56220,2,1970,0.010327530244910003
204522,56194,2,1970,0.010327530244910003
251253,23492,2,1970,0.010327530244910003
247029,48182,2,1970,0.010327530244910003
247029,56194,2,1970,0.010327530244910003
247029,56220,2,1970,0.010327530244910003
238377,297016,2,1970,0.010327530244910003
153912,53256,2,1970,0.010327530244910003
153912,56208,2,1970,0.010327530244910003
153912,56148,2,1970,0.010327530244910003
153912,297016,2,1970,0.010327530244910003
249159,53256,2,1970,0.010327530244910003
183672,56220,2,1970,0.010327530244910003
238377,56242,2,1970,0.010327530244910003
153912,56242,2,1970,0.010327530244910003
153912,56196,2,1970,0.010327530244910003
153912,23492,2,1970,0.010327530244910003
183672,56194,2,1970,0.010327530244910003
238377,56196,2,1970,0.010327530244910003
153912,56152,2,1970,0.010327530244910003
153912,21632,2,1970,0.010327530244910003
247029,296994,2,1970,0.010327530244910003
247029,46630,2,1970,0.010327530244910003
153912,48182,2,1970,0.010327530244910003
247029,21632,2,1970,0.010327530244910003
153744,23492,2,1970,0.010327530244910003
153744,56196,2,1970,0.010327530244910003
238377,53256,2,1970,0.010327530244910003
247029,56242,2,1970,0.010327530244910003
153744,56242,2,1970,0.010327530244910003
238377,56208,2,1970,0.010327530244910003
247029,56196,2,1970,0.010327530244910003
247029,23492,2,1970,0.010327530244910003
249159,297016,2,1970,0.010327530244910003
153744,297016,2,1970,0.010327530244910003
249159,56148,2,1970,0.010327530244910003
153744,56148,2,1970,0.010327530244910003
249159,56208,2,1970,0.010327530244910003
238377,56148,2,1970,0.010327530244910003
247029,56152,2,1970,0.010327530244910003
153744,56208,2,1970,0.010327530244910003
153744,53256,2,1970,0.010327530244910003
153912,46630,2,1970,0.010327530244910003
153912,296994,2,1970,0.010327530244910003
211542,53256,2,1970,0.010327530244910003
183672,21632,2,1970,0.010327530244910003
204522,56196,2,1970,0.010327530244910003
211542,23492,2,1970,0.010327530244910003
211542,56196,2,1970,0.010327530244910003
204522,23492,2,1970,0.010327530244910003
238377,48182,2,1970,0.010327530244910003
211542,56242,2,1970,0.010327530244910003
183672,56152,2,1970,0.010327530244910003
204522,56152,2,1970,0.010327530244910003
204522,21632,2,1970,0.010327530244910003
238377,296994,2,1970,0.010327530244910003
204522,46630,2,1970,0.010327530244910003
211542,297016,2,1970,0.010327530244910003
211542,56148,2,1970,0.010327530244910003
204522,48182,2,1970,0.010327530244910003
204522,296994,2,1970,0.010327530244910003
211542,56208,2,1970,0.010327530244910003
238377,56194,2,1970,0.010327530244910003
211542,56152,2,1970,0.010327530244910003
204522,56242,2,1970,0.010327530244910003
153912,56194,2,1970,0.010327530244910003
211542,21632,2,1970,0.010327530244910003
153912,56220,2,1970,0.010327530244910003
238377,23492,2,1970,0.010327530244910003
183672,296994,2,1970,0.010327530244910003
204522,53256,2,1970,0.010327530244910003
204522,56208,2,1970,0.010327530244910003
211542,56220,2,1970,0.010327530244910003
211542,56194,2,1970,0.010327530244910003
183672,48182,2,1970,0.010327530244910003
211542,296994,2,1970,0.010327530244910003
204522,56148,2,1970,0.010327530244910003
204522,297016,2,1970,0.010327530244910003
238377,56152,2,1970,0.010327530244910003
211542,48182,2,1970,0.010327530244910003
183672,46630,2,1970,0.010327530244910003
238377,21632,2,1970,0.010327530244910003
211542,46630,2,1970,0.010327530244910003
238377,46630,2,1970,0.010327530244910003
205947,23492,2,1970,0.010327530244910003
206076,56148,2,1970,0.010327530244910003
251253,56196,2,1970,0.010327530244910003
225012,56196,2,1970,0.010327530244910003
204762,56148,2,1970,0.010327530244910003
72108,23492,2,1970,0.010327530244910003
204411,56152,2,1970,0.010327530244910003
225012,56242,2,1970,0.010327530244910003
204411,23492,2,1970,0.010327530244910003
204762,56208,2,1970,0.010327530244910003
204762,53256,2,1970,0.010327530244910003
72108,56152,2,1970,0.010327530244910003
225012,297016,2,1970,0.010327530244910003
72108,21632,2,1970,0.010327530244910003
72108,46630,2,1970,0.010327530244910003
72108,48182,2,1970,0.010327530244910003
247548,56220,2,1970,0.010327530244910003
247548,56194,2,1970,0.010327530244910003
247548,296994,2,1970,0.010327530244910003
72108,296994,2,1970,0.010327530244910003
204762,297016,2,1970,0.010327530244910003
72108,56196,2,1970,0.010327530244910003
72108,56194,2,1970,0.010327530244910003
225012,53256,2,1970,0.010327530244910003
204762,46630,2,1970,0.010327530244910003
204762,21632,2,1970,0.010327530244910003
72108,56148,2,1970,0.010327530244910003
204762,56152,2,1970,0.010327530244910003
204411,56194,2,1970,0.010327530244910003
72108,297016,2,1970,0.010327530244910003
204411,296994,2,1970,0.010327530244910003
204762,23492,2,1970,0.010327530244910003
72108,56242,2,1970,0.010327530244910003
204762,56196,2,1970,0.010327530244910003
225012,56208,2,1970,0.010327530244910003
204411,48182,2,1970,0.010327530244910003
204411,46630,2,1970,0.010327530244910003
204762,56242,2,1970,0.010327530244910003
204411,21632,2,1970,0.010327530244910003
225012,56148,2,1970,0.010327530244910003
247548,48182,2,1970,0.010327530244910003
72108,56220,2,1970,0.010327530244910003
207216,56196,2,1970,0.010327530244910003
225012,56220,2,1970,0.010327530244910003
206442,56242,2,1970,0.010327530244910003
206442,56196,2,1970,0.010327530244910003
247548,56208,2,1970,0.010327530244910003
247548,53256,2,1970,0.010327530244910003
225012,296994,2,1970,0.010327530244910003
225012,56194,2,1970,0.010327530244910003
206442,23492,2,1970,0.010327530244910003
204411,56208,2,1970,0.010327530244910003
204411,297016,2,1970,0.010327530244910003
206442,56152,2,1970,0.010327530244910003
206442,21632,2,1970,0.010327530244910003
206442,46630,2,1970,0.010327530244910003
206442,48182,2,1970,0.010327530244910003
206442,296994,2,1970,0.010327530244910003
204411,53256,2,1970,0.010327530244910003
206442,56194,2,1970,0.010327530244910003
204411,56148,2,1970,0.010327530244910003
247548,56148,2,1970,0.010327530244910003
247548,46630,2,1970,0.010327530244910003
206442,53256,2,1970,0.010327530244910003
247548,21632,2,1970,0.010327530244910003
247548,56152,2,1970,0.010327530244910003
225012,23492,2,1970,0.010327530244910003
204411,56196,2,1970,0.010327530244910003
225012,56152,2,1970,0.010327530244910003
247548,23492,2,1970,0.010327530244910003
247548,56196,2,1970,0.010327530244910003
204411,56242,2,1970,0.010327530244910003
225012,48182,2,1970,0.010327530244910003
247548,56242,2,1970,0.010327530244910003
225012,21632,2,1970,0.010327530244910003
206442,56208,2,1970,0.010327530244910003
206442,56148,2,1970,0.010327530244910003
206442,297016,2,1970,0.010327530244910003
225012,46630,2,1970,0.010327530244910003
247548,297016,2,1970,0.010327530244910003
72108,56208,2,1970,0.010327530244910003
204762,48182,2,1970,0.010327530244910003
72108,53256,2,1970,0.010327530244910003
206076,56194,2,1970,0.010327530244910003
205947,56194,2,1970,0.010327530244910003
205947,56220,2,1970,0.010327530244910003
206076,56152,2,1970,0.010327530244910003
206076,21632,2,1970,0.010327530244910003
206076,46630,2,1970,0.010327530244910003
206076,48182,2,1970,0.010327530244910003
212505,56196,2,1970,0.010327530244910003
207216,53256,2,1970,0.010327530244910003
207216,56208,2,1970,0.010327530244910003
206076,56220,2,1970,0.010327530244910003
157080,53256,2,1970,0.010327530244910003
203241,53256,2,1970,0.010327530244910003
203241,56208,2,1970,0.010327530244910003
203241,56148,2,1970,0.010327530244910003
203241,297016,2,1970,0.010327530244910003
157080,56208,2,1970,0.010327530244910003
205947,296994,2,1970,0.010327530244910003
206076,23492,2,1970,0.010327530244910003
204411,56220,2,1970,0.010327530244910003
205947,46630,2,1970,0.010327530244910003
206076,56208,2,1970,0.010327530244910003
249159,56196,2,1970,0.010327530244910003
251253,56242,2,1970,0.010327530244910003
207216,56242,2,1970,0.010327530244910003
206076,297016,2,1970,0.010327530244910003
205947,56152,2,1970,0.010327530244910003
205947,21632,2,1970,0.010327530244910003
205947,48182,2,1970,0.010327530244910003
251253,53256,2,1970,0.010327530244910003
207216,297016,2,1970,0.010327530244910003
251253,297016,2,1970,0.010327530244910003
207216,56148,2,1970,0.010327530244910003
251253,56148,2,1970,0.010327530244910003
206076,56242,2,1970,0.010327530244910003
206076,56196,2,1970,0.010327530244910003
251253,56208,2,1970,0.010327530244910003
157080,56148,2,1970,0.010327530244910003
203241,56242,2,1970,0.010327530244910003
157080,297016,2,1970,0.010327530244910003
157080,56194,2,1970,0.010327530244910003
203241,56220,2,1970,0.010327530244910003
239115,23492,2,1970,0.010327530244910003
239115,56196,2,1970,0.010327530244910003
239115,56242,2,1970,0.010327530244910003
157080,46630,2,1970,0.010327530244910003
157080,48182,2,1970,0.010327530244910003
157080,296994,2,1970,0.010327530244910003
239115,297016,2,1970,0.010327530244910003
203241,56196,2,1970,0.010327530244910003
239115,56148,2,1970,0.010327530244910003
239115,56208,2,1970,0.010327530244910003
239115,53256,2,1970,0.010327530244910003
204762,56220,2,1970,0.010327530244910003
204762,56194,2,1970,0.010327530244910003
204762,296994,2,1970,0.010327530244910003
157080,56220,2,1970,0.010327530244910003
157080,21632,2,1970,0.010327530244910003
157080,56152,2,1970,0.010327530244910003
203241,56194,2,1970,0.010327530244910003
157080,23492,2,1970,0.010327530244910003
203241,23492,2,1970,0.010327530244910003
157080,56242,2,1970,0.010327530244910003
203241,56152,2,1970,0.010327530244910003
203241,21632,2,1970,0.010327530244910003
239115,56220,2,1970,0.010327530244910003
239115,56194,2,1970,0.010327530244910003
239115,296994,2,1970,0.010327530244910003
203241,46630,2,1970,0.010327530244910003
203241,48182,2,1970,0.010327530244910003
239115,48182,2,1970,0.010327530244910003
203241,296994,2,1970,0.010327530244910003
239115,46630,2,1970,0.010327530244910003
239115,21632,2,1970,0.010327530244910003
239115,56152,2,1970,0.010327530244910003
157080,56196,2,1970,0.010327530244910003
249159,56242,2,1970,0.010327530244910003
249159,23492,2,1970,0.010327530244910003
212475,56220,2,1970,0.010327530244910003
246054,21632,2,1970,0.010327530244910003
162960,296994,2,1970,0.010327530244910003
162960,48182,2,1970,0.010327530244910003
162960,46630,2,1970,0.010327530244910003
253146,23492,2,1970,0.010327530244910003
162960,21632,2,1970,0.010327530244910003
253146,56196,2,1970,0.010327530244910003
246054,56152,2,1970,0.010327530244910003
253146,56242,2,1970,0.010327530244910003
162960,56194,2,1970,0.010327530244910003
162960,56152,2,1970,0.010327530244910003
246054,46630,2,1970,0.010327530244910003
246054,48182,2,1970,0.010327530244910003
162960,23492,2,1970,0.010327530244910003
253146,297016,2,1970,0.010327530244910003
162960,56196,2,1970,0.010327530244910003
253146,56148,2,1970,0.010327530244910003
253146,56152,2,1970,0.010327530244910003
162960,56220,2,1970,0.010327530244910003
244680,56220,2,1970,0.010327530244910003
253146,56220,2,1970,0.010327530244910003
253053,56208,2,1970,0.010327530244910003
253053,53256,2,1970,0.010327530244910003
246054,56148,2,1970,0.010327530244910003
246054,297016,2,1970,0.010327530244910003
254118,296994,2,1970,0.010327530244910003
254118,56194,2,1970,0.010327530244910003
254118,56220,2,1970,0.010327530244910003
253146,56194,2,1970,0.010327530244910003
253146,21632,2,1970,0.010327530244910003
253146,296994,2,1970,0.010327530244910003
229521,53256,2,1970,0.010327530244910003
246054,56242,2,1970,0.010327530244910003
246054,56196,2,1970,0.010327530244910003
253146,48182,2,1970,0.010327530244910003
246054,23492,2,1970,0.010327530244910003
253146,46630,2,1970,0.010327530244910003
246054,296994,2,1970,0.010327530244910003
246054,56194,2,1970,0.010327530244910003
246054,56220,2,1970,0.010327530244910003
210627,56148,2,1970,0.010327530244910003
153600,296994,2,1970,0.010327530244910003
153600,48182,2,1970,0.010327530244910003
153600,46630,2,1970,0.010327530244910003
153600,21632,2,1970,0.010327530244910003
153600,56152,2,1970,0.010327530244910003
210627,297016,2,1970,0.010327530244910003
203256,53256,2,1970,0.010327530244910003
203256,56208,2,1970,0.010327530244910003
162960,56242,2,1970,0.010327530244910003
210627,56208,2,1970,0.010327530244910003
210627,53256,2,1970,0.010327530244910003
153600,23492,2,1970,0.010327530244910003
203256,56148,2,1970,0.010327530244910003
203256,297016,2,1970,0.010327530244910003
153600,56196,2,1970,0.010327530244910003
153600,56242,2,1970,0.010327530244910003
153600,56194,2,1970,0.010327530244910003
210627,56242,2,1970,0.010327530244910003
210627,56196,2,1970,0.010327530244910003
206442,56220,2,1970,0.010327530244910003
162960,297016,2,1970,0.010327530244910003
253146,56208,2,1970,0.010327530244910003
253146,53256,2,1970,0.010327530244910003
210627,56220,2,1970,0.010327530244910003
210627,56194,2,1970,0.010327530244910003
210627,296994,2,1970,0.010327530244910003
210627,48182,2,1970,0.010327530244910003
162960,56148,2,1970,0.010327530244910003
210627,46630,2,1970,0.010327530244910003
210627,21632,2,1970,0.010327530244910003
210627,56152,2,1970,0.010327530244910003
162960,56208,2,1970,0.010327530244910003
162960,53256,2,1970,0.010327530244910003
210627,23492,2,1970,0.010327530244910003
153600,56220,2,1970,0.010327530244910003
246054,56208,2,1970,0.010327530244910003
246054,53256,2,1970,0.010327530244910003
229521,56208,2,1970,0.010327530244910003
229521,296994,2,1970,0.010327530244910003
173940,56220,2,1970,0.010327530244910003
173940,56194,2,1970,0.010327530244910003
229521,56194,2,1970,0.010327530244910003
254118,53256,2,1970,0.010327530244910003
254118,56208,2,1970,0.010327530244910003
173940,296994,2,1970,0.010327530244910003
233427,23492,2,1970,0.010327530244910003
229521,48182,2,1970,0.010327530244910003
229521,21632,2,1970,0.010327530244910003
173940,48182,2,1970,0.010327530244910003
229521,46630,2,1970,0.010327530244910003
173940,46630,2,1970,0.010327530244910003
173940,21632,2,1970,0.010327530244910003
233427,56152,2,1970,0.010327530244910003
173940,56152,2,1970,0.010327530244910003
254118,56148,2,1970,0.010327530244910003
229521,56220,2,1970,0.010327530244910003
233427,56196,2,1970,0.010327530244910003
233427,56242,2,1970,0.010327530244910003
129264,56220,2,1970,0.010327530244910003
129264,23492,2,1970,0.010327530244910003
233427,53256,2,1970,0.010327530244910003
129264,56152,2,1970,0.010327530244910003
129264,21632,2,1970,0.010327530244910003
129264,297016,2,1970,0.010327530244910003
129264,56148,2,1970,0.010327530244910003
129264,46630,2,1970,0.010327530244910003
233427,56208,2,1970,0.010327530244910003
129264,48182,2,1970,0.010327530244910003
233427,56148,2,1970,0.010327530244910003
233427,297016,2,1970,0.010327530244910003
129264,296994,2,1970,0.010327530244910003
129264,56208,2,1970,0.010327530244910003
129264,53256,2,1970,0.010327530244910003
129264,56194,2,1970,0.010327530244910003
254118,297016,2,1970,0.010327530244910003
233427,21632,2,1970,0.010327530244910003
253053,56148,2,1970,0.010327530244910003
254118,46630,2,1970,0.010327530244910003
253053,48182,2,1970,0.010327530244910003
253053,46630,2,1970,0.010327530244910003
254118,56152,2,1970,0.010327530244910003
253053,21632,2,1970,0.010327530244910003
253053,56152,2,1970,0.010327530244910003
229521,56196,2,1970,0.010327530244910003
254118,21632,2,1970,0.010327530244910003
253053,23492,2,1970,0.010327530244910003
229521,56152,2,1970,0.010327530244910003
253053,56196,2,1970,0.010327530244910003
253053,56242,2,1970,0.010327530244910003
229521,56242,2,1970,0.010327530244910003
229521,297016,2,1970,0.010327530244910003
254118,48182,2,1970,0.010327530244910003
229521,56148,2,1970,0.010327530244910003
253053,297016,2,1970,0.010327530244910003
254118,23492,2,1970,0.010327530244910003
253053,296994,2,1970,0.010327530244910003
253053,56194,2,1970,0.010327530244910003
253053,56220,2,1970,0.010327530244910003
254118,56242,2,1970,0.010327530244910003
173940,23492,2,1970,0.010327530244910003
173940,56196,2,1970,0.010327530244910003
233427,46630,2,1970,0.010327530244910003
233427,48182,2,1970,0.010327530244910003
173940,56242,2,1970,0.010327530244910003
229521,23492,2,1970,0.010327530244910003
233427,296994,2,1970,0.010327530244910003
233427,56194,2,1970,0.010327530244910003
254118,56196,2,1970,0.010327530244910003
173940,297016,2,1970,0.010327530244910003
173940,56148,2,1970,0.010327530244910003
233427,56220,2,1970,0.010327530244910003
173940,56208,2,1970,0.010327530244910003
173940,53256,2,1970,0.010327530244910003
203256,56242,2,1970,0.010327530244910003
244680,56194,2,1970,0.010327530244910003
212475,56194,2,1970,0.010327530244910003
59703,56148,2,1970,0.010327530244910003
154743,56220,2,1970,0.010327530244910003
59703,53256,2,1970,0.010327530244910003
219381,56220,2,1970,0.010327530244910003
249159,56194,2,1970,0.010327530244910003
219381,56194,2,1970,0.010327530244910003
219381,296994,2,1970,0.010327530244910003
59703,56208,2,1970,0.010327530244910003
249159,296994,2,1970,0.010327530244910003
179790,53256,2,1970,0.010327530244910003
219381,48182,2,1970,0.010327530244910003
59703,297016,2,1970,0.010327530244910003
59703,56242,2,1970,0.010327530244910003
219381,46630,2,1970,0.010327530244910003
219381,21632,2,1970,0.010327530244910003
59703,56196,2,1970,0.010327530244910003
219381,56152,2,1970,0.010327530244910003
154743,56194,2,1970,0.010327530244910003
179790,56208,2,1970,0.010327530244910003
153600,297016,2,1970,0.010327530244910003
249159,56220,2,1970,0.010327530244910003
235458,56194,2,1970,0.010327530244910003
235458,56220,2,1970,0.010327530244910003
212475,53256,2,1970,0.010327530244910003
179790,23492,2,1970,0.010327530244910003
179790,56196,2,1970,0.010327530244910003
212475,56208,2,1970,0.010327530244910003
179790,56242,2,1970,0.010327530244910003
212475,56148,2,1970,0.010327530244910003
154743,296994,2,1970,0.010327530244910003
154743,56152,2,1970,0.010327530244910003
154743,21632,2,1970,0.010327530244910003
154743,46630,2,1970,0.010327530244910003
212475,297016,2,1970,0.010327530244910003
179790,297016,2,1970,0.010327530244910003
179790,56148,2,1970,0.010327530244910003
154743,48182,2,1970,0.010327530244910003
212475,56242,2,1970,0.010327530244910003
249159,48182,2,1970,0.010327530244910003
249159,46630,2,1970,0.010327530244910003
247029,56148,2,1970,0.010327530244910003
153744,56194,2,1970,0.010327530244910003
249159,56152,2,1970,0.010327530244910003
153744,296994,2,1970,0.010327530244910003
212475,21632,2,1970,0.010327530244910003
247029,53256,2,1970,0.010327530244910003
153744,48182,2,1970,0.010327530244910003
247029,56208,2,1970,0.010327530244910003
153744,46630,2,1970,0.010327530244910003
219381,23492,2,1970,0.010327530244910003
212475,46630,2,1970,0.010327530244910003
212475,48182,2,1970,0.010327530244910003
129264,56196,2,1970,0.010327530244910003
153744,21632,2,1970,0.010327530244910003
247029,297016,2,1970,0.010327530244910003
153744,56152,2,1970,0.010327530244910003
212475,296994,2,1970,0.010327530244910003
212475,56152,2,1970,0.010327530244910003
153744,56220,2,1970,0.010327530244910003
59703,56220,2,1970,0.010327530244910003
59703,56194,2,1970,0.010327530244910003
212475,56196,2,1970,0.010327530244910003
219381,56196,2,1970,0.010327530244910003
59703,23492,2,1970,0.010327530244910003
219381,56242,2,1970,0.010327530244910003
212475,23492,2,1970,0.010327530244910003
59703,56152,2,1970,0.010327530244910003
59703,21632,2,1970,0.010327530244910003
249159,21632,2,1970,0.010327530244910003
219381,297016,2,1970,0.010327530244910003
219381,56148,2,1970,0.010327530244910003
59703,46630,2,1970,0.010327530244910003
59703,48182,2,1970,0.010327530244910003
59703,296994,2,1970,0.010327530244910003
219381,56208,2,1970,0.010327530244910003
219381,53256,2,1970,0.010327530244910003
235458,296994,2,1970,0.010327530244910003
154743,23492,2,1970,0.010327530244910003
235458,48182,2,1970,0.010327530244910003
244680,56208,2,1970,0.010327530244910003
62811,56148,2,1970,0.010327530244910003
244680,297016,2,1970,0.010327530244910003
244680,56148,2,1970,0.010327530244910003
62811,297016,2,1970,0.010327530244910003
203256,296994,2,1970,0.010327530244910003
203256,56194,2,1970,0.010327530244910003
203256,56220,2,1970,0.010327530244910003
244680,53256,2,1970,0.010327530244910003
62811,56152,2,1970,0.010327530244910003
62811,56242,2,1970,0.010327530244910003
62811,56196,2,1970,0.010327530244910003
62811,23492,2,1970,0.010327530244910003
63690,56220,2,1970,0.010327530244910003
63690,56194,2,1970,0.010327530244910003
63690,296994,2,1970,0.010327530244910003
235458,53256,2,1970,0.010327530244910003
62811,56208,2,1970,0.010327530244910003
62811,53256,2,1970,0.010327530244910003
203256,48182,2,1970,0.010327530244910003
153600,53256,2,1970,0.010327530244910003
244680,296994,2,1970,0.010327530244910003
203256,56196,2,1970,0.010327530244910003
244680,48182,2,1970,0.010327530244910003
244680,46630,2,1970,0.010327530244910003
244680,21632,2,1970,0.010327530244910003
203256,23492,2,1970,0.010327530244910003
153600,56148,2,1970,0.010327530244910003
244680,56152,2,1970,0.010327530244910003
153600,56208,2,1970,0.010327530244910003
203256,56152,2,1970,0.010327530244910003
244680,23492,2,1970,0.010327530244910003
244680,56196,2,1970,0.010327530244910003
203256,21632,2,1970,0.010327530244910003
203256,46630,2,1970,0.010327530244910003
244680,56242,2,1970,0.010327530244910003
63690,48182,2,1970,0.010327530244910003
63690,46630,2,1970,0.010327530244910003
235458,46630,2,1970,0.010327530244910003
235458,23492,2,1970,0.010327530244910003
154743,56148,2,1970,0.010327530244910003
154743,297016,2,1970,0.010327530244910003
235458,56242,2,1970,0.010327530244910003
235458,56196,2,1970,0.010327530244910003
179790,56220,2,1970,0.010327530244910003
179790,56194,2,1970,0.010327530244910003
179790,296994,2,1970,0.010327530244910003
235458,56152,2,1970,0.010327530244910003
63690,21632,2,1970,0.010327530244910003
235458,21632,2,1970,0.010327530244910003
154743,56242,2,1970,0.010327530244910003
179790,48182,2,1970,0.010327530244910003
154743,56196,2,1970,0.010327530244910003
179790,46630,2,1970,0.010327530244910003
179790,21632,2,1970,0.010327530244910003
179790,56152,2,1970,0.010327530244910003
154743,56208,2,1970,0.010327530244910003
63690,53256,2,1970,0.010327530244910003
235458,297016,2,1970,0.010327530244910003
63690,56208,2,1970,0.010327530244910003
62811,21632,2,1970,0.010327530244910003
63690,56152,2,1970,0.010327530244910003
235458,56208,2,1970,0.010327530244910003
62811,46630,2,1970,0.010327530244910003
62811,48182,2,1970,0.010327530244910003
63690,23492,2,1970,0.010327530244910003
63690,56196,2,1970,0.010327530244910003
62811,296994,2,1970,0.010327530244910003
63690,56242,2,1970,0.010327530244910003
62811,56194,2,1970,0.010327530244910003
62811,56220,2,1970,0.010327530244910003
63690,297016,2,1970,0.010327530244910003
63690,56148,2,1970,0.010327530244910003
235458,56148,2,1970,0.010327530244910003
154743,53256,2,1970,0.010327530244910003
212505,56242,2,1970,0.010327530244910003
206076,296994,2,1970,0.010327530244910003
192714,53256,2,1970,0.010327530244910003
154740,23492,2,1970,0.010327530244910003
153882,46630,2,1970,0.010327530244910003
159027,296994,2,1970,0.010327530244910003
67056,56220,2,1970,0.010327530244910003
214194,56242,2,1970,0.010327530244910003
67056,56194,2,1970,0.010327530244910003
204057,56152,2,1970,0.010327530244910003
153882,21632,2,1970,0.010327530244910003
153882,56152,2,1970,0.010327530244910003
159027,56194,2,1970,0.010327530244910003
154740,56242,2,1970,0.010327530244910003
210810,296994,2,1970,0.010327530244910003
154146,48182,2,1970,0.010327530244910003
203058,48182,2,1970,0.010327530244910003
153882,23492,2,1970,0.010327530244910003
154740,56196,2,1970,0.010327530244910003
159027,56220,2,1970,0.010327530244910003
67056,56148,2,1970,0.010327530244910003
154146,46630,2,1970,0.010327530244910003
214194,297016,2,1970,0.010327530244910003
154551,23492,2,1970,0.010327530244910003
153882,56196,2,1970,0.010327530244910003
154146,21632,2,1970,0.010327530244910003
153882,56242,2,1970,0.010327530244910003
153882,48182,2,1970,0.010327530244910003
154146,296994,2,1970,0.010327530244910003
219420,56152,2,1970,0.010327530244910003
210810,48182,2,1970,0.010327530244910003
219420,48182,2,1970,0.010327530244910003
210810,46630,2,1970,0.010327530244910003
255489,56196,2,1970,0.010327530244910003
255489,56242,2,1970,0.010327530244910003
159027,46630,2,1970,0.010327530244910003
255489,297016,2,1970,0.010327530244910003
255489,56148,2,1970,0.010327530244910003
159027,48182,2,1970,0.010327530244910003
255489,56208,2,1970,0.010327530244910003
192714,296994,2,1970,0.010327530244910003
255489,53256,2,1970,0.010327530244910003
214194,56196,2,1970,0.010327530244910003
154146,56220,2,1970,0.010327530244910003
219420,46630,2,1970,0.010327530244910003
154551,56196,2,1970,0.010327530244910003
153882,56220,2,1970,0.010327530244910003
153882,56194,2,1970,0.010327530244910003
203058,56194,2,1970,0.010327530244910003
154146,56194,2,1970,0.010327530244910003
153882,296994,2,1970,0.010327530244910003
219420,21632,2,1970,0.010327530244910003
203058,296994,2,1970,0.010327530244910003
219420,23492,2,1970,0.010327530244910003
153882,297016,2,1970,0.010327530244910003
225972,296994,2,1970,0.010327530244910003
154146,56152,2,1970,0.010327530244910003
214194,53256,2,1970,0.010327530244910003
154146,56148,2,1970,0.010327530244910003
188106,23492,2,1970,0.010327530244910003
154551,21632,2,1970,0.010327530244910003
210810,56220,2,1970,0.010327530244910003
242409,56242,2,1970,0.010327530244910003
188106,56152,2,1970,0.010327530244910003
242409,56196,2,1970,0.010327530244910003
188106,21632,2,1970,0.010327530244910003
154146,56208,2,1970,0.010327530244910003
219420,56242,2,1970,0.010327530244910003
248724,53256,2,1970,0.010327530244910003
188106,46630,2,1970,0.010327530244910003
154146,53256,2,1970,0.010327530244910003
188106,48182,2,1970,0.010327530244910003
242409,23492,2,1970,0.010327530244910003
203889,56220,2,1970,0.010327530244910003
222225,56220,2,1970,0.010327530244910003
222225,56194,2,1970,0.010327530244910003
225972,56220,2,1970,0.010327530244910003
225972,56194,2,1970,0.010327530244910003
203058,21632,2,1970,0.010327530244910003
222225,296994,2,1970,0.010327530244910003
188106,56196,2,1970,0.010327530244910003
154146,297016,2,1970,0.010327530244910003
214194,56208,2,1970,0.010327530244910003
242409,56208,2,1970,0.010327530244910003
153882,56148,2,1970,0.010327530244910003
242409,53256,2,1970,0.010327530244910003
153882,56208,2,1970,0.010327530244910003
188106,53256,2,1970,0.010327530244910003
154146,23492,2,1970,0.010327530244910003
192714,48182,2,1970,0.010327530244910003
154551,56152,2,1970,0.010327530244910003
154146,56196,2,1970,0.010327530244910003
188106,56208,2,1970,0.010327530244910003
67056,296994,2,1970,0.010327530244910003
153882,53256,2,1970,0.010327530244910003
188106,56242,2,1970,0.010327530244910003
188106,56148,2,1970,0.010327530244910003
188106,297016,2,1970,0.010327530244910003
154146,56242,2,1970,0.010327530244910003
214194,56148,2,1970,0.010327530244910003
203058,46630,2,1970,0.010327530244910003
242409,56148,2,1970,0.010327530244910003
219420,56196,2,1970,0.010327530244910003
192714,46630,2,1970,0.010327530244910003
242409,297016,2,1970,0.010327530244910003
210810,56194,2,1970,0.010327530244910003
203058,56220,2,1970,0.010327530244910003
235932,53256,2,1970,0.010327530244910003
235932,56208,2,1970,0.010327530244910003
159027,21632,2,1970,0.010327530244910003
211413,56208,2,1970,0.010327530244910003
210810,23492,2,1970,0.010327530244910003
211413,56194,2,1970,0.010327530244910003
211413,56220,2,1970,0.010327530244910003
154740,53256,2,1970,0.010327530244910003
235932,56220,2,1970,0.010327530244910003
203889,23492,2,1970,0.010327530244910003
235932,56194,2,1970,0.010327530244910003
214194,48182,2,1970,0.010327530244910003
154551,53256,2,1970,0.010327530244910003
235932,296994,2,1970,0.010327530244910003
203889,56196,2,1970,0.010327530244910003
219420,56220,2,1970,0.010327530244910003
235932,48182,2,1970,0.010327530244910003
203889,56242,2,1970,0.010327530244910003
203889,297016,2,1970,0.010327530244910003
154551,56208,2,1970,0.010327530244910003
191247,53256,2,1970,0.010327530244910003
235932,46630,2,1970,0.010327530244910003
191247,56208,2,1970,0.010327530244910003
214194,46630,2,1970,0.010327530244910003
203889,56148,2,1970,0.010327530244910003
203889,56208,2,1970,0.010327530244910003
211413,56148,2,1970,0.010327530244910003
211413,297016,2,1970,0.010327530244910003
211413,296994,2,1970,0.010327530244910003
203889,48182,2,1970,0.010327530244910003
214194,56220,2,1970,0.010327530244910003
67056,56208,2,1970,0.010327530244910003
210810,53256,2,1970,0.010327530244910003
203889,56194,2,1970,0.010327530244910003
211413,23492,2,1970,0.010327530244910003
203889,296994,2,1970,0.010327530244910003
211413,56196,2,1970,0.010327530244910003
210810,56208,2,1970,0.010327530244910003
210810,56148,2,1970,0.010327530244910003
211413,56152,2,1970,0.010327530244910003
67056,53256,2,1970,0.010327530244910003
210810,56196,2,1970,0.010327530244910003
211413,21632,2,1970,0.010327530244910003
214194,296994,2,1970,0.010327530244910003
203889,46630,2,1970,0.010327530244910003
210810,297016,2,1970,0.010327530244910003
211413,56242,2,1970,0.010327530244910003
211413,46630,2,1970,0.010327530244910003
210810,56242,2,1970,0.010327530244910003
211413,48182,2,1970,0.010327530244910003
203889,21632,2,1970,0.010327530244910003
203889,56152,2,1970,0.010327530244910003
235932,21632,2,1970,0.010327530244910003
159027,53256,2,1970,0.010327530244910003
235932,56152,2,1970,0.010327530244910003
235932,56148,2,1970,0.010327530244910003
219420,296994,2,1970,0.010327530244910003
159027,23492,2,1970,0.010327530244910003
191247,21632,2,1970,0.010327530244910003
214194,56152,2,1970,0.010327530244910003
235932,297016,2,1970,0.010327530244910003
191247,46630,2,1970,0.010327530244910003
210810,56152,2,1970,0.010327530244910003
255489,21632,2,1970,0.010327530244910003
154740,297016,2,1970,0.010327530244910003
191247,48182,2,1970,0.010327530244910003
255489,56152,2,1970,0.010327530244910003
154551,297016,2,1970,0.010327530244910003
214194,23492,2,1970,0.010327530244910003
192714,56220,2,1970,0.010327530244910003
191247,296994,2,1970,0.010327530244910003
191247,56194,2,1970,0.010327530244910003
192714,56194,2,1970,0.010327530244910003
191247,56220,2,1970,0.010327530244910003
154551,56242,2,1970,0.010327530244910003
159027,56152,2,1970,0.010327530244910003
210810,21632,2,1970,0.010327530244910003
255489,23492,2,1970,0.010327530244910003
255489,46630,2,1970,0.010327530244910003
191247,56152,2,1970,0.010327530244910003
203889,53256,2,1970,0.010327530244910003
255489,56194,2,1970,0.010327530244910003
191247,56148,2,1970,0.010327530244910003
154740,56208,2,1970,0.010327530244910003
219420,56194,2,1970,0.010327530244910003
191247,297016,2,1970,0.010327530244910003
211413,53256,2,1970,0.010327530244910003
159027,56208,2,1970,0.010327530244910003
159027,56148,2,1970,0.010327530244910003
235932,23492,2,1970,0.010327530244910003
154551,56148,2,1970,0.010327530244910003
255489,56220,2,1970,0.010327530244910003
235932,56196,2,1970,0.010327530244910003
159027,56196,2,1970,0.010327530244910003
191247,56242,2,1970,0.010327530244910003
159027,297016,2,1970,0.010327530244910003
255489,296994,2,1970,0.010327530244910003
191247,56196,2,1970,0.010327530244910003
154740,56148,2,1970,0.010327530244910003
159027,56242,2,1970,0.010327530244910003
235932,56242,2,1970,0.010327530244910003
191247,23492,2,1970,0.010327530244910003
214194,21632,2,1970,0.010327530244910003
255489,48182,2,1970,0.010327530244910003
67056,48182,2,1970,0.010327530244910003
154740,56152,2,1970,0.010327530244910003
188106,296994,2,1970,0.010327530244910003
211989,53256,2,1970,0.010327530244910003
211989,56148,2,1970,0.010327530244910003
203322,53256,2,1970,0.010327530244910003
248724,56220,2,1970,0.010327530244910003
205812,56196,2,1970,0.010327530244910003
203058,56148,2,1970,0.010327530244910003
203058,56208,2,1970,0.010327530244910003
205812,23492,2,1970,0.010327530244910003
211989,56208,2,1970,0.010327530244910003
204057,56208,2,1970,0.010327530244910003
192714,56196,2,1970,0.010327530244910003
203322,56208,2,1970,0.010327530244910003
204057,56148,2,1970,0.010327530244910003
205812,56152,2,1970,0.010327530244910003
212505,48182,2,1970,0.010327530244910003
203322,56148,2,1970,0.010327530244910003
203322,297016,2,1970,0.010327530244910003
205812,21632,2,1970,0.010327530244910003
212505,53256,2,1970,0.010327530244910003
203322,56242,2,1970,0.010327530244910003
205812,46630,2,1970,0.010327530244910003
212505,46630,2,1970,0.010327530244910003
203322,56196,2,1970,0.010327530244910003
248724,56194,2,1970,0.010327530244910003
205812,56242,2,1970,0.010327530244910003
211989,297016,2,1970,0.010327530244910003
212505,296994,2,1970,0.010327530244910003
225972,53256,2,1970,0.010327530244910003
248724,46630,2,1970,0.010327530244910003
154551,56220,2,1970,0.010327530244910003
211989,56196,2,1970,0.010327530244910003
154011,46630,2,1970,0.010327530244910003
211989,56242,2,1970,0.010327530244910003
248724,48182,2,1970,0.010327530244910003
192714,23492,2,1970,0.010327530244910003
205812,53256,2,1970,0.010327530244910003
203058,297016,2,1970,0.010327530244910003
242409,56152,2,1970,0.010327530244910003
154011,48182,2,1970,0.010327530244910003
154011,296994,2,1970,0.010327530244910003
248724,296994,2,1970,0.010327530244910003
204057,53256,2,1970,0.010327530244910003
205812,56148,2,1970,0.010327530244910003
154011,56194,2,1970,0.010327530244910003
212505,56220,2,1970,0.010327530244910003
205812,297016,2,1970,0.010327530244910003
212505,56194,2,1970,0.010327530244910003
154011,56220,2,1970,0.010327530244910003
203058,53256,2,1970,0.010327530244910003
205812,48182,2,1970,0.010327530244910003
154551,56194,2,1970,0.010327530244910003
212505,297016,2,1970,0.010327530244910003
67056,23492,2,1970,0.010327530244910003
212505,56208,2,1970,0.010327530244910003
206616,56196,2,1970,0.010327530244910003
192714,56208,2,1970,0.010327530244910003
206616,56242,2,1970,0.010327530244910003
212505,56148,2,1970,0.010327530244910003
204057,56196,2,1970,0.010327530244910003
204057,296994,2,1970,0.010327530244910003
206616,297016,2,1970,0.010327530244910003
206616,56148,2,1970,0.010327530244910003
212505,23492,2,1970,0.010327530244910003
204057,297016,2,1970,0.010327530244910003
203322,56194,2,1970,0.010327530244910003
203322,56220,2,1970,0.010327530244910003
204057,48182,2,1970,0.010327530244910003
206616,56208,2,1970,0.010327530244910003
204057,23492,2,1970,0.010327530244910003
204057,46630,2,1970,0.010327530244910003
206616,53256,2,1970,0.010327530244910003
67056,56242,2,1970,0.010327530244910003
67056,56196,2,1970,0.010327530244910003
204057,21632,2,1970,0.010327530244910003
206616,23492,2,1970,0.010327530244910003
203322,296994,2,1970,0.010327530244910003
206616,56152,2,1970,0.010327530244910003
206616,21632,2,1970,0.010327530244910003
203322,23492,2,1970,0.010327530244910003
192714,56242,2,1970,0.010327530244910003
203322,56152,2,1970,0.010327530244910003
212505,21632,2,1970,0.010327530244910003
205812,296994,2,1970,0.010327530244910003
203322,21632,2,1970,0.010327530244910003
205812,56194,2,1970,0.010327530244910003
192714,297016,2,1970,0.010327530244910003
204057,56242,2,1970,0.010327530244910003
205812,56220,2,1970,0.010327530244910003
206616,56220,2,1970,0.010327530244910003
203322,46630,2,1970,0.010327530244910003
212505,56152,2,1970,0.010327530244910003
206616,56194,2,1970,0.010327530244910003
192714,56148,2,1970,0.010327530244910003
203322,48182,2,1970,0.010327530244910003
206616,296994,2,1970,0.010327530244910003
204057,56220,2,1970,0.010327530244910003
206616,48182,2,1970,0.010327530244910003
206616,46630,2,1970,0.010327530244910003
204057,56194,2,1970,0.010327530244910003
211989,23492,2,1970,0.010327530244910003
205812,56208,2,1970,0.010327530244910003
154011,21632,2,1970,0.010327530244910003
154740,296994,2,1970,0.010327530244910003
154740,46630,2,1970,0.010327530244910003
203277,56208,2,1970,0.010327530244910003
203058,56152,2,1970,0.010327530244910003
248724,56242,2,1970,0.010327530244910003
242409,296994,2,1970,0.010327530244910003
225972,23492,2,1970,0.010327530244910003
154740,48182,2,1970,0.010327530244910003
222225,23492,2,1970,0.010327530244910003
203058,23492,2,1970,0.010327530244910003
203277,56148,2,1970,0.010327530244910003
203277,297016,2,1970,0.010327530244910003
203277,56196,2,1970,0.010327530244910003
222225,56196,2,1970,0.010327530244910003
225972,56196,2,1970,0.010327530244910003
203277,56220,2,1970,0.010327530244910003
248724,56196,2,1970,0.010327530244910003
219420,56208,2,1970,0.010327530244910003
242409,56220,2,1970,0.010327530244910003
203277,56242,2,1970,0.010327530244910003
222225,56242,2,1970,0.010327530244910003
192714,56152,2,1970,0.010327530244910003
225972,56242,2,1970,0.010327530244910003
203277,53256,2,1970,0.010327530244910003
225972,56152,2,1970,0.010327530244910003
225972,21632,2,1970,0.010327530244910003
222225,56152,2,1970,0.010327530244910003
242409,21632,2,1970,0.010327530244910003
154551,46630,2,1970,0.010327530244910003
154740,21632,2,1970,0.010327530244910003
188106,56194,2,1970,0.010327530244910003
192714,21632,2,1970,0.010327530244910003
248724,56208,2,1970,0.010327530244910003
222225,48182,2,1970,0.010327530244910003
188106,56220,2,1970,0.010327530244910003
67056,46630,2,1970,0.010327530244910003
219420,297016,2,1970,0.010327530244910003
242409,46630,2,1970,0.010327530244910003
248724,56148,2,1970,0.010327530244910003
222225,46630,2,1970,0.010327530244910003
222225,21632,2,1970,0.010327530244910003
225972,48182,2,1970,0.010327530244910003
248724,297016,2,1970,0.010327530244910003
67056,297016,2,1970,0.010327530244910003
219420,56148,2,1970,0.010327530244910003
225972,46630,2,1970,0.010327530244910003
242409,48182,2,1970,0.010327530244910003
154551,48182,2,1970,0.010327530244910003
154011,53256,2,1970,0.010327530244910003
242409,56194,2,1970,0.010327530244910003
214194,56194,2,1970,0.010327530244910003
203277,46630,2,1970,0.010327530244910003
154011,23492,2,1970,0.010327530244910003
211989,56152,2,1970,0.010327530244910003
211989,56194,2,1970,0.010327530244910003
225972,297016,2,1970,0.010327530244910003
211989,21632,2,1970,0.010327530244910003
203277,48182,2,1970,0.010327530244910003
219420,53256,2,1970,0.010327530244910003
225972,56148,2,1970,0.010327530244910003
154551,296994,2,1970,0.010327530244910003
211989,296994,2,1970,0.010327530244910003
154740,56194,2,1970,0.010327530244910003
211989,46630,2,1970,0.010327530244910003
248724,56152,2,1970,0.010327530244910003
248724,21632,2,1970,0.010327530244910003
203058,56196,2,1970,0.010327530244910003
67056,56152,2,1970,0.010327530244910003
154011,56196,2,1970,0.010327530244910003
67056,21632,2,1970,0.010327530244910003
203277,296994,2,1970,0.010327530244910003
154011,56242,2,1970,0.010327530244910003
211989,56220,2,1970,0.010327530244910003
222225,53256,2,1970,0.010327530244910003
154011,56152,2,1970,0.010327530244910003
222225,297016,2,1970,0.010327530244910003
203277,23492,2,1970,0.010327530244910003
222225,56148,2,1970,0.010327530244910003
154740,56220,2,1970,0.010327530244910003
248724,23492,2,1970,0.010327530244910003
203277,56194,2,1970,0.010327530244910003
154011,56208,2,1970,0.010327530244910003
154011,56148,2,1970,0.010327530244910003
203058,56242,2,1970,0.010327530244910003
203277,56152,2,1970,0.010327530244910003
154011,297016,2,1970,0.010327530244910003
225972,56208,2,1970,0.010327530244910003
222225,56208,2,1970,0.010327530244910003
211989,48182,2,1970,0.010327530244910003
203277,21632,2,1970,0.010327530244910003
206442,55294,2,1970,0.01
63690,55294,2,1970,0.01
235932,55294,2,1970,0.01
222225,55294,2,1970,0.01
235932,56892,2,1970,0.009900990099009901
206442,56892,2,1970,0.009900990099009901
63690,56892,2,1970,0.009900990099009901
222225,56892,2,1970,0.009900990099009901
238377,296906,2,1970,0.008928571428571428
211989,296906,2,1970,0.008928571428571428
59703,296906,2,1970,0.008928571428571428
229521,296906,2,1970,0.008928571428571428
203058,296906,2,1970,0.008928571428571428
203889,296906,2,1970,0.008928571428571428
212505,296906,2,1970,0.008928571428571428
203322,296906,2,1970,0.008928571428571428
211542,296906,2,1970,0.008928571428571428
159027,296906,2,1970,0.008928571428571428
199044,53256,2,1970,0.00847457627118644
173667,53256,2,1970,0.00847457627118644
220047,48182,2,1970,0.00819672131147541
220047,297128,2,1970,0.00819672131147541
60762,297128,2,1970,0.00819672131147541
60762,56220,2,1970,0.00819672131147541
220047,46630,2,1970,0.00819672131147541
251391,56220,2,1970,0.00819672131147541
227664,56242,2,1970,0.00819672131147541
60762,48182,2,1970,0.00819672131147541
60762,56152,2,1970,0.00819672131147541
60762,296906,2,1970,0.00819672131147541
220047,296906,2,1970,0.00819672131147541
220047,56152,2,1970,0.00819672131147541
227664,297128,2,1970,0.00819672131147541
220047,56220,2,1970,0.00819672131147541
60762,46630,2,1970,0.00819672131147541
167364,56152,2,1970,0.00819672131147541
60762,56242,2,1970,0.00819672131147541
167364,48182,2,1970,0.00819672131147541
154698,48182,2,1970,0.00819672131147541
154698,56220,2,1970,0.00819672131147541
199044,56220,2,1970,0.00819672131147541
199044,46630,2,1970,0.00819672131147541
167364,56220,2,1970,0.00819672131147541
199044,56152,2,1970,0.00819672131147541
199044,296906,2,1970,0.00819672131147541
167364,46630,2,1970,0.00819672131147541
173667,48182,2,1970,0.00819672131147541
167364,296906,2,1970,0.00819672131147541
167364,297128,2,1970,0.00819672131147541
173667,56242,2,1970,0.00819672131147541
167364,56242,2,1970,0.00819672131147541
173667,297128,2,1970,0.00819672131147541
173667,296906,2,1970,0.00819672131147541
173667,56152,2,1970,0.00819672131147541
154698,46630,2,1970,0.00819672131147541
154698,56152,2,1970,0.00819672131147541
154698,296906,2,1970,0.00819672131147541
154698,297128,2,1970,0.00819672131147541
191256,296906,2,1970,0.00819672131147541
191256,56152,2,1970,0.00819672131147541
208092,56242,2,1970,0.00819672131147541
191256,46630,2,1970,0.00819672131147541
191256,48182,2,1970,0.00819672131147541
208092,297128,2,1970,0.00819672131147541
191256,56220,2,1970,0.00819672131147541
208092,296906,2,1970,0.00819672131147541
208092,56152,2,1970,0.00819672131147541
208092,46630,2,1970,0.00819672131147541
208092,48182,2,1970,0.00819672131147541
191256,297128,2,1970,0.00819672131147541
191256,56242,2,1970,0.00819672131147541
208092,56220,2,1970,0.00819672131147541
154698,56242,2,1970,0.00819672131147541
173667,46630,2,1970,0.00819672131147541
199044,48182,2,1970,0.00819672131147541
173667,56220,2,1970,0.00819672131147541
227664,56220,2,1970,0.00819672131147541
251391,48182,2,1970,0.00819672131147541
227664,296906,2,1970,0.00819672131147541
227664,56152,2,1970,0.00819672131147541
251391,46630,2,1970,0.00819672131147541
251391,56152,2,1970,0.00819672131147541
251391,296906,2,1970,0.00819672131147541
227664,46630,2,1970,0.00819672131147541
251391,297128,2,1970,0.00819672131147541
227664,48182,2,1970,0.00819672131147541
251391,56242,2,1970,0.00819672131147541
220047,56242,2,1970,0.00819672131147541
199044,297128,2,1970,0.00819672131147541
199044,56242,2,1970,0.00819672131147541
60762,33288,2,1970,0.008
208092,33288,2,1970,0.008
227664,33288,2,1970,0.008
191256,33288,2,1970,0.008
154698,33288,2,1970,0.008
251391,33288,2,1970,0.008
235932,13362,2,1970,0.006756756756756757
222225,22644,2,1970,0.006756756756756757
206442,13362,2,1970,0.006756756756756757
63690,13362,2,1970,0.006756756756756757
222225,13362,2,1970,0.006756756756756757
63690,22644,2,1970,0.006756756756756757
206442,22644,2,1970,0.006756756756756757
235932,22644,2,1970,0.006756756756756757
154146,34718,2,1970,0.0054466230936819175
246054,34718,2,1970,0.0054466230936819175
203322,34718,2,1970,0.0054466230936819175
211989,34718,2,1970,0.0054466230936819175
203058,34718,2,1970,0.0054466230936819175
62811,1260,2,1970,0.0054466230936819175
253146,1260,2,1970,0.0054466230936819175
249159,1260,2,1970,0.0054466230936819175
203058,1260,2,1970,0.0054466230936819175
173940,34718,2,1970,0.0054466230936819175
249159,34718,2,1970,0.0054466230936819175
159027,34718,2,1970,0.0054466230936819175
153600,34718,2,1970,0.0054466230936819175
253053,34718,2,1970,0.0054466230936819175
253053,1260,2,1970,0.0054466230936819175
153600,1260,2,1970,0.0054466230936819175
154146,1260,2,1970,0.0054466230936819175
204057,1260,2,1970,0.0054466230936819175
212475,1260,2,1970,0.0054466230936819175
203256,1260,2,1970,0.0054466230936819175
154743,34718,2,1970,0.0054466230936819175
203322,1260,2,1970,0.0054466230936819175
154740,34718,2,1970,0.0054466230936819175
233427,1260,2,1970,0.0054466230936819175
67056,34718,2,1970,0.0054466230936819175
210627,34718,2,1970,0.0054466230936819175
62811,34718,2,1970,0.0054466230936819175
235458,34718,2,1970,0.0054466230936819175
154551,34718,2,1970,0.0054466230936819175
203256,34718,2,1970,0.0054466230936819175
154011,1260,2,1970,0.0054466230936819175
129264,34718,2,1970,0.0054466230936819175
242409,1260,2,1970,0.0054466230936819175
246054,1260,2,1970,0.0054466230936819175
233427,34718,2,1970,0.0054466230936819175
244680,34718,2,1970,0.0054466230936819175
253146,34718,2,1970,0.0054466230936819175
212475,34718,2,1970,0.0054466230936819175
210627,1260,2,1970,0.0054466230936819175
211413,1260,2,1970,0.0054466230936819175
244680,1260,2,1970,0.0054466230936819175
238377,34718,2,1970,0.0054466230936819175
129264,1260,2,1970,0.0054466230936819175
173940,1260,2,1970,0.0054466230936819175
183672,1260,2,1970,0.0054466230936819175
229521,1260,2,1970,0.0054466230936819175
162960,34718,2,1970,0.0054466230936819175
192714,1260,2,1970,0.0054466230936819175
254118,34718,2,1970,0.0054466230936819175
154740,1260,2,1970,0.0054466230936819175
235458,1260,2,1970,0.0054466230936819175
211413,34718,2,1970,0.0054466230936819175
242409,34718,2,1970,0.0054466230936819175
154011,34718,2,1970,0.0054466230936819175
159027,1260,2,1970,0.0054466230936819175
229521,34718,2,1970,0.0054466230936819175
254118,1260,2,1970,0.0054466230936819175
162960,1260,2,1970,0.0054466230936819175
154551,1260,2,1970,0.0054466230936819175
211989,1260,2,1970,0.0054466230936819175
204057,34718,2,1970,0.0054466230936819175
214194,1260,2,1970,0.0054466230936819175
153882,1260,2,1970,0.0054466230936819175
153744,1260,2,1970,0.0054466230936819175
157080,1260,2,1970,0.0054466230936819175
204411,1260,2,1970,0.0054466230936819175
191247,34718,2,1970,0.0054466230936819175
239115,34718,2,1970,0.0054466230936819175
59703,1260,2,1970,0.0054466230936819175
203277,1260,2,1970,0.0054466230936819175
219420,1260,2,1970,0.0054466230936819175
219381,34718,2,1970,0.0054466230936819175
203889,34718,2,1970,0.0054466230936819175
225012,34718,2,1970,0.0054466230936819175
204762,1260,2,1970,0.0054466230936819175
225972,34718,2,1970,0.0054466230936819175
153912,1260,2,1970,0.0054466230936819175
67056,1260,2,1970,0.0054466230936819175
183672,34718,2,1970,0.0054466230936819175
210810,1260,2,1970,0.0054466230936819175
72108,34718,2,1970,0.0054466230936819175
205812,34718,2,1970,0.0054466230936819175
59703,34718,2,1970,0.0054466230936819175
219381,1260,2,1970,0.0054466230936819175
251253,1260,2,1970,0.0054466230936819175
247029,34718,2,1970,0.0054466230936819175
247956,1260,2,1970,0.0054466230936819175
206076,34718,2,1970,0.0054466230936819175
251253,34718,2,1970,0.0054466230936819175
207216,34718,2,1970,0.0054466230936819175
214194,34718,2,1970,0.0054466230936819175
225972,1260,2,1970,0.0054466230936819175
188106,1260,2,1970,0.0054466230936819175
157080,34718,2,1970,0.0054466230936819175
153912,34718,2,1970,0.0054466230936819175
248724,34718,2,1970,0.0054466230936819175
206076,1260,2,1970,0.0054466230936819175
153882,34718,2,1970,0.0054466230936819175
188106,34718,2,1970,0.0054466230936819175
247029,1260,2,1970,0.0054466230936819175
203241,34718,2,1970,0.0054466230936819175
203277,34718,2,1970,0.0054466230936819175
153744,34718,2,1970,0.0054466230936819175
239115,1260,2,1970,0.0054466230936819175
203889,1260,2,1970,0.0054466230936819175
207216,1260,2,1970,0.0054466230936819175
203241,1260,2,1970,0.0054466230936819175
210810,34718,2,1970,0.0054466230936819175
248724,1260,2,1970,0.0054466230936819175
154383,34718,2,1970,0.0054466230936819175
205947,1260,2,1970,0.0054466230936819175
211542,34718,2,1970,0.0054466230936819175
204762,34718,2,1970,0.0054466230936819175
154743,1260,2,1970,0.0054466230936819175
211542,1260,2,1970,0.0054466230936819175
212505,34718,2,1970,0.0054466230936819175
255489,1260,2,1970,0.0054466230936819175
219420,34718,2,1970,0.0054466230936819175
247548,1260,2,1970,0.0054466230936819175
238377,1260,2,1970,0.0054466230936819175
204522,1260,2,1970,0.0054466230936819175
247548,34718,2,1970,0.0054466230936819175
192714,34718,2,1970,0.0054466230936819175
72108,1260,2,1970,0.0054466230936819175
225012,1260,2,1970,0.0054466230936819175
205947,34718,2,1970,0.0054466230936819175
179790,34718,2,1970,0.0054466230936819175
206616,34718,2,1970,0.0054466230936819175
154383,1260,2,1970,0.0054466230936819175
204411,34718,2,1970,0.0054466230936819175
204522,34718,2,1970,0.0054466230936819175
206616,1260,2,1970,0.0054466230936819175
212505,1260,2,1970,0.0054466230936819175
179790,1260,2,1970,0.0054466230936819175
255489,34718,2,1970,0.0054466230936819175
191247,1260,2,1970,0.0054466230936819175
247956,34718,2,1970,0.0054466230936819175
205812,1260,2,1970,0.0054466230936819175
222225,56182,2,1970,0.005291005291005291
206442,56182,2,1970,0.005291005291005291
63690,56182,2,1970,0.005291005291005291
235932,56188,2,1970,0.005291005291005291
206442,56188,2,1970,0.005291005291005291
63690,56188,2,1970,0.005291005291005291
235932,56182,2,1970,0.005291005291005291
222225,56188,2,1970,0.005291005291005291
207339,40902,2,1970,0.005076142131979695
211965,297782,2,1970,0.005076142131979695
157767,40902,2,1970,0.005076142131979695
208575,297782,2,1970,0.005076142131979695
178230,40902,2,1970,0.005076142131979695
157767,23492,2,1970,0.005076142131979695
178230,23492,2,1970,0.005076142131979695
209637,297782,2,1970,0.005076142131979695
207339,297782,2,1970,0.005076142131979695
157767,296994,2,1970,0.005076142131979695
207339,296994,2,1970,0.005076142131979695
217848,297782,2,1970,0.005076142131979695
209637,40902,2,1970,0.005076142131979695
209637,23492,2,1970,0.005076142131979695
157767,297782,2,1970,0.005076142131979695
231057,297782,2,1970,0.005076142131979695
211965,296994,2,1970,0.005076142131979695
231057,23492,2,1970,0.005076142131979695
207339,23492,2,1970,0.005076142131979695
217848,296994,2,1970,0.005076142131979695
231057,296994,2,1970,0.005076142131979695
213102,40902,2,1970,0.005076142131979695
208575,296994,2,1970,0.005076142131979695
231057,40902,2,1970,0.005076142131979695
213102,23492,2,1970,0.005076142131979695
217848,23492,2,1970,0.005076142131979695
208575,40902,2,1970,0.005076142131979695
242442,297782,2,1970,0.005076142131979695
242442,23492,2,1970,0.005076142131979695
205191,23492,2,1970,0.005076142131979695
205191,40902,2,1970,0.005076142131979695
243546,23492,2,1970,0.005076142131979695
242442,296994,2,1970,0.005076142131979695
178230,296994,2,1970,0.005076142131979695
243546,297782,2,1970,0.005076142131979695
205191,296994,2,1970,0.005076142131979695
243546,40902,2,1970,0.005076142131979695
205191,297782,2,1970,0.005076142131979695
213102,297782,2,1970,0.005076142131979695
209637,296994,2,1970,0.005076142131979695
208575,23492,2,1970,0.005076142131979695
178230,297782,2,1970,0.005076142131979695
242442,40902,2,1970,0.005076142131979695
243546,296994,2,1970,0.005076142131979695
213102,296994,2,1970,0.005076142131979695
217848,40902,2,1970,0.005076142131979695
211965,40902,2,1970,0.005076142131979695
211965,23492,2,1970,0.005076142131979695
233427,22644,2,1970,0.00181422351233672
154383,13362,2,1970,0.00181422351233672
153882,22644,2,1970,0.00181422351233672
179790,22644,2,1970,0.00181422351233672
253053,22644,2,1970,0.00181422351233672
188106,13362,2,1970,0.00181422351233672
212475,13362,2,1970,0.00181422351233672
247956,13362,2,1970,0.00181422351233672
191247,22644,2,1970,0.00181422351233672
153882,13362,2,1970,0.00181422351233672
225972,22644,2,1970,0.00181422351233672
207216,13362,2,1970,0.00181422351233672
251253,13362,2,1970,0.00181422351233672
251253,22644,2,1970,0.00181422351233672
159027,22644,2,1970,0.00181422351233672
154146,22644,2,1970,0.00181422351233672
204522,22644,2,1970,0.00181422351233672
154146,13362,2,1970,0.00181422351233672
173940,13362,2,1970,0.00181422351233672
154383,22644,2,1970,0.00181422351233672
154551,13362,2,1970,0.00181422351233672
247956,22644,2,1970,0.00181422351233672
233427,13362,2,1970,0.00181422351233672
205947,13362,2,1970,0.00181422351233672
253053,13362,2,1970,0.00181422351233672
204057,13362,2,1970,0.00181422351233672
173940,22644,2,1970,0.00181422351233672
225012,13362,2,1970,0.00181422351233672
162960,13362,2,1970,0.00181422351233672
211989,13362,2,1970,0.00181422351233672
235458,13362,2,1970,0.00181422351233672
203277,22644,2,1970,0.00181422351233672
212505,22644,2,1970,0.00181422351233672
153600,22644,2,1970,0.00181422351233672
204762,13362,2,1970,0.00181422351233672
204411,13362,2,1970,0.00181422351233672
154551,22644,2,1970,0.00181422351233672
154011,22644,2,1970,0.00181422351233672
153600,13362,2,1970,0.00181422351233672
72108,13362,2,1970,0.00181422351233672
205812,13362,2,1970,0.00181422351233672
249159,22644,2,1970,0.00181422351233672
247548,22644,2,1970,0.00181422351233672
248724,22644,2,1970,0.00181422351233672
203322,13362,2,1970,0.00181422351233672
206616,22644,2,1970,0.00181422351233672
203256,13362,2,1970,0.00181422351233672
247548,13362,2,1970,0.00181422351233672
72108,22644,2,1970,0.00181422351233672
205812,22644,2,1970,0.00181422351233672
206616,13362,2,1970,0.00181422351233672
212505,13362,2,1970,0.00181422351233672
203256,22644,2,1970,0.00181422351233672
203322,22644,2,1970,0.00181422351233672
204762,22644,2,1970,0.00181422351233672
154011,13362,2,1970,0.00181422351233672
157080,22644,2,1970,0.00181422351233672
254118,22644,2,1970,0.00181422351233672
206076,13362,2,1970,0.00181422351233672
242409,13362,2,1970,0.00181422351233672
205947,22644,2,1970,0.00181422351233672
129264,13362,2,1970,0.00181422351233672
206076,22644,2,1970,0.00181422351233672
235458,22644,2,1970,0.00181422351233672
188106,22644,2,1970,0.00181422351233672
225972,13362,2,1970,0.00181422351233672
229521,22644,2,1970,0.00181422351233672
129264,22644,2,1970,0.00181422351233672
203241,13362,2,1970,0.00181422351233672
239115,22644,2,1970,0.00181422351233672
157080,13362,2,1970,0.00181422351233672
159027,13362,2,1970,0.00181422351233672
242409,22644,2,1970,0.00181422351233672
229521,13362,2,1970,0.00181422351233672
239115,13362,2,1970,0.00181422351233672
203277,13362,2,1970,0.00181422351233672
254118,13362,2,1970,0.00181422351233672
204411,22644,2,1970,0.00181422351233672
248724,13362,2,1970,0.00181422351233672
211989,22644,2,1970,0.00181422351233672
192714,13362,2,1970,0.00181422351233672
203241,22644,2,1970,0.00181422351233672
162960,22644,2,1970,0.00181422351233672
255489,13362,2,1970,0.00181422351233672
225012,22644,2,1970,0.00181422351233672
246054,13362,2,1970,0.00181422351233672
255489,22644,2,1970,0.00181422351233672
211542,22644,2,1970,0.00181422351233672
153912,22644,2,1970,0.00181422351233672
207216,22644,2,1970,0.00181422351233672
210810,13362,2,1970,0.00181422351233672
62811,13362,2,1970,0.00181422351233672
203058,13362,2,1970,0.00181422351233672
249159,13362,2,1970,0.00181422351233672
247029,22644,2,1970,0.00181422351233672
219381,22644,2,1970,0.00181422351233672
203889,13362,2,1970,0.00181422351233672
154743,22644,2,1970,0.00181422351233672
67056,22644,2,1970,0.00181422351233672
210810,22644,2,1970,0.00181422351233672
153912,13362,2,1970,0.00181422351233672
154740,13362,2,1970,0.00181422351233672
59703,22644,2,1970,0.00181422351233672
210627,22644,2,1970,0.00181422351233672
253146,13362,2,1970,0.00181422351233672
247029,13362,2,1970,0.00181422351233672
246054,22644,2,1970,0.00181422351233672
214194,22644,2,1970,0.00181422351233672
238377,13362,2,1970,0.00181422351233672
219381,13362,2,1970,0.00181422351233672
219420,13362,2,1970,0.00181422351233672
153744,22644,2,1970,0.00181422351233672
203058,22644,2,1970,0.00181422351233672
211413,22644,2,1970,0.00181422351233672
59703,13362,2,1970,0.00181422351233672
212475,22644,2,1970,0.00181422351233672
154740,22644,2,1970,0.00181422351233672
219420,22644,2,1970,0.00181422351233672
244680,13362,2,1970,0.00181422351233672
183672,13362,2,1970,0.00181422351233672
191247,13362,2,1970,0.00181422351233672
62811,22644,2,1970,0.00181422351233672
211542,13362,2,1970,0.00181422351233672
211413,13362,2,1970,0.00181422351233672
204057,22644,2,1970,0.00181422351233672
183672,22644,2,1970,0.00181422351233672
253146,22644,2,1970,0.00181422351233672
210627,13362,2,1970,0.00181422351233672
67056,13362,2,1970,0.00181422351233672
214194,13362,2,1970,0.00181422351233672
203889,22644,2,1970,0.00181422351233672
238377,22644,2,1970,0.00181422351233672
154743,13362,2,1970,0.00181422351233672
153744,13362,2,1970,0.00181422351233672
192714,22644,2,1970,0.00181422351233672
204522,13362,2,1970,0.00181422351233672
244680,22644,2,1970,0.00181422351233672
179790,13362,2,1970,0.00181422351233672
154551,56182,2,1970,0.001076426264800861
229521,56182,2,1970,0.001076426264800861
59703,56188,2,1970,0.001076426264800861
162960,56182,2,1970,0.001076426264800861
162960,56188,2,1970,0.001076426264800861
203058,56188,2,1970,0.001076426264800861
204411,56182,2,1970,0.001076426264800861
239115,56188,2,1970,0.001076426264800861
242409,56188,2,1970,0.001076426264800861
204411,56188,2,1970,0.001076426264800861
211989,56182,2,1970,0.001076426264800861
157080,56182,2,1970,0.001076426264800861
244680,56188,2,1970,0.001076426264800861
214194,56188,2,1970,0.001076426264800861
153744,56182,2,1970,0.001076426264800861
203241,56188,2,1970,0.001076426264800861
211989,56188,2,1970,0.001076426264800861
254118,56182,2,1970,0.001076426264800861
203277,56182,2,1970,0.001076426264800861
157080,56188,2,1970,0.001076426264800861
192714,56188,2,1970,0.001076426264800861
244680,56182,2,1970,0.001076426264800861
203889,56188,2,1970,0.001076426264800861
219420,56188,2,1970,0.001076426264800861
203241,56182,2,1970,0.001076426264800861
239115,56182,2,1970,0.001076426264800861
235458,56182,2,1970,0.001076426264800861
254118,56188,2,1970,0.001076426264800861
153744,56188,2,1970,0.001076426264800861
191247,56182,2,1970,0.001076426264800861
59703,56182,2,1970,0.001076426264800861
183672,56182,2,1970,0.001076426264800861
72108,56182,2,1970,0.001076426264800861
247548,56182,2,1970,0.001076426264800861
205812,56182,2,1970,0.001076426264800861
206616,56188,2,1970,0.001076426264800861
72108,56188,2,1970,0.001076426264800861
238377,56182,2,1970,0.001076426264800861
62811,56182,2,1970,0.001076426264800861
205812,56188,2,1970,0.001076426264800861
206616,56182,2,1970,0.001076426264800861
225012,56182,2,1970,0.001076426264800861
203322,56182,2,1970,0.001076426264800861
203256,56182,2,1970,0.001076426264800861
62811,56188,2,1970,0.001076426264800861
204057,56188,2,1970,0.001076426264800861
225012,56188,2,1970,0.001076426264800861
203256,56188,2,1970,0.001076426264800861
238377,56188,2,1970,0.001076426264800861
179790,56182,2,1970,0.001076426264800861
204057,56182,2,1970,0.001076426264800861
203322,56188,2,1970,0.001076426264800861
179790,56188,2,1970,0.001076426264800861
247548,56188,2,1970,0.001076426264800861
154740,56188,2,1970,0.001076426264800861
154743,56182,2,1970,0.001076426264800861
248724,56182,2,1970,0.001076426264800861
219420,56182,2,1970,0.001076426264800861
204762,56188,2,1970,0.001076426264800861
203277,56188,2,1970,0.001076426264800861
210810,56182,2,1970,0.001076426264800861
204762,56182,2,1970,0.001076426264800861
203058,56182,2,1970,0.001076426264800861
154551,56188,2,1970,0.001076426264800861
67056,56182,2,1970,0.001076426264800861
219381,56182,2,1970,0.001076426264800861
154011,56182,2,1970,0.001076426264800861
212505,56182,2,1970,0.001076426264800861
210810,56188,2,1970,0.001076426264800861
153600,56188,2,1970,0.001076426264800861
219381,56188,2,1970,0.001076426264800861
212505,56188,2,1970,0.001076426264800861
154743,56188,2,1970,0.001076426264800861
153600,56182,2,1970,0.001076426264800861
154740,56182,2,1970,0.001076426264800861
154011,56188,2,1970,0.001076426264800861
248724,56188,2,1970,0.001076426264800861
183672,56188,2,1970,0.001076426264800861
153882,56182,2,1970,0.001076426264800861
247956,56188,2,1970,0.001076426264800861
210627,56182,2,1970,0.001076426264800861
153912,56188,2,1970,0.001076426264800861
205947,56182,2,1970,0.001076426264800861
173940,56188,2,1970,0.001076426264800861
249159,56188,2,1970,0.001076426264800861
225972,56188,2,1970,0.001076426264800861
211413,56188,2,1970,0.001076426264800861
253146,56188,2,1970,0.001076426264800861
188106,56182,2,1970,0.001076426264800861
246054,56188,2,1970,0.001076426264800861
153882,56188,2,1970,0.001076426264800861
210627,56188,2,1970,0.001076426264800861
253053,56188,2,1970,0.001076426264800861
67056,56188,2,1970,0.001076426264800861
206076,56182,2,1970,0.001076426264800861
255489,56188,2,1970,0.001076426264800861
233427,56188,2,1970,0.001076426264800861
246054,56182,2,1970,0.001076426264800861
173940,56182,2,1970,0.001076426264800861
192714,56182,2,1970,0.001076426264800861
233427,56182,2,1970,0.001076426264800861
153912,56182,2,1970,0.001076426264800861
159027,56188,2,1970,0.001076426264800861
154146,56182,2,1970,0.001076426264800861
247956,56182,2,1970,0.001076426264800861
249159,56182,2,1970,0.001076426264800861
212475,56182,2,1970,0.001076426264800861
212475,56188,2,1970,0.001076426264800861
251253,56188,2,1970,0.001076426264800861
207216,56182,2,1970,0.001076426264800861
251253,56182,2,1970,0.001076426264800861
229521,56188,2,1970,0.001076426264800861
214194,56182,2,1970,0.001076426264800861
207216,56188,2,1970,0.001076426264800861
154146,56188,2,1970,0.001076426264800861
205947,56188,2,1970,0.001076426264800861
253146,56182,2,1970,0.001076426264800861
253053,56182,2,1970,0.001076426264800861
235458,56188,2,1970,0.001076426264800861
255489,56182,2,1970,0.001076426264800861
247029,56182,2,1970,0.001076426264800861
225972,56182,2,1970,0.001076426264800861
204522,56188,2,1970,0.001076426264800861
211542,56182,2,1970,0.001076426264800861
154383,56188,2,1970,0.001076426264800861
211542,56188,2,1970,0.001076426264800861
129264,56188,2,1970,0.001076426264800861
242409,56182,2,1970,0.001076426264800861
129264,56182,2,1970,0.001076426264800861
159027,56182,2,1970,0.001076426264800861
191247,56188,2,1970,0.001076426264800861
204522,56182,2,1970,0.001076426264800861
188106,56188,2,1970,0.001076426264800861
154383,56182,2,1970,0.001076426264800861
206076,56188,2,1970,0.001076426264800861
247029,56188,2,1970,0.001076426264800861
203889,56182,2,1970,0.001076426264800861
211413,56182,2,1970,0.001076426264800861
212475,297782,2,1970,0.0
238377,297782,2,1970,0.0
191256,34718,2,1970,0.0
67056,40902,2,1970,0.0
207216,297128,2,1970,0.0
214194,40902,2,1970,0.0
208575,56208,2,1970,0.0
205947,297128,2,1970,0.0
204411,297128,2,1970,0.0
212505,40902,2,1970,0.0
207216,297782,2,1970,0.0
225012,40902,2,1970,0.0
212505,297128,2,1970,0.0
199044,56196,2,1970,0.0
67056,297128,2,1970,0.0
205947,40902,2,1970,0.0
183672,40902,2,1970,0.0
67056,297782,2,1970,0.0
154551,40902,2,1970,0.0
212475,297128,2,1970,0.0
208575,56242,2,1970,0.0
183672,297128,2,1970,0.0
214194,297128,2,1970,0.0
225012,297128,2,1970,0.0
208575,56148,2,1970,0.0
154551,297128,2,1970,0.0
212505,297782,2,1970,0.0
214194,297782,2,1970,0.0
208575,56196,2,1970,0.0
207216,40902,2,1970,0.0
199044,40902,2,1970,0.0
227664,34718,2,1970,0.0
199044,23492,2,1970,0.0
225012,297782,2,1970,0.0
208092,34718,2,1970,0.0
183672,297782,2,1970,0.0
157767,56242,2,1970,0.0
208575,297128,2,1970,0.0
249159,297782,2,1970,0.0
212475,40902,2,1970,0.0
157080,297128,2,1970,0.0
192714,297128,2,1970,0.0
204411,40902,2,1970,0.0
208575,56220,2,1970,0.0
192714,297782,2,1970,0.0
154698,1260,2,1970,0.0
213102,56242,2,1970,0.0
178230,48182,2,1970,0.0
178230,46630,2,1970,0.0
238377,297128,2,1970,0.0
208575,56194,2,1970,0.0
157767,48182,2,1970,0.0
213102,297128,2,1970,0.0
178230,56242,2,1970,0.0
213102,56152,2,1970,0.0
213102,296906,2,1970,0.0
225972,297782,2,1970,0.0
248724,40902,2,1970,0.0
154698,34718,2,1970,0.0
157767,56220,2,1970,0.0
178230,56152,2,1970,0.0
208575,56182,2,1970,0.0
248724,297128,2,1970,0.0
178230,296906,2,1970,0.0
178230,297128,2,1970,0.0
208575,48182,2,1970,0.0
208575,46630,2,1970,0.0
225972,297128,2,1970,0.0
225972,40902,2,1970,0.0
157080,40902,2,1970,0.0
154551,297782,2,1970,0.0
213102,46630,2,1970,0.0
213102,48182,2,1970,0.0
205947,297782,2,1970,0.0
199044,297782,2,1970,0.0
157767,297128,2,1970,0.0
235458,297128,2,1970,0.0
235458,40902,2,1970,0.0
199044,56148,2,1970,0.0
199044,56208,2,1970,0.0
192714,40902,2,1970,0.0
204411,297782,2,1970,0.0
249159,40902,2,1970,0.0
213102,56220,2,1970,0.0
227664,1260,2,1970,0.0
199044,56182,2,1970,0.0
199044,296994,2,1970,0.0
208575,56188,2,1970,0.0
178230,56220,2,1970,0.0
249159,297128,2,1970,0.0
208575,296906,2,1970,0.0
199044,56194,2,1970,0.0
208575,56152,2,1970,0.0
157767,296906,2,1970,0.0
235458,297782,2,1970,0.0
157767,56152,2,1970,0.0
199044,56188,2,1970,0.0
248724,297782,2,1970,0.0
238377,40902,2,1970,0.0
157767,46630,2,1970,0.0
157080,297782,2,1970,0.0
231057,56152,2,1970,0.0
191256,1260,2,1970,0.0
208518,56182,2,1970,0.0
206076,40902,2,1970,0.0
206076,297128,2,1970,0.0
208518,56152,2,1970,0.0
208518,297782,2,1970,0.0
208518,46630,2,1970,0.0
188106,40902,2,1970,0.0
188106,297128,2,1970,0.0
208518,48182,2,1970,0.0
208518,296994,2,1970,0.0
153882,40902,2,1970,0.0
251253,297128,2,1970,0.0
251253,40902,2,1970,0.0
208518,56194,2,1970,0.0
208518,56220,2,1970,0.0
208518,56188,2,1970,0.0
251253,297782,2,1970,0.0
167364,296994,2,1970,0.0
247956,297782,2,1970,0.0
188106,297782,2,1970,0.0
208518,296906,2,1970,0.0
208518,23492,2,1970,0.0
208518,40902,2,1970,0.0
249486,56196,2,1970,0.0
249486,297128,2,1970,0.0
249486,40902,2,1970,0.0
249486,23492,2,1970,0.0
208518,56196,2,1970,0.0
249486,296906,2,1970,0.0
249486,56152,2,1970,0.0
249486,297782,2,1970,0.0
249486,46630,2,1970,0.0
249486,48182,2,1970,0.0
249486,56182,2,1970,0.0
206076,297782,2,1970,0.0
249486,296994,2,1970,0.0
208518,297128,2,1970,0.0
249486,56194,2,1970,0.0
249486,56220,2,1970,0.0
249486,56188,2,1970,0.0
153882,297128,2,1970,0.0
167364,297782,2,1970,0.0
211965,296906,2,1970,0.0
211965,56220,2,1970,0.0
153912,40902,2,1970,0.0
153912,297128,2,1970,0.0
217848,297128,2,1970,0.0
203889,297128,2,1970,0.0
203889,40902,2,1970,0.0
211965,56188,2,1970,0.0
217848,296906,2,1970,0.0
217848,56152,2,1970,0.0
211965,56194,2,1970,0.0
247956,40902,2,1970,0.0
217848,46630,2,1970,0.0
217848,48182,2,1970,0.0
217848,56220,2,1970,0.0
211965,56182,2,1970,0.0
211965,48182,2,1970,0.0
203889,297782,2,1970,0.0
247029,297782,2,1970,0.0
211965,46630,2,1970,0.0
217848,56242,2,1970,0.0
153912,297782,2,1970,0.0
191247,297128,2,1970,0.0
191247,40902,2,1970,0.0
247956,297128,2,1970,0.0
153882,297782,2,1970,0.0
167364,23492,2,1970,0.0
154383,297128,2,1970,0.0
154383,40902,2,1970,0.0
167364,40902,2,1970,0.0
154383,297782,2,1970,0.0
255489,297128,2,1970,0.0
255489,40902,2,1970,0.0
204522,297782,2,1970,0.0
255489,297782,2,1970,0.0
191247,297782,2,1970,0.0
211542,297128,2,1970,0.0
211542,40902,2,1970,0.0
204522,40902,2,1970,0.0
204522,297128,2,1970,0.0
211542,297782,2,1970,0.0
208518,56242,2,1970,0.0
208518,11390,2,1970,0.0
249486,56242,2,1970,0.0
154713,56152,2,1970,0.0
154713,297128,2,1970,0.0
154713,40902,2,1970,0.0
205812,40902,2,1970,0.0
205812,297128,2,1970,0.0
154713,13362,2,1970,0.0
72108,40902,2,1970,0.0
72108,297128,2,1970,0.0
154713,296906,2,1970,0.0
154713,297782,2,1970,0.0
208518,56148,2,1970,0.0
154713,46630,2,1970,0.0
154713,48182,2,1970,0.0
204762,297128,2,1970,0.0
204762,40902,2,1970,0.0
154713,56182,2,1970,0.0
154713,56194,2,1970,0.0
154713,56220,2,1970,0.0
154713,56188,2,1970,0.0
154713,56196,2,1970,0.0
72108,297782,2,1970,0.0
205812,297782,2,1970,0.0
154713,56242,2,1970,0.0
231057,46630,2,1970,0.0
231057,296906,2,1970,0.0
231057,48182,2,1970,0.0
231057,56220,2,1970,0.0
206442,297782,2,1970,0.0
231057,297128,2,1970,0.0
231057,56242,2,1970,0.0
206442,40902,2,1970,0.0
206442,297128,2,1970,0.0
206616,297128,2,1970,0.0
206616,40902,2,1970,0.0
206616,297782,2,1970,0.0
247548,297128,2,1970,0.0
247548,40902,2,1970,0.0
247548,297782,2,1970,0.0
154713,56208,2,1970,0.0
154713,56148,2,1970,0.0
204762,297782,2,1970,0.0
154713,22644,2,1970,0.0
236973,60522,2,1970,0.0
239115,297782,2,1970,0.0
203277,297128,2,1970,0.0
236973,297782,2,1970,0.0
236973,46630,2,1970,0.0
203241,297782,2,1970,0.0
236973,48182,2,1970,0.0
236973,56182,2,1970,0.0
236973,296994,2,1970,0.0
236973,56194,2,1970,0.0
249486,53256,2,1970,0.0
236973,56220,2,1970,0.0
249486,56208,2,1970,0.0
203241,40902,2,1970,0.0
203241,297128,2,1970,0.0
236973,56188,2,1970,0.0
208518,60522,2,1970,0.0
249486,56148,2,1970,0.0
208518,56208,2,1970,0.0
203277,40902,2,1970,0.0
236973,56152,2,1970,0.0
236973,56208,2,1970,0.0
236973,296906,2,1970,0.0
236973,56148,2,1970,0.0
236973,11390,2,1970,0.0
205191,56220,2,1970,0.0
205191,48182,2,1970,0.0
205191,46630,2,1970,0.0
205191,56152,2,1970,0.0
205191,296906,2,1970,0.0
236973,56242,2,1970,0.0
236973,56196,2,1970,0.0
236973,297128,2,1970,0.0
205191,297128,2,1970,0.0
205191,56242,2,1970,0.0
236973,40902,2,1970,0.0
236973,23492,2,1970,0.0
239115,297128,2,1970,0.0
239115,40902,2,1970,0.0
203277,297782,2,1970,0.0
211965,56152,2,1970,0.0
247029,40902,2,1970,0.0
203256,297782,2,1970,0.0
233427,297782,2,1970,0.0
173667,23492,2,1970,0.0
173667,40902,2,1970,0.0
173667,56196,2,1970,0.0
173667,56148,2,1970,0.0
173667,56208,2,1970,0.0
154146,297782,2,1970,0.0
173940,297128,2,1970,0.0
173940,40902,2,1970,0.0
154146,40902,2,1970,0.0
129264,297128,2,1970,0.0
154146,297128,2,1970,0.0
173940,297782,2,1970,0.0
233427,40902,2,1970,0.0
233427,297128,2,1970,0.0
242409,297128,2,1970,0.0
242409,40902,2,1970,0.0
207339,56220,2,1970,0.0
242409,297782,2,1970,0.0
253053,297782,2,1970,0.0
159027,297782,2,1970,0.0
173667,297782,2,1970,0.0
253053,40902,2,1970,0.0
253146,297128,2,1970,0.0
253146,40902,2,1970,0.0
209637,48182,2,1970,0.0
209637,56220,2,1970,0.0
253146,297782,2,1970,0.0
235932,297782,2,1970,0.0
246054,40902,2,1970,0.0
246054,297128,2,1970,0.0
235932,40902,2,1970,0.0
235932,297128,2,1970,0.0
159027,297128,2,1970,0.0
159027,40902,2,1970,0.0
173667,56188,2,1970,0.0
173667,56194,2,1970,0.0
173667,296994,2,1970,0.0
173667,56182,2,1970,0.0
253053,297128,2,1970,0.0
207339,48182,2,1970,0.0
129264,40902,2,1970,0.0
247029,297128,2,1970,0.0
243546,56220,2,1970,0.0
211989,40902,2,1970,0.0
211989,297128,2,1970,0.0
243546,297128,2,1970,0.0
154011,297782,2,1970,0.0
243546,296906,2,1970,0.0
243546,56152,2,1970,0.0
243546,46630,2,1970,0.0
243546,48182,2,1970,0.0
153600,297782,2,1970,0.0
207339,46630,2,1970,0.0
153600,40902,2,1970,0.0
153600,297128,2,1970,0.0
203322,297128,2,1970,0.0
203322,40902,2,1970,0.0
208092,1260,2,1970,0.0
203256,297128,2,1970,0.0
203256,40902,2,1970,0.0
203322,297782,2,1970,0.0
243546,56242,2,1970,0.0
162960,297128,2,1970,0.0
162960,40902,2,1970,0.0
162960,297782,2,1970,0.0
207339,56152,2,1970,0.0
222225,297782,2,1970,0.0
129264,297782,2,1970,0.0
207339,296906,2,1970,0.0
207339,297128,2,1970,0.0
207339,56242,2,1970,0.0
222225,40902,2,1970,0.0
222225,297128,2,1970,0.0
229521,297782,2,1970,0.0
254118,297128,2,1970,0.0
254118,40902,2,1970,0.0
229521,40902,2,1970,0.0
229521,297128,2,1970,0.0
254118,297782,2,1970,0.0
154011,297128,2,1970,0.0
154011,40902,2,1970,0.0
211989,297782,2,1970,0.0
209637,46630,2,1970,0.0
246054,297782,2,1970,0.0
209637,56152,2,1970,0.0
179790,40902,2,1970,0.0
242442,297128,2,1970,0.0
242442,296906,2,1970,0.0
242442,56152,2,1970,0.0
242442,46630,2,1970,0.0
242442,48182,2,1970,0.0
154743,297782,2,1970,0.0
242442,56220,2,1970,0.0
179790,297128,2,1970,0.0
220047,296994,2,1970,0.0
209637,296906,2,1970,0.0
154743,40902,2,1970,0.0
220047,297782,2,1970,0.0
179790,297782,2,1970,0.0
154743,297128,2,1970,0.0
204057,297128,2,1970,0.0
204057,40902,2,1970,0.0
220047,23492,2,1970,0.0
220047,40902,2,1970,0.0
242442,56242,2,1970,0.0
219381,297782,2,1970,0.0
219420,297128,2,1970,0.0
219420,40902,2,1970,0.0
211965,297128,2,1970,0.0
211965,56196,2,1970,0.0
153744,297128,2,1970,0.0
153744,40902,2,1970,0.0
211965,56242,2,1970,0.0
211965,56148,2,1970,0.0
153744,297782,2,1970,0.0
211965,56208,2,1970,0.0
210810,297128,2,1970,0.0
210810,40902,2,1970,0.0
210810,297782,2,1970,0.0
59703,297782,2,1970,0.0
219420,297782,2,1970,0.0
219381,297128,2,1970,0.0
219381,40902,2,1970,0.0
59703,40902,2,1970,0.0
59703,297128,2,1970,0.0
204057,297782,2,1970,0.0
63690,297128,2,1970,0.0
63690,40902,2,1970,0.0
206364,296994,2,1970,0.0
206364,55294,2,1970,0.0
210627,297128,2,1970,0.0
210627,40902,2,1970,0.0
206364,46630,2,1970,0.0
211413,297782,2,1970,0.0
206364,297782,2,1970,0.0
206364,56152,2,1970,0.0
210627,297782,2,1970,0.0
206364,296906,2,1970,0.0
206364,1440,2,1970,0.0
206364,40902,2,1970,0.0
206364,297128,2,1970,0.0
206364,56242,2,1970,0.0
206364,34718,2,1970,0.0
209637,56242,2,1970,0.0
209637,297128,2,1970,0.0
251391,34718,2,1970,0.0
206364,48182,2,1970,0.0
206364,1260,2,1970,0.0
62811,297782,2,1970,0.0
206364,56220,2,1970,0.0
203058,297128,2,1970,0.0
63690,297782,2,1970,0.0
203058,40902,2,1970,0.0
62811,40902,2,1970,0.0
62811,297128,2,1970,0.0
154740,297782,2,1970,0.0
203058,297782,2,1970,0.0
154740,40902,2,1970,0.0
154740,297128,2,1970,0.0
244680,297128,2,1970,0.0
244680,40902,2,1970,0.0
60762,1260,2,1970,0.0
244680,297782,2,1970,0.0
251391,1260,2,1970,0.0
211413,297128,2,1970,0.0
211413,40902,2,1970,0.0
60762,34718,2,1970,0.0
206364,23492,2,1970,0.0
