154665,33534
154245,33534
25743,11262
206940,11262
173667,33534
206361,11262
173667,11262
206361,33534
198867,33534
212442,11262
206376,33534
166356,33534
226662,11262
166356,11262
224787,33534
154245,11262
25743,33534
212442,33534
224787,11262
207339,11262
244380,11262
206748,11262
206748,33534
128502,11262
217848,11262
207339,33534
128502,33534
193542,33534
206940,33534
238032,33534
238032,11262
202638,11262
202638,33534
193542,11262
198867,11262
206376,11262
154713,1304
210615,50274
174468,11262
250434,11262
206427,11262
250434,33534
210615,59822
181101,33534
174468,33534
206418,11262
210615,11262
181101,11262
210615,61542
190152,11262
200964,33534
154713,33534
206427,33534
210615,1304
190152,33534
225393,33534
231057,11262
154890,33534
231057,33534
199044,33534
154890,11262
226662,33534
251967,11262
208347,11262
199044,11262
225393,11262
251967,33534
210615,33534
208347,33534
186174,33534
244380,33534
217848,33534
206952,33534
172161,33534
204189,61542
71274,33534
204189,11262
198522,11262
208794,33534
198522,33534
206943,11262
172161,11262
204189,50274
183573,11262
206943,33534
204189,59822
204189,1304
211407,33534
208794,11262
206439,33534
206952,1304
243546,11262
153303,33534
215985,33534
215985,11262
186987,33534
186987,11262
71274,61542
71274,11262
71274,1304
153303,11262
183573,33534
243546,33534
71274,50274
206439,11262
71274,59822
183576,33534
211407,11262
212448,33534
164661,33534
208812,33534
206760,11262
208812,11262
205995,33534
205995,11262
220728,33534
232269,11262
212448,11262
164661,11262
206952,61542
206952,11262
206952,50274
206952,59822
232269,33534
220728,11262
206760,33534
213885,33534
213885,11262
61344,11262
167514,11262
61344,33534
167514,33534
206868,33534
206481,11262
204189,33534
206481,33534
242442,33534
216366,11262
216366,33534
183576,11262
242442,11262
200964,11262
206418,33534
210186,11262
211527,11262
224169,33534
230028,33534
224169,11262
222669,11262
162810,11262
162810,50274
184950,11262
184950,33534
212748,33534
203460,33534
175293,11262
162810,59822
162810,1304
222669,33534
194601,61542
164064,33534
252081,33534
194601,11262
162810,33534
71271,11262
175293,33534
71271,50274
211527,33534
203673,11262
197595,11262
249486,11262
162810,61542
71271,61542
211524,11262
247962,11262
203175,33534
164541,11262
211125,11262
211524,33534
247983,33534
247983,11262
246858,11262
246858,33534
193965,33534
247962,33534
193965,11262
203673,33534
249486,33534
251619,11262
211125,33534
154713,59822
212748,11262
242388,33534
251619,33534
203460,11262
206979,33534
206979,11262
230028,11262
186933,61542
164541,33534
210186,33534
194601,33534
71271,1304
157185,33534
166128,33534
194601,59822
194601,1304
206346,11262
206343,33534
187101,33534
215247,33534
211344,33534
220047,33534
211344,11262
215247,11262
206346,33534
203175,11262
242388,11262
220047,11262
190776,33534
71271,33534
154713,61542
190776,11262
154713,11262
206868,11262
186174,11262
154713,50274
252081,11262
166128,11262
157185,11262
187101,11262
186933,59822
206343,11262
164064,11262
154665,11262
197595,33534
186933,11262
194601,50274
186933,50274
154275,11262
186933,1304
186933,33534
71271,59822
154275,33534
206928,33534
242232,33534
206928,11262
220302,33534
242232,11262
207102,11262
207102,33534
207123,11262
206670,11262
207345,11262
211383,11262
193323,33534
207114,33534
206958,33534
206958,11262
206670,33534
220302,11262
206772,11262
207345,33534
70890,11262
206442,33534
206784,11262
206355,11262
206646,33534
211638,33534
194208,33534
211638,11262
193323,11262
206784,33534
245046,11262
245046,33534
206442,11262
211383,33534
206607,33534
206607,11262
206646,11262
211641,11262
211641,33534
194208,11262
207114,11262
206355,33534
70890,33534
250275,11262
206433,33534
206955,33534
192942,33534
207144,33534
206667,33534
207144,11262
206667,11262
222225,33534
192942,11262
206673,11262
222759,11262
212301,11262
222225,11262
222759,33534
234021,11262
234021,33534
206673,33534
206484,11262
206484,33534
212301,33534
249216,11262
207129,11262
206964,33534
250275,33534
196302,33534
63690,11262
196302,11262
205107,33534
63690,33534
205107,11262
239247,33534
232404,33534
239247,11262
206964,11262
25734,33534
207147,11262
207147,33534
232404,11262
249216,33534
207129,33534
210897,33534
206772,33534
212637,11262
206856,11262
207156,33534
248682,33534
206856,33534
61977,11262
249855,33534
249855,11262
207150,11262
206433,11262
207156,11262
206955,11262
206664,11262
206664,33534
206988,33534
206988,11262
207150,33534
248682,11262
234156,33534
206460,33534
210897,11262
210585,11262
206457,11262
210585,33534
206460,11262
206457,33534
206412,33534
206412,11262
195447,11262
61977,33534
206421,11262
206421,33534
195447,33534
241026,33534
241026,11262
212637,33534
234156,11262
207123,33534
196311,11262
206514,33534
63876,33534
210840,33534
227829,11262
206349,33534
207096,11262
210840,11262
238827,11262
221751,11262
238827,33534
206496,33534
207096,33534
206496,11262
206415,11262
206367,11262
206358,33534
206358,11262
241824,11262
238572,11262
206367,33534
250749,11262
241824,33534
238572,33534
212640,11262
207267,33534
207267,11262
207078,11262
206451,33534
158766,33534
158766,11262
206799,11262
227829,33534
207099,11262
207099,33534
251493,33534
251493,11262
222843,11262
221751,33534
206406,33534
206406,11262
206349,11262
207828,11262
207078,33534
206799,33534
195378,33534
195378,11262
222843,33534
63876,11262
206451,11262
206478,33534
206448,33534
206991,33534
198990,11262
206448,11262
206763,11262
196311,33534
198990,33534
228060,11262
250749,33534
206787,33534
158610,33534
207828,33534
225669,11262
25734,11262
252396,11262
206850,11262
206787,11262
228060,33534
206514,11262
252396,33534
206850,33534
249843,33534
235932,33534
206415,33534
212433,33534
158610,11262
206763,33534
250344,33534
249843,11262
206991,11262
235932,11262
212640,33534
212433,11262
206478,11262
225669,33534
250344,11262
208575,33534
208797,11262
208575,11262
208515,11262
197286,11262
208797,33534
249513,11262
249513,33534
234030,33534
234030,11262
208515,33534
232035,33534
248373,11262
197286,33534
194718,11262
227310,11262
250947,33534
232035,11262
250947,11262
227310,33534
243789,11262
211965,33534
202959,11262
202959,33534
219231,11262
208788,11262
160029,33534
219231,33534
208788,33534
160029,11262
248373,33534
194718,33534
243789,33534
203724,33534
238263,33534
211965,11262
204795,11262
198882,33534
242151,11262
203724,11262
250653,33534
231282,11262
198882,11262
242151,33534
231282,33534
238263,11262
204795,33534
250653,11262
167364,33534
198279,33534
222852,11262
167364,11262
198279,11262
197802,33534
197802,11262
249342,33534
235335,11262
243081,33534
233163,11262
248796,11262
233163,33534
77484,11262
248796,33534
223104,11262
77484,33534
235335,33534
199854,11262
59691,11262
243081,11262
199854,33534
223104,33534
59691,33534
222852,33534
249342,11262
195372,33534
228024,11262
205332,11262
239592,11262
239592,33534
195372,11262
205332,33534
228024,33534
204795,61542
243789,1304
243789,59822
202959,61542
198882,59822
232035,59822
208788,59822
198882,1304
243789,61542
250947,61542
227310,1304
232035,61542
227310,59822
232035,1304
211965,1304
208788,1304
160029,61542
198882,61542
250653,61542
202959,1304
202959,59822
250947,1304
160029,59822
208788,61542
248373,61542
204795,1304
250653,1304
227310,61542
248373,59822
248373,1304
250653,59822
204795,59822
160029,1304
250947,59822
242151,61542
203724,59822
234030,61542
242151,1304
249513,59822
208797,1304
231282,1304
249513,1304
211965,61542
203724,1304
197286,61542
208575,59822
197286,59822
238263,1304
234030,59822
208515,61542
238263,59822
238263,61542
234030,1304
208515,1304
208515,59822
208575,61542
208797,59822
194718,61542
197286,1304
231282,59822
249513,61542
211965,59822
208797,61542
194718,1304
231282,61542
194718,59822
208575,1304
203724,61542
242151,59822
203064,11262
203709,11262
242412,33534
242571,33534
203709,33534
208722,33534
192771,11262
203064,33534
252210,33534
208899,11262
208899,33534
203727,11262
61215,11262
208566,11262
242571,11262
208500,33534
221151,11262
221151,33534
208476,11262
246618,33534
208566,33534
208476,33534
59703,33534
208500,11262
246618,11262
192756,11262
61215,33534
252774,11262
192756,33534
159027,11262
252210,11262
252774,33534
211542,11262
159027,33534
211542,33534
59703,11262
203100,11262
216648,33534
208722,11262
208479,33534
63582,33534
148782,11262
205662,33534
229341,11262
220170,33534
205662,11262
63582,11262
203388,11262
196455,11262
208479,11262
229341,33534
196455,33534
208626,33534
203316,33534
203388,33534
203328,11262
203316,11262
66378,11262
203100,33534
251721,11262
2061063,33534
251721,33534
2061063,11262
221526,11262
66378,33534
199860,11262
199860,33534
148782,33534
203328,33534
221526,33534
251631,33534
251631,11262
208626,11262
251202,33534
203118,11262
203322,11262
224145,11262
203052,33534
203118,33534
210441,11262
201837,11262
224145,33534
251382,11262
212505,11262
203322,33534
203727,33534
251382,33534
192771,33534
203052,11262
210441,33534
203295,11262
203295,33534
251202,11262
208806,33534
208740,11262
208740,33534
158016,11262
158016,33534
208911,33534
216648,11262
208536,11262
208536,33534
212505,33534
222516,33534
201837,33534
208806,11262
208911,11262
222516,11262
220170,11262
208554,11262
222306,33534
238689,33534
208572,33534
208539,33534
252375,33534
208491,11262
252375,11262
208539,11262
208491,33534
208761,11262
205188,11262
210129,33534
205188,33534
208761,33534
211947,33534
211947,11262
246627,33534
246627,11262
244878,33534
244878,11262
208503,11262
208503,33534
157680,33534
238689,11262
222306,11262
207390,33534
219456,33534
251085,11262
223554,11262
223554,33534
203310,11262
208617,11262
203310,33534
208617,33534
208521,11262
201564,33534
203502,33534
237300,11262
246216,11262
203502,11262
208521,33534
246216,33534
251085,33534
201564,11262
221196,11262
221196,33534
208572,11262
219456,11262
157680,11262
207390,11262
208893,11262
211989,11262
208821,11262
237765,33534
211989,33534
237765,11262
208524,11262
61629,33534
205728,11262
208524,33534
205728,33534
203112,33534
208560,11262
208482,33534
61629,11262
203112,11262
208560,33534
208482,11262
205122,11262
205122,33534
195507,33534
195507,11262
208506,33534
208821,33534
212571,11262
227115,11262
212571,33534
212337,33534
212337,11262
208545,33534
208545,11262
235380,11262
208533,11262
203301,33534
235380,33534
208533,33534
203301,11262
227115,33534
208485,33534
208485,11262
241203,11262
250629,33534
241203,33534
200508,11262
250629,11262
200508,33534
192768,11262
192768,33534
208893,33534
210129,11262
237300,33534
203058,11262
197799,11262
210846,33534
208554,33534
208506,11262
240990,33534
246339,33534
197799,33534
249795,33534
203058,33534
129204,33534
246339,11262
203706,11262
240990,11262
203706,33534
210846,11262
210678,33534
205665,11262
249795,11262
129153,33534
203127,11262
129153,11262
229521,33534
208590,33534
229521,11262
208590,11262
200502,11262
210678,11262
208584,33534
205731,33534
205731,11262
200502,33534
208584,11262
129204,11262
203127,33534
203889,33534
203532,11262
235191,33534
205665,33534
203889,11262
210690,11262
238377,33534
211548,11262
203574,11262
210690,33534
238377,11262
211548,33534
203532,33534
242412,11262
235191,11262
203574,33534
62817,33534
183105,11262
201522,11262
64959,33534
232065,33534
210633,11262
226827,11262
208758,11262
183492,33534
220269,11262
232065,11262
226827,33534
72483,33534
176403,11262
223968,33534
248202,11262
156486,11262
156486,33534
248202,33534
198573,33534
212721,33534
212721,11262
201282,33534
62817,11262
197673,11262
237057,11262
220269,33534
208341,33534
176403,33534
237057,33534
228948,11262
72483,11262
201282,11262
172704,11262
183105,33534
183492,11262
223968,11262
64959,11262
197673,33534
208758,33534
172704,33534
195723,33534
228948,33534
203178,33534
194424,33534
244287,11262
212235,33534
213978,33534
203700,11262
203796,11262
230073,33534
212220,33534
230073,11262
157767,33534
203796,33534
157767,11262
187659,33534
225501,11262
25749,33534
212235,11262
217752,33534
198873,11262
218121,33534
244287,33534
196845,11262
194424,11262
212379,11262
213978,11262
25749,11262
217752,11262
198873,33534
218121,11262
211749,11262
205191,33534
205191,11262
226140,11262
212379,33534
198573,11262
225501,33534
156057,11262
185817,11262
209637,33534
194229,11262
203178,11262
156057,33534
211749,33534
72930,11262
231162,33534
195723,11262
187659,11262
209637,11262
201522,33534
208341,11262
212211,11262
186177,33534
196845,33534
249294,33534
186177,11262
231162,11262
212220,11262
163482,33534
163482,11262
185817,33534
249294,11262
212211,33534
72930,33534
247002,33534
203700,33534
247002,11262
226140,33534
194229,33534
61824,11262
188331,33534
211476,11262
221331,33534
215112,33534
215112,11262
221331,11262
213102,33534
56868,33534
213102,11262
61824,33534
251625,33534
199242,11262
199242,33534
229539,33534
225987,11262
225987,33534
192564,33534
192564,11262
206613,33534
194904,11262
229539,11262
187707,33534
211476,33534
194904,33534
216495,33534
56868,11262
251625,11262
157500,33534
251829,11262
129081,11262
224211,11262
232410,11262
61482,33534
184863,11262
238293,33534
61482,11262
198534,33534
232410,33534
251829,33534
60888,33534
237840,33534
227292,33534
227292,11262
60888,11262
198534,11262
72045,33534
236226,11262
157500,11262
236226,33534
72045,11262
237840,11262
225672,11262
225672,33534
184863,33534
216495,11262
128526,11262
183489,11262
66843,33534
229536,11262
222906,11262
183489,33534
66843,11262
229536,33534
194883,11262
60882,33534
222906,33534
194883,33534
244404,33534
60882,11262
245706,11262
245706,33534
244404,11262
209622,11262
234297,11262
251442,11262
209622,33534
238293,11262
251442,33534
217782,33534
232503,11262
128526,33534
216822,11262
206613,11262
212232,33534
212232,11262
246987,33534
155481,33534
246987,11262
183195,11262
187707,11262
183195,33534
188331,11262
155481,11262
232503,33534
187797,11262
223530,11262
223530,33534
216822,33534
242619,11262
246099,33534
246099,11262
242619,33534
187797,33534
217782,11262
247986,33534
234297,33534
232827,33534
178458,11262
72027,11262
187806,11262
178458,33534
187806,33534
248301,11262
188787,11262
216309,33534
188787,33534
216309,11262
194082,11262
212469,33534
194082,33534
72117,33534
212469,11262
172008,33534
178230,33534
172008,11262
215298,33534
207222,11262
215298,11262
232827,11262
230091,33534
207222,33534
198210,11262
72027,33534
248301,33534
203790,33534
203790,11262
205821,11262
205821,33534
61899,11262
210234,11262
178830,33534
210234,33534
188481,33534
210633,33534
61899,33534
188481,11262
242856,11262
178830,11262
242856,33534
213987,11262
244731,33534
244731,11262
172056,11262
172056,33534
253557,33534
253557,11262
213987,33534
183213,11262
183213,33534
191892,11262
230091,11262
72117,11262
128901,33534
249411,33534
198981,11262
95988,11262
66465,33534
128901,11262
198981,33534
223401,11262
129081,33534
224211,33534
249411,11262
246963,11262
200259,33534
200259,11262
66465,11262
229527,11262
246963,33534
238218,33534
247986,11262
238218,11262
211533,33534
229527,33534
198210,33534
250221,11262
178230,11262
232068,11262
191892,33534
232068,33534
250221,33534
158685,11262
232455,33534
158685,33534
232455,11262
95988,33534
223401,33534
211533,11262
211407,1304
206868,59822
206979,61542
211407,61542
206979,59822
206868,1304
206868,61542
211407,59822
206979,1304
190152,1304
206427,59822
249486,61542
249486,1304
249486,59822
206439,1304
206439,59822
190152,61542
206439,61542
190152,59822
206427,61542
206427,1304
190152,56484
190152,50718
211407,50718
206439,30500
211407,30500
211407,56484
206868,56484
206439,50718
206439,56484
190152,30500
206868,50718
206427,50718
206979,30500
249486,50718
249486,30500
206427,56484
206427,30500
249486,56484
206979,50718
206868,30500
206979,56484
158742,11262
161058,33534
165684,33534
188700,33534
153381,11262
187962,33534
165684,11262
182295,33534
203082,33534
187962,11262
206625,33534
206625,11262
172503,11262
239508,11262
182295,11262
207999,33534
203082,11262
239508,33534
207999,11262
155043,33534
153381,33534
188700,11262
164970,33534
156225,33534
68568,33534
64845,33534
154542,33534
161526,11262
153048,11262
187839,11262
153048,33534
212475,33534
161058,11262
164970,11262
212475,11262
246720,33534
89013,33534
64845,11262
154770,11262
156225,11262
172503,33534
161526,33534
216108,33534
180495,33534
154770,33534
206076,11262
56871,33534
226848,33534
210816,11262
153402,11262
153402,33534
56871,11262
226848,11262
205812,33534
210816,33534
178257,33534
65637,11262
65637,33534
186951,11262
154953,33534
155031,11262
178257,11262
155031,33534
154953,11262
245976,33534
245976,11262
167451,33534
205812,11262
159033,11262
171684,33534
158742,33534
180495,11262
204774,33534
184713,11262
184713,33534
203775,33534
204774,11262
153150,11262
203775,11262
212112,33534
206076,33534
171684,11262
153150,33534
159033,33534
212112,11262
246720,11262
207465,33534
209880,33534
167451,11262
207465,11262
209880,11262
155043,11262
186951,33534
204654,11262
184104,33534
72558,11262
236490,33534
71409,33534
186657,11262
204228,11262
204654,33534
229812,11262
186657,33534
236490,11262
155034,33534
155034,11262
203868,33534
203868,11262
210051,33534
187743,11262
154404,33534
154404,11262
187743,33534
250020,33534
250020,11262
220218,11262
72558,33534
154542,11262
229812,33534
167136,33534
224631,33534
161403,11262
154476,11262
167136,11262
224631,11262
67740,11262
67740,33534
220218,33534
207582,11262
243981,33534
243981,11262
161403,33534
207582,33534
192159,33534
192717,33534
154476,33534
192159,11262
184104,11262
192717,11262
71409,11262
204228,33534
153438,33534
211806,11262
153438,11262
219021,33534
231909,11262
224280,11262
239556,33534
231909,33534
183645,11262
64893,11262
64893,33534
203166,33534
238878,11262
238878,33534
89013,11262
66777,11262
227616,11262
187839,33534
61692,33534
61692,11262
227616,33534
68568,11262
66777,33534
203166,11262
239556,11262
183645,33534
224280,33534
210051,11262
208116,33534
208116,11262
227670,33534
244173,11262
227670,11262
154827,33534
206823,11262
206823,33534
207243,11262
154827,11262
219021,11262
244173,33534
207243,33534
211806,33534
250977,33534
209994,11262
191223,33534
209994,33534
250977,11262
191223,11262
207498,33534
172590,11262
207498,11262
222750,33534
220632,33534
186378,33534
153348,11262
153348,33534
220632,11262
209184,33534
65631,11262
186882,11262
186882,33534
64734,33534
209184,11262
68496,33534
64734,11262
210981,11262
219522,33534
178068,11262
178068,33534
231102,33534
219522,11262
68496,11262
210981,33534
128604,11262
64353,33534
187395,33534
241329,11262
230604,33534
191229,11262
216498,11262
230604,11262
191229,33534
80925,11262
216498,33534
240912,11262
199479,33534
241329,33534
65631,33534
240912,33534
174087,33534
174087,11262
199479,11262
166599,33534
186378,11262
166599,11262
187395,11262
64353,11262
232665,33534
231102,11262
208692,33534
153315,33534
210882,11262
188100,11262
175815,11262
179088,33534
188100,33534
183813,33534
183813,11262
179088,11262
212283,33534
212283,11262
65313,33534
223728,33534
223728,11262
204522,11262
204522,33534
153024,33534
69249,11262
153315,11262
69249,33534
153024,11262
175815,33534
214506,11262
129135,11262
210882,33534
153204,11262
129135,33534
208692,11262
166029,33534
232665,11262
212775,33534
166029,11262
221115,33534
123150,33534
212775,11262
166002,11262
221115,11262
123150,11262
228753,11262
203445,33534
166002,33534
203445,11262
228753,33534
214506,33534
65313,11262
165750,11262
80925,33534
223389,33534
165750,33534
153999,11262
153885,11262
153999,33534
205905,33534
167652,33534
71766,11262
186942,33534
66054,33534
187734,11262
187734,33534
186942,11262
205905,11262
165915,33534
66054,11262
213114,33534
163251,11262
214968,33534
214968,11262
165915,11262
233559,33534
213114,11262
153885,33534
156339,33534
62811,11262
212586,33534
216108,11262
223389,11262
181203,33534
211413,11262
172590,33534
65049,11262
211413,33534
154098,33534
181203,11262
242430,11262
156339,11262
212586,11262
242430,33534
242556,11262
154098,11262
242556,33534
65049,33534
167652,11262
71766,33534
62811,33534
204243,33534
204243,11262
233559,11262
198801,11262
153642,33534
224925,33534
182292,11262
224925,11262
217494,33534
182292,33534
158658,11262
217494,11262
158658,33534
198801,33534
179436,11262
203670,11262
204657,11262
211236,33534
203670,33534
211236,11262
153912,33534
204657,33534
222750,11262
153912,11262
179436,33534
157311,11262
153600,33534
240918,11262
204375,33534
65058,11262
204375,11262
153600,11262
67371,11262
65058,33534
211761,33534
67371,33534
211761,11262
201852,11262
201852,33534
219048,11262
219048,33534
240918,33534
188343,33534
157311,33534
165927,11262
165927,33534
188343,11262
153642,11262
253506,33534
210000,11262
163251,33534
247632,11262
162957,11262
251106,33534
251106,11262
248061,33534
248061,11262
247989,33534
247989,11262
247632,33534
237804,33534
208209,11262
237804,11262
223071,33534
223071,11262
209976,33534
209976,11262
212892,11262
212892,33534
244278,33534
208209,33534
162957,33534
61935,33534
157938,11262
208350,11262
249567,11262
208350,33534
248292,33534
248292,11262
233970,33534
233970,11262
210813,33534
210813,11262
201798,33534
157938,33534
187224,33534
187224,11262
243927,33534
243927,11262
176472,33534
201798,11262
176472,11262
244278,11262
233091,33534
233091,11262
251643,33534
139272,33534
139272,11262
248013,33534
248013,11262
211473,33534
211473,11262
203142,33534
203142,11262
251643,11262
229473,33534
251253,33534
251253,11262
184635,11262
184635,33534
203517,33534
203517,11262
224526,11262
224526,33534
162984,11262
162984,33534
191556,11262
191556,33534
229473,11262
153765,11262
204276,33534
153765,33534
204276,11262
246054,33534
246054,11262
204519,11262
204519,33534
192627,11262
192627,33534
167256,11262
167256,33534
206304,33534
206304,11262
160770,11262
160770,33534
249567,33534
177474,11262
177474,33534
249930,33534
208053,33534
225747,11262
187263,11262
225747,33534
228741,11262
173613,33534
228741,33534
173613,11262
249930,11262
246804,11262
248178,33534
248178,11262
163101,33534
163101,11262
223782,33534
223782,11262
191247,33534
191247,11262
187263,33534
208053,11262
197835,11262
197835,33534
186327,11262
167676,33534
167676,11262
232029,33534
232029,11262
96444,11262
204480,33534
96444,33534
155085,11262
204480,11262
155085,33534
249207,33534
249207,11262
59700,33534
59700,11262
196722,11262
196722,33534
246804,33534
197529,11262
184488,11262
210114,11262
222159,11262
207240,33534
207240,11262
244158,33534
244158,11262
206637,33534
206637,11262
191451,33534
210114,33534
197529,33534
191451,11262
252480,33534
252480,11262
154032,11262
154032,33534
184488,33534
153669,11262
153669,33534
222159,33534
249579,11262
249579,33534
183387,11262
211386,33534
211386,11262
207993,11262
66924,33534
207993,33534
66924,11262
154743,11262
249633,33534
154743,33534
249633,11262
241305,33534
241305,11262
252696,33534
252696,11262
210954,33534
210954,11262
183387,33534
153726,11262
153726,33534
212688,33534
186216,33534
203268,11262
203268,33534
153960,11262
153960,33534
188604,11262
224841,33534
188604,33534
224841,11262
186216,11262
154881,11262
153309,33534
153309,11262
222438,33534
222438,11262
154485,11262
154485,33534
157416,11262
157416,33534
207600,11262
182565,33534
182565,11262
207600,33534
236655,11262
181860,33534
181860,11262
231414,33534
231414,11262
239115,11262
239115,33534
161787,33534
161787,11262
66033,11262
66033,33534
165762,33534
165762,11262
154869,11262
154869,33534
166995,11262
166995,33534
154881,33534
154068,33534
197034,33534
181149,11262
203214,11262
186447,33534
227469,11262
186447,11262
227469,33534
225012,33534
225012,11262
181149,33534
64218,33534
154068,11262
64218,11262
213513,33534
213513,11262
211815,33534
211815,11262
206847,33534
206847,11262
128604,33534
186438,33534
203214,33534
186438,11262
212478,11262
184509,33534
184509,11262
155106,33534
229977,11262
229977,33534
155106,11262
172695,11262
172695,33534
205740,11262
205740,33534
209799,33534
209799,11262
207084,33534
206745,11262
206745,33534
207084,11262
212478,33534
236655,33534
197034,11262
212688,11262
192144,33534
204771,33534
238608,33534
238608,11262
161283,11262
209796,33534
161283,33534
209796,11262
175899,11262
175899,33534
67335,11262
185244,11262
192144,11262
185244,33534
129264,33534
129264,11262
206811,33534
61353,11262
206811,11262
204771,11262
157224,33534
189012,11262
157224,11262
183921,33534
222711,11262
183921,11262
222711,33534
153141,33534
153141,11262
225654,33534
225654,11262
236775,33534
236775,11262
140277,33534
194388,11262
194388,33534
140277,11262
63867,11262
63867,33534
189012,33534
67335,33534
64272,33534
220011,11262
209520,11262
75723,11262
75723,33534
175809,11262
154119,11262
154119,33534
165786,11262
165786,33534
155097,33534
209520,33534
64272,11262
155097,11262
203073,11262
203073,33534
182442,11262
182442,33534
223518,11262
223518,33534
220011,33534
175809,33534
204411,33534
204411,11262
72312,33534
164457,33534
164457,11262
192714,11262
192714,33534
228729,33534
203199,11262
228729,11262
203199,33534
203871,11262
203871,33534
216948,11262
230010,33534
216948,33534
230010,11262
203439,33534
203439,11262
72312,11262
186327,33534
247956,11262
247956,33534
248250,11262
241389,33534
230178,11262
66915,33534
66915,11262
227973,11262
248250,33534
227973,33534
235299,11262
235299,33534
174513,33534
177951,33534
177951,11262
165312,33534
165312,11262
162795,33534
162795,11262
243408,11262
243408,33534
241389,11262
230178,33534
154473,33534
210825,11262
176607,11262
153072,11262
176607,33534
225480,33534
225480,11262
224931,33534
211767,11262
224931,11262
211767,33534
228315,33534
204141,11262
204141,33534
228315,11262
203232,11262
210825,33534
203232,33534
154473,11262
174513,11262
188730,11262
217380,33534
153756,33534
172719,11262
154956,33534
154956,11262
247974,33534
247974,11262
207330,33534
153756,11262
207330,11262
177903,11262
188730,33534
177903,33534
162603,33534
162603,11262
246870,33534
246870,11262
234555,33534
203133,11262
234555,11262
172719,33534
233040,11262
233040,33534
212526,33534
203256,33534
203256,11262
72918,33534
72918,11262
226623,33534
226623,11262
178938,33534
178938,11262
245631,33534
245631,11262
234864,33534
234864,11262
212430,11262
176319,33534
212430,33534
212526,11262
176319,11262
153072,33534
203241,11262
154803,33534
154434,11262
225351,33534
225699,11262
187875,11262
225699,33534
128763,33534
128334,11262
128334,33534
128763,11262
154434,33534
65577,11262
207597,33534
207597,11262
191238,33534
231459,11262
191238,11262
231459,33534
176577,33534
176577,11262
187875,33534
225351,11262
204768,33534
183672,11262
61935,11262
209094,33534
209094,11262
225276,11262
225276,33534
172587,11262
172587,33534
172035,33534
188196,11262
188196,33534
172035,11262
154506,33534
154506,11262
192618,11262
192618,33534
183672,33534
204768,11262
65577,33534
210795,33534
217380,11262
232614,11262
203247,11262
155388,33534
155388,11262
158274,33534
158274,11262
232614,33534
244446,11262
244446,33534
203088,11262
210795,11262
203736,33534
203088,33534
207618,11262
203736,11262
207618,33534
163377,11262
203241,33534
163377,33534
154113,33534
203247,33534
154113,11262
217293,33534
203274,33534
203274,11262
218061,33534
218061,11262
171372,33534
171372,11262
61305,33534
61305,11262
207927,11262
207927,33534
207366,11262
186078,33534
207366,33534
61902,11262
186078,11262
61902,33534
217293,11262
203133,33534
154803,11262
183666,11262
72108,33534
237195,33534
227238,11262
225972,33534
225972,11262
229263,33534
229263,11262
72108,11262
237252,33534
166437,11262
187221,11262
237252,11262
166437,33534
174279,33534
174279,11262
66918,33534
66918,11262
252066,33534
252066,11262
227238,33534
237195,11262
228438,11262
228438,33534
179700,11262
222204,33534
222204,11262
208206,33534
208206,11262
183468,33534
183468,11262
244680,33534
244680,11262
191226,11262
250668,33534
191226,33534
203829,11262
250668,11262
203829,33534
242415,33534
242415,11262
187221,33534
72561,33534
210045,11262
236766,11262
210834,33534
244041,33534
244041,11262
161208,33534
161208,11262
203646,33534
203646,11262
236766,33534
210843,33534
72561,11262
210843,11262
203145,33534
203145,11262
173796,33534
173796,11262
165183,33534
165183,11262
183666,33534
194409,11262
210834,11262
194409,33534
188844,33534
209154,33534
209154,11262
155271,33534
155271,11262
67314,33534
67314,11262
65640,11262
65640,33534
212745,33534
212745,11262
67764,33534
67764,11262
231144,33534
161667,11262
161667,33534
231144,11262
188844,11262
179700,33534
210045,33534
203733,33534
188853,33534
208509,11262
208509,33534
158499,11262
244644,33534
158499,33534
244644,11262
221409,33534
221409,11262
188853,11262
231708,11262
245154,33534
245154,11262
225396,33534
225396,11262
217620,33534
217620,11262
193911,33534
193911,11262
195249,11262
195249,33534
203271,11262
203271,33534
203733,11262
184710,33534
184710,11262
209073,33534
209073,11262
203277,33534
203277,11262
163044,33534
163044,11262
60870,33534
156489,11262
60870,11262
156489,33534
167316,11262
167316,33534
218673,33534
218673,11262
231708,33534
64365,33534
171702,11262
203184,11262
195771,11262
165132,33534
165132,11262
156063,33534
156063,11262
203280,33534
203280,11262
203184,33534
232656,33534
64365,11262
232656,11262
229737,33534
229737,11262
203451,33534
203451,11262
181662,33534
181662,11262
171702,33534
195771,33534
177672,11262
177672,33534
207588,11262
231225,33534
154011,11262
154011,33534
231225,11262
212592,33534
212592,11262
206634,33534
206634,11262
203811,33534
203811,11262
164631,33534
164631,11262
210000,33534
204780,11262
204780,33534
180471,33534
207588,33534
180471,11262
153204,33534
234018,11262
157236,11262
157236,33534
155052,11262
210408,33534
88821,33534
155052,33534
210408,11262
88821,11262
153744,11262
253098,33534
248706,33534
203454,11262
253098,11262
243477,11262
203454,33534
251610,33534
205722,11262
153744,33534
204144,33534
251610,11262
204144,11262
65067,33534
205722,33534
208080,33534
188937,11262
222621,11262
164640,33534
165126,11262
208080,11262
222621,33534
162960,11262
203181,33534
188637,11262
182556,33534
246915,11262
172419,11262
218265,11262
162960,33534
246915,33534
250782,33534
203181,11262
157398,33534
157398,11262
155055,33534
247134,11262
155055,11262
244479,11262
250782,11262
247134,33534
209697,11262
162624,11262
232788,11262
165126,33534
209697,33534
232788,33534
248706,11262
219450,33534
211047,11262
230286,11262
155337,11262
214998,11262
155337,33534
188847,11262
230286,33534
188847,33534
166005,11262
154635,33534
230331,11262
166005,33534
247029,11262
227223,11262
230331,33534
227223,33534
154635,11262
204483,11262
237675,11262
249687,11262
237675,33534
164871,11262
153675,33534
205815,33534
205815,11262
207822,11262
243390,33534
154008,33534
242439,11262
201741,11262
249687,33534
203466,33534
205947,11262
201741,33534
247029,33534
203466,11262
154551,33534
154551,11262
203259,11262
203259,33534
243477,33534
155100,11262
240924,33534
155100,33534
204057,11262
240924,11262
204057,33534
164640,11262
203055,11262
248205,33534
248205,11262
203055,33534
214998,33534
154008,11262
242439,33534
205947,33534
182556,11262
188637,33534
188961,11262
252177,11262
178818,33534
232452,33534
212550,11262
222894,33534
69060,11262
222894,11262
203820,33534
69060,33534
203820,11262
154509,11262
183450,11262
154509,33534
209970,33534
250974,11262
250974,33534
209970,11262
159831,33534
211632,11262
212550,33534
172419,33534
159831,11262
154146,33534
211632,33534
206616,33534
154146,11262
242409,11262
242409,33534
154560,33534
252177,33534
153672,11262
204717,11262
204717,33534
252405,11262
244575,33534
252405,33534
211047,33534
174195,11262
174195,33534
159330,11262
159330,33534
154374,11262
154374,33534
249063,11262
235842,11262
211812,11262
249063,33534
214194,33534
251169,11262
247239,11262
251169,33534
212397,11262
207396,11262
214194,11262
212397,33534
251766,11262
232452,11262
183450,33534
65067,11262
249222,11262
205353,11262
207396,33534
249222,33534
191250,11262
205353,33534
250362,11262
191250,33534
203151,11262
157710,33534
236823,33534
203151,33534
220713,11262
162624,33534
153084,11262
195063,33534
236823,11262
195063,11262
157710,11262
218265,33534
153084,33534
192735,33534
154560,11262
192735,11262
188961,33534
204759,11262
180195,33534
204759,33534
201030,11262
247239,33534
248550,11262
206616,11262
248550,33534
191232,11262
244575,11262
238887,33534
201030,33534
238887,11262
210168,33534
210168,11262
207387,33534
220713,33534
247374,11262
180672,33534
156024,33534
250362,33534
207387,11262
244479,33534
180672,11262
247374,33534
191232,33534
156024,11262
180195,11262
207822,33534
219420,11262
153675,11262
216123,33534
216123,11262
88920,11262
244065,33534
154812,11262
153882,11262
88920,33534
153882,33534
154740,11262
64764,33534
154797,11262
153888,11262
153423,11262
189009,33534
154797,33534
153423,33534
220095,11262
64764,11262
61908,11262
212256,33534
154887,11262
181746,33534
220095,33534
154887,33534
61908,33534
212256,11262
154740,33534
244065,11262
198792,33534
154812,33534
249081,33534
249297,11262
210111,33534
222540,11262
198792,11262
195582,11262
66879,33534
66879,11262
195582,33534
63873,33534
189009,11262
176595,11262
63873,11262
153888,33534
176595,33534
65328,11262
65328,33534
238611,33534
154035,11262
222540,33534
154035,33534
238611,11262
249081,11262
128685,11262
128685,33534
179790,11262
179790,33534
210810,33534
154518,11262
246150,33534
64860,33534
183675,11262
64299,33534
186384,11262
154041,11262
183675,33534
149634,11262
246150,11262
205659,33534
154041,33534
186384,33534
205659,11262
162792,33534
154167,11262
149634,33534
203784,11262
162792,11262
203784,33534
154167,33534
238875,11262
71301,33534
238875,33534
71301,11262
188937,33534
64860,11262
183459,33534
244866,11262
171939,11262
155556,11262
154518,33534
155556,33534
153279,11262
165687,11262
153279,33534
210810,11262
165687,33534
233427,11262
243954,33534
233427,33534
188685,11262
183459,11262
171939,33534
243954,11262
188685,33534
181746,11262
163578,11262
244866,33534
163578,33534
190113,11262
248064,11262
64299,11262
190113,33534
216981,33534
210111,11262
219420,33534
208068,33534
154821,33534
186990,33534
249159,33534
186990,11262
165744,33534
165744,11262
163131,33534
163131,11262
154707,33534
247878,11262
154707,11262
244092,11262
249159,11262
153867,11262
239577,33534
239577,11262
153867,33534
61347,33534
206838,11262
206838,33534
61347,11262
209829,11262
238068,11262
210141,33534
203661,33534
154821,11262
244869,11262
233961,33534
248064,33534
155403,33534
181371,11262
181371,33534
153288,11262
217872,33534
66336,11262
153288,33534
204483,33534
154383,11262
243390,11262
154383,33534
217872,11262
208473,11262
234120,11262
208473,33534
236115,11262
247878,33534
177873,11262
244869,33534
66336,33534
177873,33534
236115,33534
208068,11262
164871,33534
234120,33534
238068,33534
209829,33534
173940,11262
210141,11262
157080,33534
245826,11262
183786,11262
211740,33534
207996,11262
179838,33534
210627,11262
155016,11262
195894,33534
179838,11262
210627,33534
164007,33534
166362,11262
233961,11262
164007,11262
154578,33534
166362,33534
154578,11262
228564,11262
216981,11262
211740,11262
228564,33534
195894,11262
245826,33534
249297,33534
155016,33534
157080,11262
210978,33534
65052,33534
200364,11262
210120,33534
203661,11262
200364,33534
210120,11262
244092,33534
223776,11262
153720,33534
223776,33534
65052,11262
207996,33534
153720,11262
210978,11262
181704,11262
181704,33534
203511,11262
198552,33534
203511,33534
212181,33534
198552,11262
183786,33534
194790,33534
212181,11262
194790,11262
191553,33534
219450,11262
204093,11262
162843,33534
183789,33534
248871,33534
184485,11262
187650,11262
227295,11262
204222,33534
72645,11262
184674,11262
153138,33534
252618,11262
205959,11262
251766,33534
153792,33534
197676,11262
231096,33534
175239,33534
253146,11262
227295,33534
207219,33534
198855,33534
60864,33534
183789,11262
175266,11262
198855,11262
248598,33534
231663,33534
253335,11262
210342,33534
204222,11262
188106,11262
212595,33534
210876,11262
219381,11262
178761,11262
184113,11262
219381,33534
187974,33534
177921,11262
251121,11262
188106,33534
231900,11262
189045,11262
154077,33534
231096,11262
184485,33534
253308,11262
175239,11262
153138,11262
211683,11262
187650,33534
251142,33534
154494,11262
247548,11262
164337,33534
128469,11262
204054,33534
67827,33534
128469,33534
183912,33534
67827,11262
179496,11262
198057,33534
154077,11262
207216,11262
207216,33534
204762,33534
231900,33534
183912,11262
219132,11262
175266,33534
60864,11262
241263,33534
207219,11262
240852,33534
184113,33534
179496,33534
162843,11262
176643,11262
248598,11262
241263,11262
248871,11262
247548,33534
253146,33534
253335,33534
253308,33534
204762,11262
198945,11262
153312,33534
67056,11262
184698,11262
184698,33534
154494,33534
153312,11262
240852,11262
198057,11262
67158,11262
72645,33534
219132,33534
67158,33534
189045,33534
253053,11262
184674,33534
203094,33534
248724,11262
212595,11262
181593,11262
246711,33534
242505,33534
167571,11262
235458,11262
235458,33534
217002,11262
253506,11262
218958,33534
165717,11262
216033,33534
192300,11262
197676,33534
212574,11262
167571,33534
246711,11262
251142,11262
219030,11262
185067,11262
61353,33534
176643,33534
178761,33534
68676,33534
153792,11262
235842,33534
204054,11262
191553,11262
208449,11262
242505,11262
208449,33534
216033,11262
210171,11262
227988,11262
218958,11262
210171,33534
67056,33534
234972,11262
252618,33534
204093,33534
248724,33534
68676,11262
210876,33534
234972,33534
244005,33534
192300,33534
175878,33534
217002,33534
155403,11262
253053,33534
219030,33534
173940,33534
211812,33534
210342,11262
205959,33534
175878,11262
188265,33534
211683,33534
165717,33534
164337,11262
178818,11262
203094,11262
181593,33534
251235,11262
231663,11262
153672,33534
212574,33534
185067,33534
234018,33534
244005,11262
251121,33534
188265,11262
187974,11262
251235,33534
177921,33534
198945,33534
227988,33534
234093,63510
208881,60978
234093,50716
207399,60978
234093,60978
207399,63510
208488,60978
208599,50716
203106,63510
211950,63510
210393,50716
208881,63510
207399,50716
208881,50716
210393,60978
208872,50716
208488,50716
208599,60978
72900,60978
211950,50716
208599,63510
72900,63510
208488,63510
203106,50716
72900,50716
208872,60978
208872,63510
203106,60978
210393,63510
211950,60978
197595,59822
197595,61542
203673,61542
181101,1304
175293,1304
172161,61542
197595,1304
25743,61542
25743,1304
25743,59822
157185,1304
172161,59822
164661,1304
183576,61542
183576,59822
183576,1304
183573,1304
183573,59822
183573,61542
211125,1304
211125,59822
164661,61542
164661,59822
211125,61542
172161,1304
164064,1304
164064,59822
164064,61542
203175,61542
208794,1304
208794,59822
203175,59822
203175,1304
208794,61542
250434,61542
166128,61542
250434,59822
164541,1304
250434,1304
154275,61542
199044,61542
199044,59822
199044,1304
173667,61542
173667,59822
173667,1304
202638,1304
202638,59822
208812,61542
202638,61542
208812,59822
208812,1304
224169,61542
157185,61542
157185,59822
154275,59822
154275,1304
164541,59822
166128,1304
166128,59822
175293,59822
181101,59822
154665,59822
61344,61542
174468,61542
186174,1304
205995,1304
193542,1304
208347,1304
174468,59822
174468,1304
186174,61542
198867,1304
198867,59822
154890,61542
184950,1304
166356,1304
184950,59822
154245,1304
226662,61542
166356,59822
186174,59822
154665,1304
154245,59822
224169,59822
61344,59822
203460,61542
193542,61542
215247,59822
215247,1304
203460,59822
203460,1304
167514,59822
224169,1304
61344,1304
208347,61542
167514,61542
167514,1304
193542,59822
205995,61542
154665,61542
208347,59822
166356,61542
215247,61542
187101,61542
181101,61542
154890,1304
153303,59822
154245,61542
198867,61542
184950,61542
187101,1304
153303,1304
153303,61542
187101,59822
175293,61542
186987,61542
154890,59822
205995,59822
164541,61542
186987,59822
203673,1304
186987,1304
203673,59822
226662,59822
226662,1304
162810,3382
194601,3382
186933,60978
194601,60978
71274,50716
71271,50716
194601,63510
204189,60978
71271,60978
162810,63510
204189,63510
162810,60978
71271,3382
194601,50716
206952,50716
204189,3382
206952,63510
204189,50716
71274,60978
210615,63510
206952,60978
210615,60978
71274,3382
71274,63510
206952,3382
210615,3382
154713,50716
186933,3382
210615,50716
186933,63510
71271,63510
186933,50716
154713,63510
162810,50716
154713,60978
154713,3382
203709,59822
229341,59822
241203,59822
208479,59822
205188,1304
203532,1304
148782,59822
251631,59822
203709,1304
241203,1304
210129,59822
205731,1304
148782,1304
251631,1304
203574,1304
229521,59822
196455,61542
208476,1304
208476,59822
208476,61542
148782,61542
208899,1304
203574,59822
63582,61542
203574,61542
196455,59822
205188,59822
196455,1304
229341,1304
208479,61542
210129,61542
205731,59822
229521,1304
205188,61542
59703,61542
216648,61542
241203,61542
208554,59822
208554,61542
203889,1304
242571,59822
242571,1304
246618,1304
208899,61542
246618,59822
246618,61542
203889,59822
192756,59822
242412,61542
208503,1304
208503,59822
203889,61542
208503,61542
229521,61542
242412,59822
192756,61542
242412,1304
208761,1304
61215,61542
208761,59822
235191,1304
235191,59822
235191,61542
61215,59822
208806,61542
208554,1304
208806,59822
63582,1304
199860,61542
199860,59822
199860,1304
252375,61542
212505,61542
157680,61542
203709,61542
229341,61542
63582,59822
252375,59822
157680,59822
252375,1304
157680,1304
208806,1304
203532,59822
203058,61542
192756,1304
203328,61542
203058,59822
208899,59822
216648,59822
203058,1304
203328,59822
216648,1304
203328,1304
242571,61542
210129,1304
246627,1304
208479,1304
208545,61542
208545,59822
235380,61542
208533,61542
235380,59822
244878,1304
244878,59822
244878,61542
208893,1304
203502,1304
208533,59822
208533,1304
235380,1304
203301,1304
246216,61542
208545,1304
203388,61542
208821,59822
208572,61542
221196,61542
222306,1304
212337,1304
208524,1304
221196,59822
221196,1304
212337,59822
203502,59822
208524,59822
208572,59822
208572,1304
212337,61542
208524,61542
208893,59822
208821,61542
203301,59822
205731,61542
205728,1304
211542,59822
212571,61542
200508,61542
200508,59822
200508,1304
205728,59822
212571,59822
227115,1304
212571,1304
211542,1304
195507,1304
195507,59822
59703,1304
195507,61542
205728,61542
211542,61542
208821,1304
227115,59822
203301,61542
208485,1304
208485,59822
223554,61542
227115,61542
211989,61542
211989,59822
223554,1304
211989,1304
237765,1304
237765,59822
237765,61542
223554,59822
208485,61542
203388,59822
208521,1304
219456,1304
220170,1304
208584,59822
59703,59822
222306,61542
203100,61542
208584,61542
246627,59822
246627,61542
208584,1304
220170,59822
205665,61542
246339,1304
246339,59822
205665,59822
208740,61542
208506,61542
208626,61542
208521,59822
61629,59822
251085,1304
203532,61542
211947,1304
208626,1304
61629,1304
251631,61542
208626,59822
251085,61542
211947,59822
61629,61542
251085,59822
211947,61542
208506,1304
208506,59822
220170,61542
246339,61542
208893,61542
207390,61542
208560,59822
203502,61542
207390,1304
208560,61542
207390,59822
208740,1304
219456,61542
205665,1304
219456,59822
208617,61542
208617,59822
203388,1304
208617,1304
208521,61542
208560,1304
208482,1304
246216,59822
212505,59822
246216,1304
208482,59822
208740,59822
205122,61542
203052,1304
203052,59822
208482,61542
205122,59822
203100,1304
222306,59822
205122,1304
203052,61542
203100,59822
208761,61542
61215,1304
251382,1304
2061063,59822
201564,61542
203322,59822
159027,1304
203127,59822
159027,59822
222516,59822
2061063,1304
66378,1304
66378,59822
201564,59822
66378,61542
252210,61542
222516,61542
159027,61542
192768,1304
203127,1304
203310,61542
221526,61542
203127,61542
208590,61542
251721,61542
203706,1304
129153,61542
249795,59822
249795,1304
205662,1304
222516,1304
205662,59822
129204,1304
203727,59822
210441,1304
201564,1304
208590,1304
211548,59822
129204,61542
252210,1304
203322,1304
252210,59822
203706,59822
205662,61542
192768,59822
210441,59822
249795,61542
251202,59822
201837,1304
201837,59822
208500,61542
208500,59822
250629,61542
208500,1304
250629,59822
252774,61542
203727,1304
251202,61542
252774,59822
252774,1304
251202,1304
203727,61542
224145,61542
200502,61542
201837,61542
203316,61542
192768,61542
203316,59822
203310,59822
203322,61542
210690,1304
192771,1304
208566,1304
192771,59822
208566,59822
2061063,61542
210690,59822
192771,61542
208566,61542
203316,1304
203310,1304
200502,59822
211548,61542
210690,61542
203706,61542
250629,1304
224145,1304
210441,61542
221526,59822
129204,59822
208536,59822
203112,61542
197799,59822
208911,1304
238377,59822
208536,61542
197799,1304
238377,1304
240990,61542
208539,1304
208911,59822
221526,1304
208536,1304
129153,1304
208491,61542
158016,1304
221151,61542
251382,59822
221151,59822
251721,1304
208911,61542
238377,61542
208539,59822
208590,59822
200502,1304
238689,61542
238689,59822
238689,1304
211548,1304
210846,1304
210678,61542
210846,59822
203064,1304
208539,61542
208722,59822
203064,59822
210846,61542
210678,59822
210678,1304
197799,61542
203064,61542
208491,59822
208722,1304
221151,1304
224145,59822
208491,1304
203295,1304
212505,1304
203118,59822
237300,59822
203118,1304
158016,59822
240990,1304
129153,59822
203295,61542
203118,61542
240990,59822
203295,59822
203112,1304
208722,61542
237300,61542
251382,61542
158016,61542
237300,1304
251721,59822
203112,59822
211407,60978
206439,63510
206427,63510
208881,11262
206439,60978
249486,50716
208518,11262
206868,60978
236973,33534
203106,33534
206427,50716
206979,60978
208881,33534
208518,33534
206979,63510
207399,33534
206439,50716
208488,11262
206868,63510
211407,63510
190152,60978
236973,11262
203106,11262
72900,33534
239217,11262
206979,50716
208599,33534
234093,11262
190152,63510
206427,60978
208872,33534
239217,33534
249486,63510
211407,50716
72900,11262
210393,33534
190152,50716
208872,11262
206868,50716
208599,11262
249486,60978
207399,11262
208488,33534
234093,33534
211950,11262
211950,33534
210393,11262
234093,61542
208518,61542
208872,61542
208518,1304
208881,1304
208518,59822
208872,1304
208872,59822
208881,61542
208881,59822
72900,59822
208599,59822
211950,61542
239217,59822
208488,61542
72900,61542
211950,59822
211950,1304
234093,59822
210393,1304
210393,59822
210393,61542
208599,1304
208488,1304
234093,1304
203106,59822
236973,61542
203106,1304
236973,59822
236973,1304
72900,1304
239217,1304
208599,61542
239217,61542
207399,1304
207399,59822
203106,61542
207399,61542
208488,59822
206760,59822
247983,61542
224787,59822
251967,59822
224787,61542
238032,1304
238032,59822
238032,61542
211524,61542
251967,61542
251967,1304
206940,1304
206940,59822
206760,61542
206346,59822
247983,1304
206940,61542
190776,1304
206760,1304
206346,1304
231057,61542
206361,61542
190776,59822
242388,61542
242388,1304
225393,61542
242388,59822
206346,61542
206361,1304
190776,61542
206361,59822
247983,59822
211527,61542
210186,1304
212442,1304
231057,1304
222669,59822
222669,1304
211527,1304
211524,1304
211524,59822
211527,59822
210186,61542
220728,1304
220728,59822
220728,61542
252081,61542
252081,59822
252081,1304
225393,1304
230028,59822
225393,59822
198522,61542
198522,59822
198522,1304
207339,61542
212442,59822
212442,61542
206481,61542
230028,1304
210186,59822
206481,59822
206481,1304
207339,59822
222669,61542
207339,1304
242442,1304
242442,59822
242442,61542
217848,61542
230028,61542
231057,59822
206748,59822
224787,1304
232269,61542
243546,59822
251619,1304
206376,59822
206376,1304
251619,59822
206748,1304
251619,61542
212448,61542
212448,59822
247962,59822
243546,61542
243546,1304
206343,61542
244380,59822
232269,1304
244380,1304
217848,1304
247962,61542
212748,59822
232269,59822
247962,1304
217848,59822
212748,1304
244380,61542
212448,1304
206343,1304
206748,61542
206343,59822
206376,61542
212748,61542
158766,1304
206607,1304
158766,61542
158766,59822
206964,61542
206514,61542
206964,59822
206433,61542
206448,61542
212640,61542
211638,61542
212640,59822
222843,61542
212640,1304
252396,61542
248682,59822
206349,61542
206607,59822
206514,59822
193323,61542
211638,59822
238827,59822
206442,59822
238827,61542
227829,61542
227829,59822
227829,1304
207102,59822
207102,1304
193323,1304
252396,1304
206442,1304
193323,59822
248682,61542
252396,59822
206607,61542
194208,1304
194208,59822
206421,61542
210840,1304
212637,61542
198990,59822
198990,61542
207123,1304
206448,59822
206484,61542
206964,1304
210840,59822
210840,61542
207123,59822
211641,1304
211641,59822
206496,61542
206448,1304
211641,61542
206928,1304
198990,1304
212637,59822
207147,61542
25734,1304
206421,59822
206421,1304
25734,61542
206349,59822
211638,1304
194208,61542
222843,59822
206349,1304
207147,1304
212637,1304
222843,1304
248682,1304
206457,61542
207147,59822
25734,59822
238827,1304
210897,1304
206415,61542
238572,1304
238572,59822
206664,59822
206367,1304
206367,59822
249855,1304
238572,61542
225669,61542
206367,61542
222759,59822
196302,1304
207096,1304
207096,59822
206856,1304
207096,61542
196302,59822
206856,59822
222759,61542
206856,61542
196302,61542
206784,61542
207099,61542
206664,1304
206958,61542
206484,59822
206478,61542
228060,61542
228060,59822
228060,1304
206451,1304
206451,59822
206451,61542
206355,1304
207828,61542
207828,59822
207828,1304
249855,61542
206355,59822
206484,1304
249855,59822
206478,1304
206667,1304
206667,59822
225669,1304
206667,61542
225669,59822
206478,59822
206784,59822
206784,1304
206988,1304
206988,59822
242232,1304
206958,1304
242232,59822
242232,61542
211383,1304
211383,59822
158610,1304
158610,59822
158610,61542
207129,1304
207129,59822
192942,1304
207129,61542
211383,61542
206415,1304
207102,61542
206460,1304
206460,59822
206442,61542
206460,61542
206415,59822
250275,1304
232404,61542
196311,61542
196311,1304
207099,59822
206664,61542
235932,61542
206850,61542
250275,59822
207099,1304
206850,59822
206850,1304
206988,61542
235932,59822
192942,59822
206958,59822
207345,1304
206355,61542
235932,1304
196311,59822
207345,59822
192942,61542
207345,61542
250275,61542
234156,1304
207123,61542
234156,59822
207267,59822
63876,1304
207156,61542
232404,59822
206673,59822
63690,1304
63690,59822
207156,59822
63876,61542
207267,1304
207156,1304
220302,61542
207267,61542
207144,61542
195447,1304
206406,59822
206670,61542
206406,1304
241026,61542
206799,1304
206673,1304
206991,61542
239247,1304
239247,59822
206991,59822
206955,1304
206955,59822
206787,59822
206787,1304
249843,1304
206955,61542
206763,61542
206928,61542
249843,59822
249843,61542
206412,1304
206412,59822
206406,61542
206763,59822
206412,61542
205107,1304
206763,1304
206991,1304
239247,61542
241026,59822
206799,59822
249216,61542
234021,1304
195378,59822
195378,61542
206358,59822
206358,1304
210897,61542
205107,61542
210897,59822
70890,1304
207144,1304
221751,1304
221751,59822
251493,59822
251493,1304
221751,61542
70890,59822
70890,61542
207144,59822
206496,1304
206496,59822
195378,1304
234021,59822
206799,61542
222225,61542
212301,59822
241026,1304
212301,1304
250749,1304
241824,1304
195447,59822
206670,59822
195447,61542
206670,1304
241824,59822
205107,59822
250749,59822
206358,61542
250749,61542
241824,61542
222225,1304
222225,59822
251493,61542
234021,61542
206772,1304
63876,59822
220302,59822
207150,1304
61977,1304
206646,1304
61977,59822
212433,61542
61977,61542
207114,1304
207114,59822
207114,61542
250344,1304
207078,61542
222759,1304
207150,61542
207150,59822
212301,61542
245046,59822
206433,1304
210585,1304
212433,59822
206457,59822
206928,59822
210585,59822
234156,61542
249216,59822
206433,59822
249216,1304
245046,61542
210585,61542
206514,1304
232404,1304
212433,1304
250344,59822
245046,1304
63690,61542
207078,1304
206646,61542
250344,61542
206772,61542
206646,59822
220302,1304
207078,59822
206673,61542
206457,1304
206787,61542
206772,59822
194601,36762
194601,36722
71271,36720
206952,36722
204189,36720
162810,36762
162810,36722
204189,36762
162810,36720
71271,36762
204189,36722
154713,36762
71271,36722
154713,36720
71274,36722
210615,36720
71274,36762
210615,36762
154713,36722
210615,36722
186933,36720
71274,36720
186933,36762
206952,36762
194601,36720
186933,36722
206952,36720
211407,34092
206868,56714
206439,56714
190152,56714
206868,34092
206979,56714
206979,34092
206439,34092
211407,56714
206427,56714
206952,56714
249486,56714
190152,34092
249486,34092
206427,34092
206952,34092
213987,61542
248301,59822
197673,1304
223530,59822
178830,1304
223530,1304
186177,61542
205821,61542
205191,61542
205191,59822
172704,61542
212211,59822
72930,59822
178830,61542
197673,59822
157767,61542
178458,59822
218121,61542
188331,1304
157767,1304
157767,59822
60882,61542
232503,59822
247002,61542
188331,59822
222906,59822
226140,59822
218121,59822
186177,1304
213987,59822
72117,61542
72117,59822
213987,1304
248301,61542
186177,59822
232503,1304
226140,1304
247002,59822
226140,61542
247002,1304
242619,59822
72930,1304
178230,59822
232065,61542
242619,1304
72117,1304
234297,61542
248301,1304
212211,1304
183105,61542
178458,61542
208758,1304
205821,1304
237057,1304
249294,59822
66843,61542
249294,61542
245706,59822
128526,1304
178230,61542
232065,1304
60882,1304
211749,61542
245706,1304
237057,59822
217782,1304
242619,61542
178830,59822
66843,1304
232503,61542
66843,59822
178230,1304
232065,59822
245706,61542
128526,61542
72930,61542
217782,59822
246963,61542
222906,61542
128526,59822
198210,1304
237057,61542
218121,1304
198210,59822
234297,59822
205821,59822
217782,61542
178458,1304
211749,1304
172704,59822
222906,1304
223530,61542
200259,1304
211749,59822
212211,61542
183105,59822
205191,1304
172704,1304
183105,1304
249294,1304
208758,61542
208758,59822
246963,59822
198210,61542
60882,59822
197673,61542
223968,59822
200259,59822
194904,61542
62817,61542
216309,61542
194082,61542
209637,61542
209637,59822
209637,1304
194904,1304
194904,59822
194082,59822
194082,1304
212469,1304
212469,59822
212469,61542
198873,61542
172008,1304
198873,59822
172008,59822
198873,1304
172008,61542
215298,1304
215298,59822
216309,59822
216309,1304
62817,59822
129081,59822
72045,59822
72045,1304
198534,61542
198534,59822
198534,1304
224211,61542
129081,61542
224211,59822
224211,1304
129081,1304
62817,1304
188787,61542
216495,61542
188787,59822
188787,1304
216495,59822
216495,1304
210633,1304
210633,59822
210633,61542
207222,61542
215298,61542
61824,59822
230091,61542
211533,1304
238218,61542
238218,59822
238218,1304
201522,1304
246963,1304
201522,61542
226827,61542
226827,59822
226827,1304
128901,61542
187659,61542
187659,59822
187659,1304
213102,61542
128901,59822
128901,1304
213102,59822
229527,61542
61824,1304
25749,1304
211533,59822
211533,61542
158685,1304
183492,59822
230091,59822
230091,1304
176403,61542
176403,59822
176403,1304
207222,59822
207222,1304
212721,61542
183492,1304
212721,59822
158685,59822
212721,1304
183492,61542
228948,61542
228948,59822
228948,1304
232068,61542
232068,59822
232068,1304
158685,61542
187806,1304
187806,59822
72045,61542
237840,61542
250221,59822
191892,59822
191892,1304
250221,1304
232455,61542
95988,1304
95988,59822
95988,61542
232455,59822
232455,1304
198981,1304
198981,59822
198981,61542
172056,59822
232827,61542
172056,1304
232827,59822
232827,1304
253557,1304
251625,61542
251625,59822
172056,61542
250221,61542
191892,61542
246099,61542
244731,1304
244731,59822
244731,61542
61899,61542
210234,61542
210234,59822
210234,1304
61899,59822
61899,1304
188481,1304
246099,1304
246099,59822
188481,59822
242856,61542
188481,61542
203790,61542
242856,59822
242856,1304
203790,59822
203790,1304
253557,59822
251625,1304
253557,61542
155481,59822
251442,61542
251442,59822
251442,1304
209622,59822
209622,1304
229536,1304
229536,59822
229536,61542
155481,61542
155481,1304
194883,1304
72027,1304
229539,61542
72027,59822
72027,61542
187806,61542
229539,59822
229539,1304
237840,1304
237840,59822
209622,61542
194883,59822
199242,61542
216822,61542
199242,59822
199242,1304
206613,1304
206613,59822
187707,1304
187707,59822
206613,61542
187707,61542
183213,61542
216822,59822
194883,61542
183213,59822
183213,1304
187797,61542
216822,1304
187797,59822
187797,1304
183489,61542
183489,59822
183489,1304
25749,59822
201522,59822
213102,1304
212220,61542
248202,61542
211476,1304
211476,59822
225672,61542
211476,61542
225672,59822
225672,1304
185817,61542
225501,1304
225501,59822
248202,1304
185817,59822
163482,1304
163482,59822
185817,1304
163482,61542
212220,59822
212220,1304
225501,61542
61482,59822
248202,59822
238293,61542
212232,1304
195723,59822
194229,1304
225987,1304
194229,59822
251829,61542
231162,61542
194229,61542
231162,59822
231162,1304
195723,1304
195723,61542
201282,1304
251829,59822
249411,1304
251829,1304
192564,1304
192564,59822
192564,61542
201282,61542
61482,61542
201282,59822
61482,1304
212232,59822
225987,61542
208341,1304
183195,61542
156057,59822
156057,1304
183195,59822
183195,1304
247986,1304
208341,61542
247986,59822
208341,59822
64959,1304
238293,1304
64959,59822
64959,61542
247986,61542
66465,1304
188331,61542
66465,59822
234297,1304
66465,61542
200259,61542
156057,61542
238293,59822
213978,1304
244287,1304
213978,59822
212232,61542
213978,61542
194424,61542
194424,59822
194424,1304
246987,1304
212235,61542
212235,59822
244287,59822
230073,61542
212235,1304
244287,61542
246987,59822
203796,61542
246987,61542
230073,1304
203796,59822
203796,1304
230073,59822
225987,59822
232410,59822
227292,1304
196845,61542
196845,1304
196845,59822
221331,59822
221331,61542
212379,1304
212379,59822
217752,1304
217752,59822
198573,59822
217752,61542
236226,61542
244404,61542
72483,1304
72483,59822
157500,61542
223401,1304
198573,61542
221331,1304
236226,59822
244404,59822
203178,61542
232410,61542
219231,59822
203178,59822
203178,1304
219231,1304
184863,1304
184863,59822
198573,1304
244404,1304
184863,61542
156486,61542
232410,1304
156486,59822
156486,1304
61824,61542
72483,61542
249411,61542
236226,1304
249411,59822
157500,59822
229527,59822
220269,61542
215112,59822
56868,59822
56868,1304
215112,61542
203700,1304
223968,1304
203700,59822
227292,61542
60888,59822
203700,61542
227292,59822
223401,61542
60888,1304
215112,1304
219231,61542
223968,61542
60888,61542
212379,61542
220269,1304
229527,1304
223401,59822
220269,59822
25749,61542
56868,61542
157500,1304
248064,59822
177474,59822
153744,1304
187224,1304
204054,59822
184488,1304
244158,61542
205947,61542
205947,1304
216033,61542
177474,1304
176472,59822
184488,59822
233970,61542
244158,59822
176472,1304
248292,61542
204054,1304
184488,61542
233970,1304
233970,59822
244158,1304
205947,59822
206637,59822
248064,61542
249567,61542
191451,61542
189009,59822
187224,61542
207396,61542
243927,59822
189009,61542
248064,1304
233961,1304
252480,1304
191451,59822
233961,59822
207396,1304
210813,1304
210813,59822
252480,59822
252480,61542
207396,59822
251766,59822
216033,1304
191451,1304
153744,59822
177474,61542
153744,61542
248292,59822
248292,1304
187224,59822
206637,1304
66336,61542
251766,61542
243927,61542
189009,1304
249567,1304
66336,59822
243927,1304
66336,1304
251766,1304
206637,61542
210813,61542
233961,61542
216033,59822
249567,59822
242505,61542
251142,61542
236655,59822
180672,1304
180672,59822
231414,59822
231414,1304
181860,61542
180672,61542
181860,59822
181860,1304
236655,61542
236655,1304
214194,1304
236823,1304
236823,59822
236823,61542
220011,61542
220011,59822
220011,1304
250782,1304
250782,59822
155097,61542
231414,61542
201030,61542
201030,59822
201030,1304
214194,59822
214194,61542
207600,59822
207600,1304
252177,1304
252177,59822
252177,61542
165762,61542
165762,59822
165762,1304
209970,1304
209970,59822
161787,61542
161787,59822
161787,1304
209970,61542
206616,1304
206616,59822
206616,61542
250782,61542
155097,59822
155097,1304
203439,1304
240924,1304
240924,59822
230010,61542
230010,59822
230010,1304
240924,61542
228729,61542
228729,59822
228729,1304
214998,1304
214998,59822
214998,61542
154635,1304
154635,59822
164457,61542
164457,59822
164457,1304
154635,61542
153675,1304
203466,61542
203439,59822
165126,1304
203466,59822
165126,59822
165126,61542
210408,1304
210408,59822
210408,61542
253098,1304
253098,59822
175809,61542
175809,59822
175809,1304
253098,61542
251610,1304
251610,59822
251610,61542
208080,1304
208080,59822
208080,61542
203439,61542
203466,1304
207600,61542
224841,1304
153675,61542
186447,1304
181149,1304
248598,61542
225012,61542
225012,59822
225012,1304
198057,1304
186447,61542
198057,59822
186447,59822
203214,61542
224841,59822
198057,61542
203214,59822
203214,1304
253335,1304
253335,59822
253335,61542
212574,1304
212574,59822
212574,61542
181149,59822
181149,61542
248598,59822
64218,1304
128604,1304
253506,1304
253506,59822
253506,61542
206847,61542
206847,59822
206847,1304
253053,1304
253053,59822
253053,61542
211815,61542
211815,59822
211815,1304
213513,61542
213513,59822
213513,1304
248598,1304
64218,61542
64218,59822
212478,61542
212478,59822
212478,1304
154881,61542
154881,59822
154881,1304
252618,61542
253146,1304
253146,59822
222438,61542
222438,59822
222438,1304
253146,61542
153672,1304
153672,59822
153309,61542
153309,59822
153309,1304
186216,61542
153672,61542
186216,59822
186216,1304
224841,61542
252618,59822
252618,1304
207084,61542
154068,1304
207084,59822
207084,1304
209799,61542
209799,59822
209799,1304
251121,1304
251121,59822
251121,61542
155106,61542
155106,59822
155106,1304
184509,61542
184509,59822
253308,1304
184509,1304
253308,59822
154068,61542
253308,61542
154068,59822
153675,59822
217872,1304
176472,61542
164871,59822
245826,61542
244092,1304
244092,59822
246054,61542
244092,61542
246054,59822
246054,1304
164871,1304
204276,61542
204276,59822
211473,1304
204276,1304
164871,61542
229473,61542
229473,59822
229473,1304
233091,61542
243477,1304
233091,59822
233091,1304
245826,59822
245826,1304
206304,1304
206304,59822
248013,61542
162792,1304
162792,59822
248013,59822
248013,1304
139272,61542
139272,59822
139272,1304
162792,61542
162984,61542
162984,59822
162984,1304
71301,1304
71301,59822
191556,61542
191556,59822
191556,1304
71301,61542
206304,61542
243477,59822
244278,61542
243477,61542
247989,1304
248061,59822
248061,1304
251106,61542
153792,1304
251106,59822
251106,1304
153792,59822
153792,61542
67158,1304
67158,59822
67158,61542
175239,1304
175239,59822
162957,61542
175239,61542
162957,59822
162957,1304
251142,1304
251142,59822
248061,61542
247989,59822
244278,59822
247989,61542
244278,1304
162960,1304
162960,59822
162960,61542
209976,61542
209976,59822
209976,1304
223071,61542
223071,59822
223071,1304
237804,61542
247239,1304
237804,59822
237804,1304
247239,59822
247632,61542
247239,61542
247632,59822
247632,1304
246150,61542
211473,59822
64272,61542
153720,61542
192144,1304
209796,61542
209796,59822
209796,1304
238608,61542
153720,1304
238608,59822
238608,1304
153720,59822
189012,61542
211473,61542
189012,59822
189012,1304
212181,1304
212181,59822
212181,61542
140277,61542
155016,1304
155016,59822
140277,59822
192144,59822
61347,61542
192144,61542
61347,59822
217872,59822
64272,59822
64272,1304
217872,61542
67335,61542
67335,59822
67335,1304
206811,61542
244869,1304
206811,59822
244869,59822
244869,61542
129264,61542
249159,1304
129264,59822
129264,1304
249159,59822
249159,61542
61347,1304
140277,1304
155016,61542
236775,61542
154812,61542
64764,59822
64764,61542
203517,61542
203517,59822
203517,1304
243954,1304
243954,59822
243954,61542
251253,61542
251253,59822
251253,1304
251643,61542
251643,59822
251643,1304
246150,1304
203142,61542
203142,59822
203142,1304
246150,59822
64764,1304
154812,59822
236775,59822
154812,1304
236775,1304
225654,61542
225654,59822
225654,1304
153141,61542
153141,59822
153141,1304
249297,1304
249297,59822
183921,61542
249297,61542
183921,59822
183921,1304
212688,61542
212688,59822
212688,1304
238611,1304
238611,59822
238611,61542
207240,61542
165132,1304
207240,59822
228753,59822
188100,61542
65313,1304
65313,59822
232788,59822
65313,61542
232788,1304
228753,1304
157236,61542
153204,1304
157236,59822
228753,61542
157236,1304
155052,61542
155052,59822
155052,1304
178068,1304
232788,61542
188100,59822
247134,1304
247134,59822
246915,61542
153204,61542
210882,1304
210882,59822
210882,61542
246915,59822
179088,1304
179088,59822
246915,1304
179088,61542
153315,1304
153315,59822
153315,61542
247134,61542
188100,1304
178068,59822
178068,61542
186882,1304
205722,59822
205722,1304
222750,59822
222750,61542
219450,61542
203670,1304
203670,59822
203670,61542
219450,59822
158658,1304
158658,59822
219450,1304
158658,61542
201741,61542
153642,1304
153642,59822
222750,1304
191229,61542
186882,59822
191229,59822
186882,61542
153348,1304
153348,59822
153348,61542
203454,61542
187395,1304
187395,59822
187395,61542
203454,59822
240912,1304
240912,59822
203454,1304
240912,61542
191229,1304
205722,61542
153204,59822
174087,61542
210051,59822
249222,61542
56871,1304
56871,59822
180195,59822
56871,61542
180195,1304
178257,1304
178257,59822
178257,61542
174087,59822
249222,59822
223389,1304
223389,59822
249222,1304
223389,61542
181203,1304
181203,59822
206076,61542
206076,59822
206076,1304
180195,61542
183645,1304
183645,59822
183645,61542
187839,1304
187839,59822
247374,61542
187839,61542
246720,1304
246720,59822
247374,59822
246720,61542
247374,1304
207465,1304
207465,59822
207465,61542
181203,61542
62811,1304
62811,59822
204243,61542
153600,59822
153600,61542
154560,61542
157311,1304
157311,59822
154560,59822
157311,61542
154560,1304
182556,61542
211236,1304
211236,59822
182556,59822
211236,61542
182556,1304
174087,1304
153600,1304
153084,1304
62811,61542
153084,59822
203151,61542
153885,1304
153885,59822
203151,59822
153885,61542
205905,1304
205905,59822
203151,1304
205905,61542
153084,61542
165915,1304
165915,59822
165915,61542
204243,1304
204243,59822
201741,59822
153642,61542
201741,1304
172035,1304
154383,61542
154383,59822
154383,1304
208473,61542
208473,59822
208473,1304
177873,61542
172035,59822
67371,1304
177873,59822
172035,61542
177873,1304
208068,61542
154506,1304
154506,59822
208068,59822
209094,61542
209094,59822
209094,1304
153288,1304
204654,59822
219420,59822
204654,61542
154476,1304
219420,1304
154476,59822
181371,61542
154476,61542
181371,59822
181371,1304
153288,61542
61935,1304
61935,59822
153288,59822
61935,61542
154506,61542
208068,1304
154821,61542
176577,1304
153867,59822
176577,61542
153867,1304
206838,61542
65577,1304
65577,59822
65577,61542
206838,59822
206838,1304
209829,61542
210795,1304
210795,59822
210795,61542
209829,59822
203274,1304
176577,59822
191238,61542
154821,59822
153867,61542
154821,1304
183672,1304
183672,59822
183672,61542
187875,1304
187875,59822
187875,61542
128763,1304
128763,59822
128763,61542
207597,1304
207597,59822
207597,61542
191238,1304
191238,59822
219420,61542
204654,1304
207822,1304
167451,61542
204057,59822
153150,59822
204057,1304
153150,61542
203055,61542
184713,1304
184713,59822
203055,59822
184713,61542
203055,1304
154770,1304
154770,59822
154770,61542
154008,61542
239508,1304
153150,1304
167451,59822
239508,61542
167451,1304
67371,59822
67371,61542
211413,1304
211413,59822
211413,61542
155031,1304
155031,59822
155100,61542
155031,61542
153402,1304
153402,59822
155100,59822
155100,1304
153402,61542
204057,61542
239508,59822
154008,59822
187743,61542
68568,61542
227616,1304
227616,59822
227223,59822
227223,1304
227616,61542
237675,61542
237675,59822
237675,1304
206823,1304
206823,59822
206823,61542
207822,61542
187743,1304
187743,59822
207822,59822
227223,61542
68568,59822
206625,1304
166005,1304
206625,59822
154008,1304
206625,61542
155337,61542
155337,59822
155337,1304
164970,1304
164970,59822
188847,61542
164970,61542
188847,59822
188847,1304
166005,61542
166005,59822
68568,1304
210051,61542
210051,1304
207240,1304
212586,1304
246711,61542
245976,61542
207498,1304
207498,59822
246711,59822
207498,61542
246711,1304
212586,59822
182295,61542
212586,61542
68676,61542
68676,59822
68676,1304
186942,1304
186942,59822
186942,61542
245976,59822
245976,1304
154953,61542
154953,59822
207999,59822
207999,61542
204774,1304
204774,59822
204774,61542
171684,1304
171684,59822
171684,61542
226848,1304
226848,59822
244005,61542
226848,61542
244005,59822
154953,1304
244005,1304
214968,1304
214968,59822
214968,61542
188106,61542
153912,59822
188106,59822
188106,1304
153912,61542
80925,1304
198855,61542
80925,59822
80925,61542
198855,59822
198855,1304
199479,1304
199479,59822
199479,61542
166599,1304
166599,59822
153912,1304
251235,1304
233559,1304
251235,59822
233559,59822
233559,61542
204375,1304
204375,59822
218958,61542
204375,61542
218958,59822
211761,1304
211761,59822
218958,1304
211761,61542
219030,61542
219030,59822
219030,1304
251235,61542
207999,1304
182295,59822
248550,1304
203868,1304
210342,1304
229812,59822
229812,61542
153138,61542
155034,1304
155034,59822
155034,61542
203868,59822
182295,1304
153138,59822
153138,1304
203868,61542
154404,1304
154404,59822
154404,61542
250020,1304
229812,1304
210342,59822
192717,61542
210342,61542
180471,59822
180471,61542
167136,1304
167136,59822
242505,59822
167136,61542
242505,1304
217002,61542
217002,59822
243981,1304
243981,59822
243981,61542
217002,1304
192717,1304
192717,59822
250020,59822
250020,61542
240852,61542
177921,1304
224280,1304
224280,59822
224280,61542
203166,1304
203166,59822
203166,61542
247548,61542
64845,1304
64845,59822
247548,59822
64845,61542
247548,1304
165684,1304
165684,59822
165684,61542
250977,61542
250977,59822
153438,1304
250977,1304
153438,59822
153438,61542
208116,1304
208116,59822
208116,61542
240852,59822
227670,1304
227670,59822
240852,1304
227670,61542
154827,1304
154827,59822
177921,61542
154827,61542
177921,59822
166599,61542
220632,1304
220632,59822
65637,1304
65049,61542
172590,1304
172590,59822
172590,61542
186951,1304
186951,59822
186951,61542
65637,59822
220632,61542
69060,61542
65637,61542
205812,1304
205812,59822
205812,61542
69060,59822
209880,1304
65049,59822
65049,1304
156339,61542
156339,59822
240918,1304
240918,59822
240918,61542
249063,59822
65058,1304
65058,59822
249063,1304
65058,61542
251169,61542
153999,1304
251169,59822
153999,59822
251169,1304
153999,61542
156339,1304
69060,1304
209880,59822
209880,61542
64893,61542
244173,59822
211632,59822
244173,61542
211632,1304
207582,1304
207582,59822
207582,61542
67740,1304
67740,59822
67740,61542
220218,1304
220218,59822
248550,61542
220218,61542
248550,59822
244173,1304
64893,59822
154509,61542
64893,1304
154509,59822
154509,1304
161058,1304
161058,59822
250974,61542
161058,61542
250974,59822
155043,1304
250974,1304
155043,59822
155043,61542
238878,1304
238878,59822
238878,61542
211632,61542
249063,61542
179436,61542
179436,59822
166029,61542
123150,1304
123150,59822
123150,61542
166002,1304
166002,59822
219132,59822
166002,61542
219132,1304
175815,1304
175815,59822
175815,61542
248871,61542
183813,1304
183813,59822
183813,61542
219132,61542
212595,1304
223728,1304
166029,59822
67056,61542
209184,1304
209184,59822
209184,61542
67056,59822
68496,1304
68496,59822
67056,1304
68496,61542
212595,61542
208692,1304
208692,59822
208692,61542
212595,59822
166029,1304
248871,59822
223728,59822
179436,1304
204717,59822
252405,61542
252405,59822
252405,1304
64353,1304
64353,59822
64353,61542
174195,61542
174195,59822
174195,1304
159330,61542
159330,59822
159330,1304
154374,61542
154374,59822
154374,1304
204717,1304
204717,61542
248871,1304
191553,1304
223728,61542
153024,1304
153024,59822
153024,61542
175878,61542
175878,59822
69249,1304
69249,59822
175878,1304
69249,61542
248724,61542
248724,59822
248724,1304
191553,61542
191553,59822
203274,59822
203274,61542
218061,1304
72561,61542
187221,1304
187221,59822
232452,59822
187221,61542
232452,1304
72561,1304
72561,59822
209154,1304
229263,1304
209154,59822
209154,61542
235842,61542
235842,59822
235842,1304
155271,1304
155271,59822
252066,61542
252066,59822
252066,1304
232452,61542
229263,61542
157710,59822
157710,1304
237252,1304
237252,59822
250362,61542
237252,61542
174279,1304
174279,59822
250362,59822
174279,61542
250362,1304
66918,1304
66918,59822
66918,61542
155271,61542
184113,61542
67314,1304
194409,1304
187974,1304
194409,61542
227295,61542
244041,1304
244041,59822
227295,59822
244041,61542
227295,1304
161208,1304
161208,59822
161208,61542
184674,61542
184674,59822
203646,1304
203646,59822
194409,59822
187974,59822
67314,59822
187974,61542
184113,59822
67314,61542
184113,1304
154494,61542
154494,59822
154494,1304
212745,1304
212745,59822
212745,61542
67764,1304
67764,59822
67764,61542
231144,1304
231144,59822
231144,61542
229263,59822
157710,61542
209829,1304
171702,1304
203451,61542
203661,61542
181662,1304
203661,59822
181662,59822
181662,61542
203661,1304
171702,59822
203181,1304
171702,61542
210045,1304
210045,59822
210045,61542
179700,1304
179700,59822
179700,61542
203451,59822
203451,1304
183786,1304
229737,61542
203280,59822
203280,61542
195894,61542
203184,1304
203184,59822
195894,59822
203184,61542
195894,1304
232656,1304
232656,59822
232656,61542
183786,61542
229737,1304
229737,59822
183786,59822
222204,1304
222204,59822
222204,61542
242415,1304
242415,61542
248706,61542
248706,59822
228438,1304
228438,59822
248706,1304
228438,61542
227238,1304
227238,59822
227238,61542
203181,61542
225972,1304
225972,59822
203181,59822
225972,61542
242415,59822
250668,61542
208206,1304
250668,59822
208206,59822
208206,61542
249687,61542
183468,1304
183468,59822
183468,61542
249687,59822
244680,1304
244680,59822
249687,1304
244680,61542
248205,61542
248205,59822
250668,1304
248205,1304
184674,1304
203646,61542
155403,61542
156024,1304
223782,61542
162624,1304
156024,61542
191247,1304
191247,59822
156024,59822
191247,61542
246804,1304
236766,1304
246804,59822
246804,61542
211386,1304
211386,59822
211386,61542
211812,61542
66924,1304
162624,59822
223782,59822
223782,1304
162624,61542
173613,61542
247029,59822
247029,1304
249930,1304
249930,59822
222621,61542
249930,61542
248178,1304
248178,59822
248178,61542
163101,1304
163101,59822
222621,59822
163101,61542
222621,1304
66924,59822
211812,59822
66924,61542
210954,59822
210954,61542
183387,1304
183387,59822
178761,1304
183387,61542
249579,1304
249579,59822
197676,61542
249579,61542
197676,59822
222159,1304
222159,59822
197676,1304
222159,61542
204054,61542
178761,59822
210954,1304
211812,1304
178761,61542
211683,61542
249633,1304
249633,59822
249633,61542
211683,59822
211683,1304
241305,1304
241305,59822
241305,61542
252696,1304
252696,59822
235458,61542
252696,61542
235458,59822
235458,1304
247029,61542
173613,59822
173613,1304
165183,1304
165183,61542
65067,59822
183666,1304
183666,59822
65067,1304
183666,61542
247956,1304
247956,59822
204483,61542
247956,61542
204483,59822
204483,1304
186327,1304
186327,59822
186327,61542
165183,59822
65067,61542
167676,59822
178818,1304
236766,59822
155403,59822
236766,61542
155403,1304
210843,1304
210843,59822
210843,61542
203145,1304
203145,59822
203145,61542
178818,61542
173796,1304
173796,59822
173796,61542
178818,59822
167676,1304
167676,61542
187263,61542
59700,1304
211740,61542
59700,61542
211740,59822
211740,1304
247878,61542
247878,59822
197835,1304
197835,59822
247878,1304
197835,61542
243390,61542
187263,1304
187263,59822
243390,59822
243390,1304
59700,59822
198792,1304
232029,1304
198792,59822
232029,59822
232029,61542
204480,1304
204480,59822
204480,61542
181746,61542
249207,1304
181746,59822
181746,1304
249207,59822
249207,61542
153888,61542
153888,59822
153888,1304
198792,61542
203280,1304
156063,61542
249081,1304
203256,1304
162795,61542
195582,59822
195582,1304
176595,61542
176595,59822
176595,1304
65328,61542
203256,59822
207330,1304
65328,59822
203256,61542
65328,1304
72918,1304
72918,59822
154035,61542
72918,61542
195582,61542
162795,59822
162795,1304
165312,61542
66915,61542
228564,61542
248250,1304
228564,59822
248250,59822
228564,1304
248250,61542
177951,1304
177951,59822
177951,61542
210111,61542
210111,59822
165312,1304
165312,59822
210111,1304
226623,1304
154035,59822
226623,59822
244065,1304
233040,1304
233040,59822
153882,61542
233040,61542
153882,59822
153882,1304
172719,1304
172719,59822
172719,61542
154956,1304
154956,59822
154956,61542
247974,1304
247974,59822
247974,61542
176319,61542
244065,59822
154035,1304
176319,59822
226623,61542
178938,1304
178938,59822
178938,61542
128685,61542
245631,1304
245631,59822
128685,59822
245631,61542
234864,1304
234864,59822
128685,1304
234864,61542
244065,61542
176319,1304
66915,59822
66915,1304
166362,1304
65052,61542
65052,1304
203247,1304
203247,59822
181704,61542
203247,61542
181704,59822
181704,1304
155388,1304
155388,59822
155388,61542
203511,61542
203511,59822
158274,1304
158274,59822
203511,1304
65052,59822
223776,1304
232614,1304
186078,61542
218061,59822
218061,61542
171372,1304
171372,59822
171372,61542
61305,1304
61305,59822
200364,61542
61305,61542
200364,59822
200364,1304
186078,1304
223776,61542
186078,59822
223776,59822
158274,61542
232614,59822
230178,61542
225480,61542
224931,1304
224931,59822
210627,59822
224931,61542
210627,1304
228315,1304
228315,59822
228315,61542
210825,1304
210825,59822
210825,61542
166362,61542
230178,1304
230178,59822
166362,59822
210627,61542
225480,59822
232614,61542
225480,1304
203736,1304
203736,59822
203736,61542
203241,1304
203241,59822
203241,61542
210978,61542
210978,59822
210978,1304
157080,61542
153072,1304
153072,59822
157080,59822
153072,61542
157080,1304
153423,61542
207330,59822
156063,59822
231708,59822
217620,61542
238875,59822
238875,1304
193911,1304
193911,59822
193911,61542
231708,1304
231708,61542
153423,59822
64365,1304
64365,59822
64365,61542
231225,1304
231225,59822
244866,61542
231225,61542
217620,59822
217620,1304
238875,61542
225396,61542
221409,59822
221409,61542
149634,59822
149634,1304
188853,1304
188853,59822
203784,61542
188853,61542
245154,1304
245154,59822
203784,59822
245154,61542
203784,1304
225396,1304
225396,59822
212592,1304
212592,59822
212592,61542
207588,59822
154740,59822
207588,61542
154740,1304
177672,1304
177672,59822
177672,61542
195771,1304
195771,59822
195771,61542
249081,61542
180471,1304
165132,59822
165132,61542
249081,59822
156063,1304
154740,61542
207588,1304
244866,59822
210000,61542
206634,1304
206634,59822
244866,1304
206634,61542
210810,61542
203811,1304
203811,59822
203811,61542
210810,59822
164631,1304
210810,1304
164631,59822
164631,61542
210000,1304
210000,59822
221409,1304
149634,61542
244644,61542
154803,1304
153279,61542
154803,61542
153279,59822
153279,1304
233427,61542
233427,59822
233427,1304
203733,1304
203733,59822
188685,61542
203733,61542
188685,59822
188685,1304
184710,1304
184710,59822
154803,59822
234555,61542
209073,1304
154518,1304
207330,61542
153423,1304
220095,61542
220095,59822
162603,1304
162603,59822
220095,1304
162603,61542
246870,1304
246870,59822
246870,61542
154518,61542
234555,1304
234555,59822
154518,59822
184710,61542
163578,61542
244644,59822
183459,1304
218673,59822
218673,61542
203271,1304
203271,59822
203271,61542
64860,61542
195249,1304
195249,59822
64860,59822
195249,61542
64860,1304
183675,61542
183675,59822
183675,1304
244644,1304
218673,1304
183459,59822
209073,59822
183459,61542
209073,61542
163578,59822
203277,1304
203277,59822
163578,1304
203277,61542
163044,1304
163044,59822
163044,61542
60870,1304
190113,61542
60870,59822
190113,59822
60870,61542
190113,1304
128604,59822
61353,61542
128604,61542
61692,1304
153381,59822
153381,1304
172503,61542
172503,59822
172503,1304
212475,61542
212475,59822
212475,1304
61692,61542
61692,59822
191223,61542
187962,1304
191223,59822
191223,1304
236490,61542
236490,59822
236490,1304
72558,61542
72558,59822
72558,1304
192159,61542
192159,59822
153381,61542
187962,59822
165750,61542
71766,61542
165750,1304
188343,61542
188343,59822
188343,1304
213114,61542
213114,59822
213114,1304
66054,61542
66054,59822
66054,1304
71766,59822
187962,61542
71766,1304
154098,61542
154098,59822
154098,1304
212112,61542
212112,59822
212112,1304
203775,61542
203775,59822
203775,1304
192159,1304
163251,61542
163251,59822
207366,1304
154434,59822
154434,1304
231459,61542
231459,59822
231459,1304
207927,61542
207927,59822
207927,1304
207366,61542
207366,59822
61902,61542
163251,1304
61902,59822
61902,1304
217293,61542
217293,59822
217293,1304
154113,61542
154113,59822
154113,1304
244446,61542
244446,59822
154434,61542
128334,1304
128334,59822
128334,61542
225276,61542
225276,59822
225276,1304
172587,61542
172587,59822
172587,1304
188196,61542
188196,59822
188196,1304
192618,61542
192618,59822
192618,1304
204768,61542
204768,59822
204768,1304
225351,61542
225351,59822
225351,1304
225699,61542
225699,59822
225699,1304
165750,59822
230604,1304
216498,1304
224925,59822
64734,61542
64734,59822
64734,1304
65631,61542
65631,59822
65631,1304
217494,61542
217494,59822
217494,1304
224925,61542
224925,1304
219522,59822
159033,61542
159033,59822
159033,1304
180495,61542
180495,59822
180495,1304
203082,61542
203082,59822
203082,1304
156225,61542
219522,1304
219522,61542
230604,59822
204522,1304
241329,59822
241329,1304
210981,61542
210981,59822
210981,1304
129135,61542
129135,59822
129135,1304
204522,61542
204522,59822
212283,61542
232665,1304
212283,59822
212283,1304
214506,61542
214506,59822
214506,1304
221115,61542
221115,59822
221115,1304
232665,61542
232665,59822
156225,59822
156225,1304
158742,61542
216108,59822
210816,61542
210816,59822
210816,1304
201852,61542
201852,59822
201852,1304
186378,61542
186378,59822
186378,1304
216108,61542
216108,1304
158742,59822
203445,61542
203445,59822
203445,1304
212775,61542
212775,59822
212775,1304
231102,61542
231102,59822
231102,1304
230604,61542
153048,1304
153048,59822
153048,61542
89013,1304
158742,1304
224631,61542
224631,59822
224631,1304
161403,61542
161403,59822
161403,1304
184104,61542
184104,59822
184104,1304
204228,61542
204228,59822
204228,1304
211806,61542
211806,59822
211806,1304
239556,61542
239556,59822
239556,1304
89013,61542
89013,59822
244446,1304
203088,61542
203088,59822
208350,61542
154743,1304
210114,61542
210114,59822
210114,1304
154032,61542
154032,59822
154032,1304
153669,61542
153669,59822
153669,1304
208350,59822
154743,61542
208350,1304
157938,61542
157938,59822
157938,1304
201798,61542
201798,59822
201798,1304
208209,61542
208209,59822
208209,1304
154743,59822
207993,1304
203088,1304
208053,59822
96444,61542
96444,59822
96444,1304
155085,61542
155085,59822
155085,1304
196722,61542
196722,59822
196722,1304
208053,61542
208053,1304
207993,59822
225747,61542
225747,59822
225747,1304
228741,61542
228741,59822
228741,1304
197529,61542
197529,59822
197529,1304
207993,61542
212892,61542
212892,59822
212892,1304
204771,61542
222711,1304
194388,61542
194388,59822
194388,1304
63867,61542
63867,59822
63867,1304
157224,61542
157224,59822
157224,1304
204771,59822
153765,61542
204771,1304
161283,61542
161283,59822
161283,1304
175899,61542
175899,59822
175899,1304
185244,61542
185244,59822
185244,1304
222711,59822
222711,61542
153726,1304
153726,59822
153765,59822
153765,1304
204519,61542
204519,59822
204519,1304
192627,61542
192627,59822
192627,1304
167256,61542
167256,59822
167256,1304
160770,61542
160770,59822
160770,1304
184635,61542
184635,59822
184635,1304
224526,61542
224526,59822
224526,1304
153726,61542
210834,1304
210834,59822
210834,61542
243408,1304
241389,59822
241389,1304
227973,61542
227973,59822
227973,1304
235299,61542
235299,59822
235299,1304
243408,61542
243408,59822
174513,61542
153756,61542
174513,59822
174513,1304
188730,61542
188730,59822
188730,1304
212430,61542
212430,59822
212430,1304
212526,61542
212526,59822
241389,61542
154473,1304
154473,59822
154473,61542
207618,61542
207618,59822
207618,1304
163377,61542
163377,59822
163377,1304
217380,61542
217380,59822
217380,1304
176607,61542
176607,59822
176607,1304
211767,61542
211767,59822
211767,1304
204141,61542
204141,59822
204141,1304
203232,61542
203232,59822
203232,1304
212526,1304
153756,59822
188844,1304
72108,1304
191226,59822
191226,1304
203829,61542
203829,59822
203829,1304
237195,61542
237195,59822
237195,1304
72108,61542
72108,59822
166437,61542
153756,1304
166437,59822
166437,1304
65640,61542
65640,59822
65640,1304
161667,61542
161667,59822
161667,1304
188844,61542
188844,59822
191226,61542
204780,1304
204780,59822
204780,61542
177903,61542
177903,59822
177903,1304
203133,61542
203133,59822
203133,1304
156489,61542
156489,59822
156489,1304
167316,61542
167316,59822
167316,1304
208509,61542
208509,59822
208509,1304
158499,61542
158499,59822
158499,1304
154011,61542
154011,59822
154011,1304
241329,61542
216498,59822
192714,59822
172419,1304
154041,59822
154041,1304
154167,61542
154167,59822
154167,1304
164640,61542
164640,59822
164640,1304
172419,61542
172419,59822
183450,61542
64299,1304
183450,59822
183450,1304
191232,61542
191232,59822
191232,1304
191250,61542
191250,59822
191250,1304
203259,61542
203259,59822
154041,61542
64299,59822
189045,61542
211047,61542
189045,1304
198945,61542
198945,59822
198945,1304
204093,61542
204093,59822
204093,1304
205959,61542
205959,59822
205959,1304
211047,59822
64299,61542
211047,1304
212397,61542
212397,59822
212397,1304
212550,61542
212550,59822
212550,1304
234120,61542
234120,59822
234120,1304
203259,1304
216981,61542
216981,59822
179838,1304
66879,59822
66879,1304
154578,61542
154578,59822
154578,1304
164007,61542
164007,59822
164007,1304
179838,61542
179838,59822
194790,61542
216981,1304
194790,59822
194790,1304
198552,61542
198552,59822
198552,1304
210120,61542
210120,59822
210120,1304
239577,61542
239577,59822
66879,61542
63873,1304
63873,59822
63873,61542
222540,61542
222540,59822
222540,1304
61908,61542
61908,59822
61908,1304
179790,61542
179790,59822
179790,1304
188937,61542
188937,59822
188937,1304
205659,61542
205659,59822
205659,1304
212256,61542
212256,59822
212256,1304
216123,61542
216123,59822
216123,1304
189045,59822
175266,1304
216498,61542
238068,59822
230286,61542
230286,59822
230286,1304
230331,61542
230331,59822
230331,1304
236115,61542
236115,59822
236115,1304
238068,61542
238068,1304
209697,59822
88920,61542
88920,59822
88920,1304
154797,61542
154797,59822
154797,1304
154887,61542
154887,59822
154887,1304
155556,61542
209697,1304
209697,61542
175266,59822
176643,1304
61353,59822
61353,1304
154077,61542
154077,59822
154077,1304
164337,61542
164337,59822
164337,1304
176643,61542
176643,59822
181593,61542
205353,1304
181593,59822
181593,1304
183912,61542
183912,59822
183912,1304
184698,61542
184698,59822
184698,1304
205353,61542
205353,59822
155556,59822
155556,1304
165687,61542
60864,59822
234018,61542
234018,59822
234018,1304
244479,61542
244479,59822
244479,1304
244575,61542
244575,59822
244575,1304
60864,61542
60864,1304
165687,59822
72645,61542
72645,59822
72645,1304
165717,61542
165717,59822
165717,1304
173940,61542
173940,59822
173940,1304
175266,61542
231900,1304
231900,59822
231900,61542
231663,1304
165687,1304
171939,61542
171939,59822
171939,1304
186384,61542
186384,59822
186384,1304
207996,61542
207996,59822
207996,1304
210141,61542
210141,59822
210141,1304
218265,61542
218265,59822
218265,1304
220713,61542
220713,59822
220713,1304
231663,61542
231663,59822
239577,1304
154707,61542
154707,59822
204222,61542
179496,1304
183789,61542
183789,59822
183789,1304
192300,61542
192300,59822
192300,1304
203094,61542
203094,59822
203094,1304
204222,59822
179496,61542
204222,1304
204762,61542
204762,59822
204762,1304
71409,61542
71409,59822
71409,1304
186657,61542
186657,59822
186657,1304
179496,59822
128469,1304
154707,1304
185067,59822
210171,61542
210171,59822
210171,1304
234972,61542
234972,59822
234972,1304
167571,61542
167571,59822
167571,1304
185067,61542
185067,1304
128469,59822
188265,61542
188265,59822
188265,1304
219381,61542
219381,59822
219381,1304
231096,61542
231096,59822
231096,1304
128469,61542
207243,61542
207243,59822
207243,1304
165927,61542
242556,1304
167652,61542
167652,59822
167652,1304
187734,61542
187734,59822
187734,1304
219048,61542
219048,59822
219048,1304
165927,59822
209994,61542
165927,1304
182292,61542
182292,59822
182292,1304
198801,61542
198801,59822
198801,1304
204657,61542
204657,59822
204657,1304
242556,59822
242556,61542
242430,1304
242430,59822
209994,59822
209994,1304
219021,61542
219021,59822
219021,1304
231909,61542
231909,59822
231909,1304
66777,61542
66777,59822
66777,1304
154542,61542
154542,59822
154542,1304
161526,61542
161526,59822
161526,1304
188700,61542
188700,59822
188700,1304
242430,61542
208449,1304
208449,59822
208449,61542
188961,1304
155055,59822
155055,1304
157398,61542
157398,59822
157398,1304
188637,61542
188637,59822
188637,1304
188961,61542
188961,59822
192735,61542
210168,61542
192735,59822
192735,1304
195063,61542
195063,59822
195063,1304
204759,61542
204759,59822
204759,1304
207387,61542
207387,59822
155055,61542
88821,1304
88821,59822
88821,61542
163131,61542
163131,59822
163131,1304
165744,61542
165744,59822
165744,1304
186990,61542
186990,59822
186990,1304
205815,61542
205815,59822
205815,1304
242439,61542
242439,59822
242439,1304
154551,61542
154551,59822
154551,1304
204144,61542
204144,59822
204144,1304
207387,1304
210168,59822
184485,1304
241263,1304
207219,59822
207219,1304
210876,61542
210876,59822
210876,1304
227988,61542
227988,59822
227988,1304
241263,61542
241263,59822
67827,61542
210168,1304
67827,59822
67827,1304
153312,61542
153312,59822
153312,1304
162843,61542
162843,59822
162843,1304
184485,61542
184485,59822
207219,61542
207216,1304
207216,59822
207216,61542
238887,61542
238887,59822
238887,1304
154146,61542
154146,59822
154146,1304
159831,61542
159831,59822
159831,1304
203820,61542
203820,59822
203820,1304
222894,61542
222894,59822
222894,1304
242409,61542
242409,59822
242409,1304
187650,61542
187650,59822
187650,1304
192714,61542
206811,1304
153960,1304
216948,1304
227469,59822
203268,61542
203268,59822
227469,1304
165786,61542
154119,1304
154119,59822
154119,61542
197034,1304
203268,1304
153960,61542
153960,59822
188604,61542
188604,59822
188604,1304
165786,59822
165786,1304
227469,61542
154869,59822
206745,59822
206745,61542
186438,61542
186438,59822
186438,1304
154869,61542
223518,1304
182565,1304
154869,1304
166995,61542
166995,59822
166995,1304
182565,61542
182565,59822
205740,1304
205740,59822
205740,61542
204411,61542
75723,1304
75723,59822
75723,61542
204411,1304
204411,59822
154485,1304
72312,1304
203871,61542
72312,59822
154485,59822
154485,61542
72312,61542
203199,1304
203199,59822
239115,1304
157416,61542
216948,59822
229977,59822
216948,61542
197034,59822
172695,1304
172695,59822
172695,61542
229977,1304
229977,61542
157416,59822
197034,61542
239115,61542
239115,59822
157416,1304
203871,1304
203871,59822
206745,1304
203199,61542
209520,1304
223518,61542
66033,1304
66033,59822
182442,59822
192714,1304
203073,59822
66033,61542
209520,61542
182442,1304
203073,61542
209520,59822
182442,61542
203073,1304
223518,59822
213885,34092
213885,56714
200964,34092
211344,56714
193965,56714
246858,34092
220047,34092
200964,56714
220047,56714
128502,34092
211344,34092
128502,56714
246858,56714
193965,34092
71274,32496
210615,32496
186933,32496
162810,32496
162810,53160
71274,53160
204189,32496
204189,53160
154713,53160
194601,32496
71271,53160
194601,53160
154713,32496
71271,32496
206952,53160
186933,53160
206952,32496
210615,53160
206418,61542
216366,1304
216366,59822
240939,63510
206418,59822
208518,50716
240939,60978
216366,61542
215985,61542
239217,63510
240939,50716
236973,63510
236973,60978
206943,1304
206943,59822
236973,50716
206943,61542
208518,60978
215985,1304
215985,59822
208518,63510
239217,50716
239217,60978
206418,1304
244380,56714
206481,56714
231057,56714
232269,56714
210186,34092
206760,56714
206376,34092
220728,56714
212442,56714
206481,34092
238032,34092
238032,56714
198522,56714
206361,56714
198522,34092
206361,34092
243546,56714
217848,34092
243546,34092
217848,56714
252081,34092
242442,56714
252081,56714
242442,34092
211527,56714
211527,34092
220728,34092
206343,34092
224787,56714
206760,34092
231057,34092
224787,34092
210186,56714
244380,34092
242388,56714
212448,34092
211524,56714
247983,56714
222669,34092
230028,56714
211524,34092
251967,34092
207339,34092
247962,34092
242388,34092
212442,34092
207339,56714
251619,56714
190776,56714
247983,34092
206940,34092
251619,34092
206940,56714
230028,34092
232269,34092
206376,56714
251967,56714
206346,34092
206748,56714
222669,56714
225393,34092
206343,56714
225393,56714
212448,56714
212748,56714
206346,56714
212748,34092
206748,34092
190776,34092
247962,56714
238032,63510
232269,50716
238032,50716
212748,60978
244380,63510
212748,63510
242442,60978
190776,63510
251619,60978
224787,63510
238032,60978
251619,50716
242442,63510
251619,63510
247962,50716
243546,60978
242442,50716
251967,50716
243546,63510
247962,63510
247962,60978
243546,50716
212748,50716
198522,63510
198522,60978
206361,63510
212442,63510
206361,50716
251967,60978
251967,63510
198522,50716
206361,60978
206343,60978
211527,50716
247983,60978
206748,63510
211524,50716
206760,50716
224787,60978
244380,50716
206481,50716
206748,60978
231057,50716
206343,63510
212442,50716
244380,60978
206748,50716
225393,50716
225393,60978
212442,60978
232269,63510
210186,50716
232269,60978
210186,60978
210186,63510
230028,63510
207339,63510
211524,60978
207339,60978
231057,63510
230028,50716
211527,60978
231057,60978
247983,63510
230028,60978
206343,50716
206940,50716
211527,63510
206760,63510
206940,60978
211524,63510
206940,63510
207339,50716
219231,50716
219231,60978
206481,63510
224787,50716
219231,63510
206760,60978
206481,60978
225393,63510
247983,50716
206346,63510
222669,50716
252081,50716
190776,60978
222669,60978
222669,63510
206376,63510
212448,50716
242388,60978
242388,63510
190776,50716
212448,60978
206376,60978
220728,50716
206346,60978
217848,60978
217848,63510
217848,50716
252081,60978
206346,50716
242388,50716
220728,60978
212448,63510
220728,63510
206376,50716
252081,63510
204189,16358
186933,35846
71271,61552
210615,35846
162810,61552
71274,16358
162810,35846
162810,16358
204189,35846
210615,61552
210615,16358
71274,61552
71271,16358
71274,35846
154713,35846
204189,61552
206952,35846
71271,35846
194601,61552
206952,61552
206952,16358
194601,35846
194601,16358
186933,61552
186933,16358
154713,61552
154713,16358
160029,34092
197286,56714
197286,34092
248373,56714
242151,56714
243789,34092
243789,56714
232035,56714
227310,56714
208575,56714
208788,56714
238263,34092
160029,56714
208575,34092
227310,34092
238263,56714
208797,34092
198882,34092
198882,56714
249513,56714
234030,56714
204795,34092
249513,34092
219231,56714
208797,56714
204795,56714
234030,34092
219231,34092
231282,34092
231282,56714
208515,34092
208515,56714
203724,56714
203724,34092
232035,34092
250947,56714
250947,34092
242151,34092
208788,34092
248373,34092
202959,56714
194718,56714
211965,34092
211965,56714
202959,34092
250653,56714
194718,34092
250653,34092
162810,42132
162810,59816
71271,59816
194601,59816
210615,60
71271,63186
162810,60
204189,42132
210615,42132
71274,63186
204189,63186
186933,59816
71271,42132
206952,60
71274,60
71274,42132
71274,59816
154713,59816
194601,60
194601,63186
186933,60
154713,42132
154713,63186
154713,60
210615,63186
186933,63186
206952,63186
194601,42132
204189,60
186933,42132
210615,59816
162810,63186
206952,59816
204189,59816
71271,60
206952,42132
206481,56484
212442,56484
206481,30500
206940,56484
247983,56484
247983,50718
230028,30500
211524,56484
206940,50718
225393,30500
206760,30500
212448,30500
251967,30500
206346,50718
198522,30500
212442,30500
206940,30500
238032,30500
206481,50718
217848,56484
211524,30500
207339,30500
211524,50718
231057,50718
230028,56484
231057,56484
210186,30500
210186,50718
224787,30500
230028,50718
225393,56484
225393,50718
210186,56484
206343,56484
222669,30500
238032,56484
206343,50718
238032,50718
231057,30500
232269,50718
206748,30500
244380,30500
242388,56484
206346,30500
206760,50718
207339,56484
190776,50718
206343,30500
206748,50718
207339,50718
242388,50718
206748,56484
206361,30500
242442,30500
190776,56484
224787,56484
206346,56484
232269,30500
198522,56484
251619,56484
244380,56484
198522,50718
224787,50718
242442,56484
212748,50718
212748,56484
244380,50718
252081,50718
243546,30500
206361,56484
212448,50718
251619,30500
206361,50718
247962,50718
243546,50718
243546,56484
220728,56484
242388,30500
252081,30500
212448,56484
206376,30500
247962,56484
247962,30500
212442,50718
220728,50718
217848,30500
242442,50718
212748,30500
211527,30500
251619,50718
217848,50718
232269,56484
222669,50718
211527,50718
220728,30500
251967,50718
251967,56484
247983,30500
206376,50718
222669,56484
190776,30500
206376,56484
252081,56484
206760,56484
211527,56484
181101,63510
181101,60978
172161,50716
157185,50716
172161,60978
166128,50716
154275,63510
154275,60978
172161,63510
187101,50716
154275,50716
198867,50716
166128,63510
153303,63510
184950,60978
157185,63510
154890,60978
166128,60978
157185,60978
208347,50716
203460,63510
187101,60978
186987,63510
184950,50716
186987,60978
25743,63510
184950,63510
154890,50716
202638,50716
183576,50716
215247,50716
153303,60978
186174,50716
164064,60978
164064,63510
183576,63510
186174,63510
186174,60978
164541,63510
250434,60978
187101,63510
203460,60978
250434,50716
164661,60978
215247,63510
208347,60978
215247,60978
164661,50716
202638,63510
202638,60978
224169,63510
25743,60978
198867,63510
153303,50716
164541,60978
193542,63510
193542,60978
193542,50716
224169,50716
250434,63510
154890,63510
224169,60978
203460,50716
183576,60978
164661,63510
164541,50716
198867,60978
25743,50716
181101,50716
203673,50716
164064,50716
167514,60978
203175,60978
175293,60978
203175,50716
208347,63510
208794,63510
167514,63510
208812,63510
208812,60978
208794,60978
183573,63510
208812,50716
167514,50716
211125,50716
205995,63510
154245,50716
205995,60978
173667,63510
211125,60978
166356,63510
175293,63510
154245,60978
197595,50716
154665,50716
61344,63510
197595,60978
61344,60978
154665,60978
174468,63510
154665,63510
61344,50716
174468,60978
166356,60978
174468,50716
183573,50716
226662,63510
226662,60978
183573,60978
203175,63510
166356,50716
226662,50716
173667,60978
197595,63510
203673,60978
208794,50716
186987,50716
199044,63510
199044,60978
203673,63510
173667,50716
211125,63510
205995,50716
199044,50716
154245,63510
175293,50716
211950,56714
207399,56714
203106,34092
208872,56714
208872,34092
234093,34092
234093,56714
208488,56714
208881,34092
207399,34092
210393,56714
208488,34092
208881,56714
203106,56714
208599,56714
72900,34092
210393,34092
72900,56714
208599,34092
211950,34092
204189,61364
204189,1372
194601,63188
186933,63188
210615,61364
194601,62170
162810,61364
186933,61364
210615,63188
71271,61364
210615,62170
71271,63188
162810,1372
194601,1372
162810,63188
71274,62170
154713,61364
204189,62170
71274,63188
162810,62170
154713,63188
71271,62170
186933,1372
71271,1372
71274,1372
210615,1372
186933,62170
204189,63188
154713,1372
194601,61364
71274,61364
154713,62170
199854,60978
203460,56484
174468,30500
154665,56484
215985,63510
154890,30500
199044,30500
157185,50718
206343,62074
157185,56484
215985,60978
183576,56484
154665,30500
199854,63510
183576,50718
206376,62074
235335,63510
206943,63510
212748,62074
244380,62074
211407,62074
174468,56484
183573,30500
174468,50718
215985,50716
183576,30500
164661,56484
166128,30500
164661,50718
154665,50718
242442,62074
197595,30500
226662,56484
250434,50718
206427,62074
208347,56484
175293,30500
224787,62074
181101,56484
205332,63510
250434,56484
208347,50718
205332,60978
181101,50718
173667,30500
77484,60978
77484,63510
164541,30500
250434,30500
77484,50716
208794,30500
222852,50716
222852,60978
238032,62074
222852,63510
225393,62074
173667,56484
203460,30500
173667,50718
164541,50718
203673,50718
154890,50718
164541,56484
208347,30500
203673,56484
212448,62074
205332,50716
226662,50718
25743,30500
175293,50718
199854,50716
251619,62074
175293,56484
242388,62074
243546,62074
154890,56484
208794,50718
166356,30500
166128,56484
157185,30500
247962,62074
252081,62074
166128,50718
202638,30500
203460,50718
183573,50718
199044,50718
217848,62074
166356,50718
164661,30500
166356,56484
59691,50716
183573,56484
232269,62074
231057,62074
199044,56484
206361,62074
181101,30500
208794,56484
198522,62074
226662,30500
154245,50718
59691,60978
224169,56484
248796,63510
195372,63510
195372,60978
206748,62074
223104,50716
195372,50716
224169,50718
208812,50718
167514,30500
211125,30500
206346,62074
193542,30500
243081,50716
243081,60978
248796,60978
164064,50718
154245,30500
187101,56484
187101,50718
167364,63510
167364,60978
223104,63510
223104,60978
207339,62074
203175,30500
248796,50716
167514,56484
167514,50718
211524,62074
222669,62074
208812,56484
164064,56484
224169,30500
205995,56484
25743,56484
208812,30500
186987,30500
198279,63510
211125,56484
186987,56484
210186,62074
186987,50718
184950,56484
203673,30500
184950,50718
249342,63510
249342,60978
184950,30500
249342,50716
154245,56484
205995,30500
211125,50718
153303,30500
154275,56484
205995,50718
153303,50718
153303,56484
193542,50718
193542,56484
172161,30500
164064,30500
206868,62074
154275,50718
249486,62074
243081,63510
172161,50718
172161,56484
154275,30500
206940,62074
167364,50716
197802,50716
228024,60978
206943,50716
212442,62074
228024,63510
233163,60978
233163,50716
190776,62074
186174,50718
206418,63510
197595,50718
206418,60978
198279,50716
251967,62074
61344,30500
206418,50716
198279,60978
216366,63510
235335,50716
233163,63510
206979,62074
211527,62074
59691,63510
215247,56484
215247,50718
235335,60978
61344,56484
202638,50718
190152,62074
239592,63510
239592,60978
202638,56484
220728,62074
61344,50718
206943,60978
215247,30500
186174,30500
187101,30500
186174,56484
247983,62074
197595,56484
206760,62074
206481,62074
197802,60978
197802,63510
198867,56484
216366,60978
203175,50718
203175,56484
206439,62074
198867,50718
239592,50716
25743,50718
198867,30500
228024,50716
216366,50716
230028,62074
208788,50716
208788,60978
234030,63510
197286,50716
197286,60978
160029,50716
198882,63510
211965,63510
234030,60978
250653,63510
231282,50716
234030,50716
231282,63510
231282,60978
208788,63510
198882,60978
208797,50716
250653,60978
204795,60978
198882,50716
208575,50716
160029,63510
211965,50716
160029,60978
208797,60978
208797,63510
204795,63510
208515,50716
211965,60978
204795,50716
250653,50716
208515,60978
208515,63510
208575,60978
208575,63510
197286,63510
242151,50716
194718,63510
232035,63510
242151,60978
242151,63510
238263,50716
249513,50716
238263,60978
238263,63510
202959,63510
243789,63510
243789,60978
194718,50716
202959,60978
194718,60978
249513,63510
243789,50716
202959,50716
250947,50716
250947,60978
203724,50716
203724,60978
248373,63510
227310,50716
227310,63510
250947,63510
248373,60978
232035,60978
248373,50716
227310,60978
232035,50716
203724,63510
249513,60978
71274,48298
204189,48298
186933,48298
210615,48298
154713,48298
162810,48298
71271,48298
206952,48298
194601,48298
229527,60978
249411,50716
234297,60978
192564,50716
183492,60978
232827,63510
234297,63510
229527,63510
183492,50716
212235,60978
251829,63510
234297,50716
212232,63510
212235,63510
245706,60978
232827,60978
224211,50716
156057,63510
128526,60978
156057,60978
232827,50716
183492,63510
156057,50716
249411,60978
245706,50716
212220,60978
128526,50716
212220,63510
128526,63510
163482,50716
212235,50716
232410,50716
64959,60978
212220,50716
213978,63510
64959,63510
72117,50716
198210,60978
155481,60978
198534,63510
228948,63510
208341,63510
163482,63510
213978,60978
60888,50716
251829,50716
208341,60978
228948,60978
230091,50716
209622,63510
213978,50716
232410,60978
228948,50716
163482,60978
198210,63510
208341,50716
212232,60978
245706,63510
251829,60978
194883,50716
242856,50716
249411,63510
224211,60978
212721,50716
212469,63510
211533,50716
203178,63510
244287,50716
66465,60978
66843,63510
62817,50716
194424,63510
66843,60978
244287,60978
203790,63510
66843,50716
244287,63510
194424,60978
62817,60978
212721,60978
66465,63510
207222,63510
211476,60978
62817,63510
60882,63510
128901,50716
209622,50716
212721,63510
60882,60978
211476,63510
207222,60978
129081,63510
60882,50716
207222,50716
129081,60978
211476,50716
203178,50716
203796,50716
129081,50716
155481,63510
244404,50716
229527,50716
172008,50716
203796,63510
224211,63510
198873,63510
194883,60978
198873,60978
200259,63510
244404,60978
203796,60978
200259,60978
244404,63510
230073,50716
209622,60978
198873,50716
230073,60978
194883,63510
200259,50716
230073,63510
225672,63510
66465,50716
225672,60978
242856,60978
225672,50716
203178,60978
242856,63510
211533,60978
225501,50716
72117,60978
222906,50716
230091,60978
72930,50716
198573,50716
203700,60978
203700,63510
72930,60978
187797,50716
72930,63510
196845,63510
230091,63510
220269,50716
186177,50716
223401,60978
223530,60978
220269,60978
203700,50716
217782,63510
157767,50716
187797,63510
205191,50716
211749,60978
211749,63510
208758,50716
183195,50716
157767,63510
208758,60978
198573,60978
157767,60978
183195,60978
198573,63510
208758,63510
187797,60978
223530,63510
196845,60978
186177,60978
217782,60978
172704,50716
229539,63510
172704,63510
212379,60978
237057,50716
212379,63510
229539,60978
172704,60978
176403,50716
237057,60978
72483,63510
232503,63510
72483,60978
237057,63510
217782,50716
237840,63510
188331,63510
220269,63510
223530,50716
232503,50716
196845,50716
183195,63510
186177,63510
229539,50716
212379,50716
238218,50716
188331,60978
210234,63510
237840,60978
232503,60978
238218,60978
72483,50716
188331,50716
156486,63510
187659,63510
216309,50716
237840,50716
226827,60978
226827,63510
225501,63510
236226,60978
187659,50716
236226,63510
183489,63510
72045,63510
56868,50716
176403,63510
215112,63510
223401,50716
215112,60978
223401,63510
183489,60978
236226,50716
212232,50716
225501,60978
198210,50716
232410,63510
72117,63510
64959,50716
206613,63510
211533,63510
206613,60978
201522,63510
185817,50716
201522,60978
201522,50716
185817,63510
206613,50716
185817,60978
226827,50716
215112,50716
242619,63510
248301,50716
232065,60978
238218,63510
194229,50716
246987,50716
194229,60978
232065,63510
194229,63510
183489,50716
156486,60978
211749,50716
210234,60978
232065,50716
187659,60978
205191,63510
205191,60978
246987,60978
246987,63510
56868,60978
156486,50716
56868,63510
242619,60978
248301,60978
72045,60978
176403,60978
248301,63510
72045,50716
210234,50716
242619,50716
222906,63510
25749,63510
25749,60978
25749,50716
222906,60978
227292,63510
178458,50716
95988,60978
216495,50716
247986,63510
194904,60978
194904,63510
72027,60978
187707,50716
72027,63510
216495,63510
247986,60978
95988,63510
216495,60978
187707,60978
232455,50716
187707,63510
157500,63510
157500,60978
232455,63510
232068,63510
199242,63510
197673,63510
247986,50716
199242,60978
197673,60978
199242,50716
197673,50716
157500,50716
232068,60978
251625,63510
251625,60978
183105,63510
191892,63510
229536,50716
231162,50716
215298,50716
194904,50716
213102,50716
61824,60978
158685,60978
229536,60978
187806,63510
249294,63510
61824,63510
187806,60978
187806,50716
232455,60978
158685,50716
209637,50716
212211,50716
238293,63510
231162,63510
238293,60978
195723,50716
95988,50716
61482,50716
216822,63510
195723,60978
238293,50716
61482,60978
231162,60978
195723,63510
216822,60978
216822,50716
61482,63510
72027,50716
183105,60978
251625,50716
155481,50716
184863,50716
246099,50716
244731,60978
178230,50716
188481,50716
210633,60978
61899,63510
178230,60978
244731,50716
178830,50716
217752,50716
188481,60978
178230,63510
213987,50716
184863,60978
213987,60978
216309,63510
217752,60978
213987,63510
217752,63510
188481,63510
184863,63510
61899,60978
61899,50716
178458,63510
203790,50716
210633,50716
212469,50716
203790,60978
178458,60978
244731,63510
172056,50716
183105,50716
210633,63510
191892,60978
232068,50716
183213,63510
246963,63510
223968,63510
223968,60978
246963,60978
183213,60978
223968,50716
191892,50716
205821,50716
246963,50716
215298,60978
183213,50716
250221,63510
205821,60978
250221,60978
205821,63510
250221,50716
216309,60978
253557,50716
178830,63510
172056,63510
253557,60978
178830,60978
253557,63510
246099,63510
172056,60978
246099,60978
249294,60978
194424,50716
212211,60978
212469,60978
61824,50716
226140,50716
212211,63510
209637,63510
247002,63510
188787,63510
192564,63510
60888,60978
221331,50716
251442,63510
188787,60978
229536,63510
198981,60978
248202,50716
218121,63510
251442,60978
188787,50716
247002,60978
221331,60978
172008,63510
201282,50716
128901,60978
225987,60978
201282,63510
247002,50716
128901,63510
194082,60978
194082,50716
225987,63510
226140,63510
201282,60978
194082,63510
226140,60978
60888,63510
221331,63510
248202,63510
215298,63510
225987,50716
192564,60978
248202,60978
198981,63510
198534,60978
172008,60978
198534,50716
198981,50716
251442,50716
227292,50716
158685,63510
213102,60978
218121,50716
249294,50716
218121,60978
227292,60978
213102,63510
209637,60978
207222,10652
194082,124
205191,124
61899,61672
250221,61672
229539,10652
211749,10652
172704,61672
205191,61672
183195,61672
183213,10652
212220,61672
176403,61672
232827,10652
253557,61672
223968,10652
232827,124
61899,124
215298,124
183195,124
237840,124
229539,124
253557,124
172008,61672
178458,124
203790,61672
250221,124
223968,124
198981,61672
210234,124
246987,124
191892,124
225987,10652
246987,61672
156486,10652
223968,61672
237840,61672
183213,124
198534,124
194082,10652
246987,10652
211749,61672
207222,124
191892,61672
211749,124
210234,10652
217782,61672
157767,10652
203790,124
250221,10652
205191,10652
207222,61672
183213,61672
188481,10652
224211,10652
188481,124
186177,61672
188331,124
184863,10652
232827,61672
163482,61672
210633,61672
188481,61672
196845,10652
212220,124
186177,124
61899,10652
196845,124
244731,124
248202,61672
184863,124
198981,124
186177,10652
217752,61672
196845,61672
244731,61672
172008,124
163482,124
224211,61672
188331,61672
238218,61672
192564,10652
237840,10652
230091,10652
248202,124
172008,10652
217752,124
172056,124
192564,61672
238218,124
215298,10652
198573,10652
184863,61672
157767,124
216309,10652
198981,10652
223401,10652
172056,10652
198573,124
157767,61672
248202,10652
183195,10652
244731,10652
72930,61672
217752,10652
216309,61672
212220,10652
198534,61672
172056,61672
72930,124
163482,10652
198573,61672
210633,10652
188331,10652
224211,124
72930,10652
253557,10652
211533,61672
25749,61672
203178,10652
188787,124
228948,124
251442,10652
208341,124
225672,10652
203796,124
232410,124
231162,10652
208341,61672
195723,124
216309,124
228948,61672
212232,10652
203178,124
232410,61672
195723,10652
211476,61672
216822,10652
231162,124
64959,124
232455,124
95988,124
188787,10652
211533,10652
216822,61672
64959,10652
225672,124
232410,10652
216822,124
187806,61672
129081,124
228948,10652
208341,10652
230073,10652
251442,124
129081,61672
188787,61672
249411,124
156057,124
229527,124
187806,10652
156057,61672
203178,61672
249411,10652
156057,10652
232455,10652
203796,10652
158685,10652
251442,61672
230073,61672
229527,61672
187806,124
209637,124
195723,61672
209637,10652
72027,61672
183492,61672
209637,61672
95988,61672
158685,61672
229527,10652
183492,124
230073,124
198873,61672
249411,61672
158685,124
211533,124
183492,10652
198873,124
203796,61672
64959,61672
25749,124
231162,61672
251625,10652
201282,10652
194424,124
232068,10652
56868,10652
211476,124
215112,61672
199242,61672
194082,61672
199242,124
72045,10652
201282,124
156486,61672
215112,124
194424,10652
225987,124
72045,124
157500,61672
206613,61672
211476,10652
232068,61672
210234,61672
25749,10652
191892,10652
156486,124
72045,61672
251625,124
198873,10652
251625,61672
232068,124
62817,10652
194424,61672
172704,124
244287,10652
215112,10652
56868,124
95988,10652
226827,61672
201282,61672
72027,10652
201522,61672
225672,61672
187707,61672
201522,124
244287,61672
201522,10652
198534,10652
206613,124
212232,124
72027,124
206613,10652
236226,61672
129081,10652
199242,10652
212232,61672
157500,124
62817,124
56868,61672
157500,10652
236226,10652
232455,61672
236226,124
187707,124
62817,61672
226827,10652
187707,10652
226827,124
244287,124
225987,61672
192564,124
203790,10652
66465,10652
249294,124
248301,61672
187659,124
249294,61672
213102,10652
212211,10652
229536,10652
213102,124
61824,124
248301,124
61824,10652
242619,10652
213102,61672
248301,10652
200259,61672
221331,61672
176403,10652
208758,61672
247002,61672
226140,124
185817,61672
187659,61672
226140,10652
223401,61672
225501,10652
128901,10652
221331,124
247002,124
183489,10652
242856,61672
61824,61672
221331,10652
247002,10652
249294,10652
212211,124
242619,124
232065,124
212469,124
194229,124
194229,10652
216495,10652
232065,10652
183489,61672
229536,61672
212211,61672
155481,124
232065,61672
187659,10652
216495,124
247986,124
216495,61672
194229,61672
247986,10652
176403,124
183489,124
222906,124
194904,10652
194904,124
194904,61672
229536,124
242619,61672
222906,10652
61482,10652
238293,61672
61482,124
238293,124
61482,61672
238293,10652
60888,10652
185817,124
185817,10652
234297,10652
212721,61672
215298,61672
66843,61672
128526,124
128526,10652
209622,61672
212721,10652
60882,61672
128901,61672
234297,124
60882,10652
60882,124
212235,10652
212235,124
230091,61672
194883,124
212721,124
128526,61672
72483,10652
66843,124
66843,10652
244404,61672
244404,124
242856,10652
66465,124
244404,10652
200259,10652
242856,124
200259,124
194883,10652
66465,61672
209622,124
234297,61672
226140,61672
225501,61672
72117,10652
227292,10652
230091,124
218121,61672
218121,124
198210,124
227292,124
212235,61672
198210,61672
60888,124
218121,10652
227292,61672
212469,10652
225501,124
251829,61672
72117,124
213978,10652
251829,124
198210,10652
128901,124
72117,61672
251829,10652
245706,10652
213978,124
213978,61672
60888,61672
155481,10652
194883,61672
245706,124
245706,61672
209622,10652
222906,61672
223401,124
183105,10652
246099,124
205821,10652
232503,10652
208758,124
237057,124
183105,124
205821,61672
212379,10652
212379,61672
232503,124
220269,61672
183105,61672
178230,124
246963,124
237057,61672
220269,124
212469,61672
210633,124
208758,10652
213987,10652
223530,61672
187797,61672
178230,61672
187797,10652
72483,61672
246963,10652
238218,10652
212379,124
187797,124
203700,61672
246099,61672
217782,124
203700,124
247986,61672
217782,10652
246099,10652
197673,10652
223530,124
197673,124
237057,10652
229539,61672
172704,10652
178830,10652
178830,61672
232503,61672
213987,124
72483,124
203700,10652
155481,61672
178458,61672
197673,61672
178458,10652
178830,124
246963,61672
178230,10652
205821,124
220269,10652
213987,61672
223530,10652
224211,50718
155481,50718
246099,30500
163482,30500
217752,30500
60888,30500
213987,30500
212220,50718
212220,56484
245706,30500
61899,50718
216495,30500
244731,50718
251829,56484
251829,50718
198534,30500
209622,56484
172008,50718
253557,56484
246099,50718
232068,30500
232827,30500
212469,30500
178230,30500
172056,30500
210633,30500
61899,56484
209622,50718
188481,30500
212220,30500
218121,30500
227292,50718
227292,56484
163482,56484
244731,56484
251829,30500
163482,50718
198534,50718
215298,50718
245706,56484
198534,56484
224211,30500
245706,50718
198981,30500
224211,56484
244731,30500
172008,30500
178458,50718
62817,30500
244287,30500
66843,56484
66843,50718
194424,50718
203178,50718
203178,56484
178458,56484
203790,30500
184863,56484
188481,56484
225672,30500
244287,50718
244287,56484
194424,56484
209622,30500
203796,30500
178458,30500
242856,56484
242856,50718
203790,56484
203790,50718
212469,50718
194883,56484
200259,30500
211476,30500
229527,30500
194883,50718
230073,56484
225672,50718
61899,30500
184863,50718
188481,50718
192564,30500
62817,50718
60882,50718
212721,50718
211476,50718
178230,50718
211476,56484
212721,56484
178830,30500
217752,56484
248202,30500
129081,50718
129081,56484
62817,56484
207222,30500
60882,30500
178230,56484
216309,50718
211533,30500
216309,56484
213987,50718
217752,50718
66465,56484
207222,50718
207222,56484
213987,56484
194424,30500
60882,56484
232827,50718
66465,50718
232827,56484
66843,30500
155481,56484
227292,30500
194082,56484
218121,50718
194904,30500
183213,50718
183213,56484
195723,50718
223968,56484
195723,56484
238293,30500
209637,30500
216822,50718
61482,50718
61482,56484
216822,30500
247986,56484
251625,30500
247986,50718
246963,50718
216822,56484
246963,56484
95988,30500
249294,50718
61824,56484
249294,56484
60888,56484
72027,30500
238293,56484
61482,30500
223968,50718
205821,30500
231162,56484
238293,50718
195723,30500
212211,30500
231162,50718
231162,30500
158685,30500
218121,56484
187707,56484
95988,56484
128901,56484
191892,56484
187707,50718
72027,56484
232455,30500
157500,50718
199242,30500
197673,56484
232068,56484
232068,50718
197673,50718
199242,56484
199242,50718
191892,50718
95988,50718
187806,30500
183105,56484
157500,30500
187707,30500
194904,50718
183105,50718
194904,56484
216495,56484
216495,50718
251625,56484
247986,30500
197673,30500
128901,50718
72027,50718
251625,50718
157500,56484
61824,50718
213102,30500
187806,50718
201282,50718
232455,50718
226140,50718
226140,56484
247002,30500
201282,56484
209637,56484
212211,56484
60888,50718
198981,50718
61824,30500
229536,56484
221331,56484
246963,30500
221331,50718
225987,50718
225987,56484
183105,30500
253557,50718
172008,56484
232455,56484
192564,50718
226140,30500
246099,56484
184863,30500
192564,56484
172056,56484
172056,50718
248202,50718
229536,30500
248202,56484
155481,30500
194082,50718
212211,50718
210633,50718
253557,30500
178830,56484
247002,56484
213102,56484
249294,30500
213102,50718
158685,56484
158685,50718
183213,30500
191892,30500
250221,50718
250221,56484
251442,30500
188787,30500
223968,30500
187806,56484
221331,30500
178830,50718
247002,50718
229536,50718
251442,50718
251442,56484
205821,50718
188787,50718
188787,56484
201282,30500
194082,30500
225987,30500
210633,56484
198981,56484
205821,56484
209637,50718
250221,30500
230073,50718
232503,56484
198873,30500
211533,50718
237840,30500
210234,30500
215298,56484
25749,50718
222906,50718
25749,56484
238218,56484
244404,56484
238218,30500
222906,56484
248301,50718
56868,56484
56868,50718
242856,30500
215112,30500
229539,30500
206613,30500
242619,30500
211749,30500
183195,30500
205191,50718
205191,56484
194229,56484
216309,30500
194229,50718
246987,30500
25749,30500
232065,50718
232065,56484
238218,50718
246987,50718
246987,56484
194229,30500
211533,56484
248301,30500
72045,30500
242619,50718
128526,56484
201522,30500
156486,30500
226827,30500
185817,50718
185817,56484
187659,30500
198210,30500
201522,50718
129081,30500
201522,56484
236226,30500
183489,50718
232410,56484
183489,56484
185817,30500
226827,50718
226827,56484
56868,30500
242619,56484
223401,50718
128901,30500
215112,50718
215112,56484
223401,56484
212232,30500
225501,50718
72045,50718
72045,56484
236226,56484
236226,50718
176403,50718
225501,56484
183489,30500
232065,30500
72117,56484
196845,50718
188331,50718
172704,50718
172704,56484
229539,50718
72483,30500
188331,30500
183195,56484
183195,50718
196845,30500
186177,56484
186177,50718
220269,56484
220269,50718
232503,30500
186177,30500
237057,30500
237840,50718
188331,56484
72483,56484
237057,56484
232503,50718
237057,50718
72483,50718
217782,30500
223530,30500
210234,56484
237840,56484
172704,30500
212379,50718
210234,50718
187797,30500
212379,56484
176403,30500
72930,56484
72930,50718
187659,50718
220269,30500
187797,50718
157767,50718
223530,56484
157767,56484
217782,56484
211749,56484
187797,56484
211749,50718
222906,30500
205191,30500
156486,56484
208758,30500
187659,56484
156486,50718
212469,56484
217782,50718
229539,56484
198573,56484
230091,56484
196845,56484
212379,30500
203700,56484
198573,30500
230091,50718
203700,50718
157767,30500
223530,50718
72930,30500
203700,30500
215298,30500
208758,56484
208758,50718
198573,50718
64959,30500
248301,56484
156057,56484
212721,30500
230073,30500
249411,30500
183492,30500
156057,50718
203796,56484
198210,56484
198210,50718
213978,30500
249411,56484
200259,50718
234297,50718
72117,30500
234297,56484
208341,50718
128526,30500
128526,50718
200259,56484
244404,30500
212235,56484
212232,50718
198873,50718
203178,30500
198873,56484
230091,30500
228948,30500
234297,30500
212232,56484
229527,56484
208341,30500
203796,50718
229527,50718
206613,50718
212235,50718
212235,30500
208341,56484
232410,30500
223401,30500
72117,50718
206613,56484
249411,50718
244404,50718
228948,56484
213978,56484
64959,56484
183492,56484
66465,30500
176403,56484
194883,30500
225501,30500
225672,56484
183492,50718
64959,50718
228948,50718
232410,50718
156057,30500
213978,50718
206364,33534
209793,33534
207087,33534
206697,33534
249981,11262
206475,33534
207105,33534
206364,11262
234129,33534
207264,11262
207264,33534
215517,11262
128700,11262
207105,11262
212445,11262
206697,11262
212445,33534
240939,11262
234129,11262
233814,11262
233814,33534
206937,11262
240939,33534
207087,11262
231876,33534
231876,11262
217536,33534
217536,11262
206937,33534
206475,11262
128700,33534
249981,33534
209793,11262
215517,33534
208347,61672
61344,124
61344,10652
167514,10652
61344,61672
167514,61672
172161,10652
202638,61672
154665,61672
210615,56714
157185,61672
173667,10652
186174,10652
154275,61672
184950,61672
250434,61672
208812,10652
154275,124
194601,34092
154275,10652
199044,124
154665,124
25743,61672
203175,10652
208347,10652
187101,124
164661,61672
164541,61672
164661,10652
203175,124
181101,61672
199044,10652
187101,61672
164661,124
181101,124
25743,124
181101,10652
25743,10652
208812,124
157185,124
164541,10652
167514,124
250434,10652
208812,61672
184950,124
154665,10652
173667,124
194601,56714
173667,61672
175293,61672
184950,10652
187101,10652
199044,61672
203673,61672
208794,61672
208347,124
203175,61672
250434,124
153303,61672
174468,124
226662,10652
175293,10652
198867,10652
186987,10652
198867,124
211125,61672
215247,61672
204189,56714
183573,124
208794,10652
204189,34092
154890,10652
186174,61672
153303,124
153303,10652
174468,61672
203460,124
197595,61672
203460,10652
164064,61672
186987,124
210615,34092
215247,124
224169,124
162810,56714
183576,61672
166356,10652
226662,61672
154245,61672
154245,124
166356,124
203460,61672
226662,124
224169,10652
183573,10652
154245,10652
166356,61672
186987,61672
154713,56714
224169,61672
186933,56714
205995,61672
183573,61672
203673,124
166128,124
164064,10652
208794,124
172161,61672
175293,124
166128,61672
203673,10652
197595,10652
71271,34092
164541,124
205995,10652
71271,56714
172161,124
202638,124
186933,34092
186174,124
202638,10652
157185,10652
166128,10652
154890,124
211125,124
198867,61672
154890,61672
174468,10652
183576,124
193542,10652
197595,124
162810,34092
205995,124
154713,34092
193542,124
215247,10652
164064,124
193542,61672
211125,10652
71274,56714
183576,10652
71274,34092
251967,61672
206940,61672
247983,61672
190776,124
206376,10652
231057,10652
244380,124
247983,124
230028,61672
217848,10652
206343,124
206343,10652
244380,10652
231057,61672
242388,10652
225393,10652
212448,124
190776,61672
244380,61672
231057,124
206940,10652
212448,10652
247983,10652
242388,124
210186,124
230028,124
224787,61672
206343,61672
242388,61672
212442,10652
206376,61672
225393,124
206940,124
210186,61672
225393,61672
206376,124
230028,10652
212448,61672
198522,61672
210186,10652
206748,61672
232269,124
247962,10652
211527,10652
206346,10652
251619,61672
220728,124
251619,124
198522,10652
219231,10652
212748,61672
219231,61672
220728,10652
238032,10652
251619,10652
212442,124
206361,10652
211527,124
217848,124
247962,124
211527,61672
206748,10652
211524,61672
242442,124
238032,61672
222669,61672
206346,61672
220728,61672
232269,10652
242442,61672
206346,124
243546,10652
243546,124
238032,124
243546,61672
247962,61672
211524,124
219231,124
206481,61672
206361,124
190776,10652
232269,61672
252081,124
212442,61672
212748,124
222669,10652
251967,10652
207339,61672
251967,124
252081,10652
198522,124
217848,61672
224787,124
212748,10652
206361,61672
206760,61672
242442,10652
206760,124
206481,10652
224787,10652
222669,124
207339,124
206748,124
252081,61672
206760,10652
211524,10652
206481,124
207339,10652
216309,34092
198981,34092
156486,56714
229539,34092
129081,56714
194883,56714
129081,34092
198981,56714
187659,34092
215298,56714
176403,56714
206613,34092
230091,34092
187659,56714
232827,56714
203178,34092
212379,34092
72045,34092
155481,34092
229536,56714
176403,34092
232455,56714
229539,56714
155481,56714
212379,56714
237840,34092
191892,56714
194883,34092
212721,56714
212469,34092
209622,56714
230091,56714
191892,34092
215298,34092
187797,34092
212721,34092
203178,56714
183489,56714
212469,56714
209637,34092
95988,56714
156486,34092
187797,56714
232827,34092
209637,56714
72045,56714
206613,56714
95988,34092
229536,34092
210633,56714
216309,56714
237840,56714
183489,34092
232455,34092
209622,34092
210633,34092
203790,34092
66843,34092
237057,34092
172704,34092
172704,56714
66843,56714
238218,34092
196845,56714
196845,34092
188331,34092
223401,56714
244404,34092
186177,34092
186177,56714
198573,56714
72930,34092
60882,34092
237057,56714
72483,34092
72483,56714
60882,56714
220269,34092
220269,56714
245706,56714
203700,34092
203700,56714
245706,34092
60888,56714
208758,34092
60888,34092
208758,56714
232065,56714
61482,56714
128526,56714
72930,56714
198573,34092
194904,34092
217782,34092
223530,56714
64959,34092
223530,34092
64959,56714
232503,34092
232503,56714
222906,56714
222906,34092
201522,34092
226827,56714
201522,56714
226827,34092
242619,56714
238218,56714
157767,56714
223401,34092
242856,56714
25749,34092
25749,56714
211749,56714
211749,34092
242856,34092
234297,56714
205191,34092
205191,56714
234297,34092
244404,56714
128526,34092
157767,34092
232065,34092
61482,34092
194229,34092
247002,56714
246099,56714
251829,34092
251829,56714
218121,56714
218121,34092
227292,34092
227292,56714
246099,34092
205821,34092
205821,56714
183105,56714
183105,34092
226140,56714
226140,34092
247002,34092
213987,56714
197673,56714
61824,56714
61824,34092
221331,34092
221331,56714
197673,34092
249294,56714
249294,34092
213102,34092
213102,56714
212211,34092
212211,56714
216495,56714
216495,34092
178830,34092
213987,34092
194229,56714
212235,56714
248301,34092
248301,56714
238293,34092
238293,56714
185817,56714
185817,34092
225501,34092
198210,56714
198210,34092
225501,56714
72117,34092
72117,56714
213978,34092
213978,56714
212235,34092
178830,56714
247986,34092
247986,56714
200259,34092
66465,56714
200259,56714
66465,34092
246963,34092
246963,56714
178230,56714
178230,34092
178458,56714
128901,56714
128901,34092
178458,34092
217782,56714
242619,34092
194904,56714
187806,34092
232410,56714
194082,34092
250221,34092
250221,56714
225987,34092
232410,34092
251442,56714
194082,56714
251442,34092
225987,56714
188787,34092
188787,56714
201282,56714
249411,34092
201282,34092
236226,56714
212232,34092
72027,56714
236226,34092
232068,56714
212232,56714
248202,34092
56868,56714
187806,56714
72027,34092
198534,56714
249411,56714
229527,34092
215112,34092
251625,56714
172008,34092
199242,56714
251625,34092
192564,34092
172008,56714
192564,56714
207222,56714
232068,34092
207222,34092
225672,56714
187707,34092
187707,56714
211476,34092
223968,56714
231162,56714
231162,34092
216822,56714
216822,34092
225672,34092
223968,34092
195723,34092
195723,56714
211476,56714
158685,56714
229527,56714
158685,34092
56868,34092
248202,56714
198534,34092
203796,34092
244731,56714
184863,56714
246987,34092
246987,56714
172056,34092
172056,56714
184863,34092
188481,56714
188481,34092
61899,34092
198873,56714
198873,34092
230073,34092
230073,56714
183195,56714
156057,56714
156057,34092
183492,34092
183492,56714
228948,56714
208341,56714
183195,34092
208341,34092
228948,34092
61899,56714
203790,56714
188331,56714
217752,56714
217752,34092
203796,56714
244731,34092
157500,34092
212220,56714
212220,34092
224211,56714
215112,56714
163482,34092
163482,56714
224211,34092
157500,56714
183213,34092
183213,56714
253557,56714
199242,34092
253557,34092
210234,56714
210234,34092
211533,34092
244287,56714
211533,56714
244287,34092
62817,56714
62817,34092
194424,34092
194424,56714
203724,50718
249513,50718
210615,56484
249513,56484
249513,30500
210615,50718
246858,30500
203724,30500
203724,56484
242151,30500
202959,56484
232035,56484
200964,56484
200964,50718
238263,56484
238263,50718
71274,30500
238263,30500
71274,50718
71274,56484
200964,30500
232035,50718
220047,30500
232035,30500
243789,30500
213885,30500
213885,50718
243789,50718
243789,56484
213885,56484
206952,56484
206952,30500
210615,30500
220047,50718
246858,50718
202959,30500
202959,50718
246858,56484
194718,30500
194718,50718
194718,56484
248373,56484
248373,50718
248373,30500
162810,30500
206952,50718
242151,50718
250947,56484
250947,50718
250947,30500
162810,50718
227310,50718
162810,56484
242151,56484
227310,56484
220047,56484
227310,30500
208797,50718
186933,30500
234030,50718
250653,50718
250653,56484
204189,50718
208788,50718
211344,56484
208788,56484
204189,56484
208515,30500
154713,30500
219231,30500
219231,50718
219231,56484
234030,30500
234030,56484
194601,56484
198882,30500
198882,50718
231282,56484
231282,50718
71271,30500
231282,30500
204795,56484
204795,50718
204795,30500
198882,56484
208515,56484
208515,50718
194601,30500
250653,30500
208788,30500
208575,30500
160029,50718
211965,50718
211965,56484
211344,30500
71271,50718
193965,50718
186933,50718
71271,56484
186933,56484
193965,56484
197286,56484
197286,50718
211965,30500
160029,30500
128502,56484
211344,50718
160029,56484
208575,56484
208797,56484
193965,30500
128502,50718
128502,30500
154713,56484
208575,50718
197286,30500
154713,50718
204189,30500
208797,30500
194601,50718
61629,50716
203328,60978
158016,63510
158016,50716
210129,63510
208500,50716
203727,63510
203727,60978
203727,50716
252774,63510
252774,60978
252774,50716
235380,50716
208560,63510
235380,60978
235380,63510
192771,50716
192771,60978
192771,63510
208560,50716
208560,60978
61629,60978
158016,60978
208536,63510
61629,63510
251202,63510
216648,60978
216648,63510
211542,50716
208911,50716
208911,60978
208911,63510
59703,63510
59703,60978
251202,50716
242571,50716
251202,60978
211542,60978
208536,50716
59703,50716
251721,50716
251721,60978
251721,63510
211542,63510
208566,50716
203100,50716
242571,60978
242571,63510
203100,60978
203100,63510
203118,63510
203118,60978
216648,50716
203118,50716
208536,60978
203295,63510
210129,50716
203295,60978
203295,50716
250629,63510
249795,50716
249795,60978
250629,60978
129204,63510
249795,63510
250629,50716
251085,63510
251085,60978
251085,50716
159027,63510
159027,60978
159027,50716
208566,63510
252210,50716
208566,60978
252210,60978
252210,63510
210129,60978
237300,63510
203112,50716
212505,50716
212505,60978
212505,63510
242412,63510
242412,60978
63582,63510
203064,50716
63582,60978
63582,50716
148782,50716
148782,60978
148782,63510
203127,50716
242412,50716
203127,60978
229341,50716
229341,60978
203127,63510
2061063,60978
2061063,50716
205731,63510
205731,60978
208626,63510
205731,50716
203064,60978
2061063,63510
203112,60978
192756,63510
201837,60978
203328,63510
201837,50716
210690,50716
251382,50716
251382,60978
251382,63510
210690,60978
208761,63510
240990,50716
203328,50716
251631,63510
240990,60978
210690,63510
240990,63510
251631,60978
251631,50716
246618,63510
246618,60978
246618,50716
192756,50716
192756,60978
203064,63510
221526,50716
229341,63510
208626,60978
221526,60978
238689,63510
238689,60978
238689,50716
210678,50716
210678,60978
210678,63510
129204,50716
129204,60978
237300,50716
237300,60978
201837,63510
208500,63510
208500,60978
192768,50716
192768,60978
192768,63510
203502,63510
203502,60978
203502,50716
246216,50716
246216,60978
246216,63510
203112,63510
208740,63510
208740,60978
208740,50716
208521,60978
227115,50716
227115,60978
227115,63510
221526,63510
221196,63510
221196,60978
221196,50716
205662,63510
205662,60978
208521,63510
208521,50716
210441,63510
208617,63510
208617,60978
208617,50716
205662,50716
203316,63510
208626,50716
203316,60978
203316,50716
210441,50716
210441,60978
208761,60978
221151,63510
208806,60978
252375,63510
224145,60978
224145,63510
199860,50716
203058,50716
199860,60978
199860,63510
203058,60978
207390,50716
203058,63510
208506,50716
208893,50716
208893,60978
208806,63510
208506,60978
208806,50716
208506,63510
207390,60978
208893,63510
207390,63510
224145,50716
212337,63510
212337,60978
203889,60978
203574,60978
203574,63510
208482,63510
208482,60978
208545,63510
203889,50716
208476,63510
208476,60978
203889,63510
212337,50716
208476,50716
208482,50716
205122,50716
210846,63510
210846,60978
210846,50716
205122,60978
205122,63510
208761,50716
252375,60978
220170,63510
252375,50716
157680,50716
157680,60978
157680,63510
223554,60978
222306,50716
222306,60978
222306,63510
223554,63510
205188,50716
208899,50716
208899,60978
208899,63510
246627,50716
246627,60978
246627,63510
203388,50716
203388,60978
203388,63510
220170,50716
223554,50716
201564,50716
201564,60978
241203,63510
129153,63510
203709,50716
129153,60978
235191,63510
203709,60978
203709,63510
235191,60978
235191,50716
241203,60978
201564,63510
241203,50716
211548,63510
129153,50716
197799,50716
197799,60978
211548,60978
197799,63510
211548,50716
208545,60978
208491,63510
203574,50716
208545,50716
195507,63510
195507,60978
195507,50716
229521,60978
205728,63510
205728,60978
205728,50716
229521,63510
237765,50716
211989,63510
211989,60978
237765,60978
211989,50716
237765,63510
208821,63510
208821,60978
208821,50716
244878,50716
244878,60978
208485,63510
205665,50716
205665,60978
203310,50716
219456,63510
203310,63510
203310,60978
219456,60978
219456,50716
203706,50716
229521,50716
203706,60978
212571,63510
205665,63510
212571,60978
212571,50716
200508,50716
200508,60978
203706,63510
200508,63510
208485,50716
208485,60978
244878,63510
208554,63510
208572,63510
208590,50716
208584,50716
208584,60978
208584,63510
203052,50716
203052,60978
203052,63510
208524,50716
208590,60978
200502,63510
208590,63510
200502,60978
200502,50716
203532,50716
203532,60978
203532,63510
208524,60978
208524,63510
208533,50716
246339,63510
246339,60978
208572,60978
203301,60978
208572,50716
208554,60978
203301,50716
208554,50716
208533,63510
238377,63510
238377,60978
238377,50716
208533,60978
246339,50716
208539,60978
208491,50716
208539,50716
203301,63510
208491,60978
61215,50716
61215,60978
61215,63510
220170,60978
208539,63510
203322,60978
208722,63510
208722,50716
208722,60978
211947,63510
208503,63510
196455,63510
66378,50716
208503,60978
211947,50716
66378,60978
66378,63510
196455,50716
222516,50716
211947,60978
208479,63510
222516,60978
205188,60978
222516,63510
221151,50716
208479,60978
221151,60978
196455,60978
205188,63510
208503,50716
203322,50716
208479,50716
203322,63510
216564,50274
208599,50718
234093,56484
210393,30500
179853,50274
191316,50274
229620,50274
208599,56484
128538,50274
191256,50274
234093,50718
192549,50274
213885,50274
184605,50274
128502,50274
224208,50274
96138,50274
232266,50274
180801,50274
242610,50274
163032,50274
220179,50274
221610,50274
220047,50274
154698,50274
163554,50274
234093,30500
249573,50274
153645,50274
242130,50274
200964,50274
60762,50274
227664,50274
183363,50274
210393,50718
167082,50274
246033,50274
202818,50274
208872,56484
154998,50274
236520,50274
208092,50274
228687,50274
208872,50718
457455,50274
62337,50274
211140,50274
210393,56484
246858,50274
165726,50274
157854,50274
225390,50274
207399,56484
252057,50274
251817,50274
210933,50274
187386,50274
250284,50274
215457,50274
227343,50274
241218,50274
208488,30500
153813,50274
247260,50274
208488,50718
208488,56484
208881,50718
193965,50274
72900,50718
72900,56484
183366,50274
221247,50274
154779,50274
203106,56484
203106,30500
208872,30500
209625,50274
223089,50274
165045,50274
208881,56484
204924,50274
183390,50274
72900,30500
207399,50718
208881,30500
234951,50274
181110,50274
65598,50274
241350,50274
207399,30500
211344,50274
208599,30500
211950,30500
246042,50274
224874,50274
238536,50274
211950,50718
251391,50274
154758,50274
203106,50718
244971,50274
245868,50274
211950,56484
162810,55798
154713,62274
154713,59396
71274,55798
162810,62618
194601,50270
154713,55798
154713,62618
71274,62618
162810,59396
162810,50270
204189,62618
154713,50270
204189,50270
194601,62618
194601,55798
204189,62274
194601,62274
204189,59396
186933,50270
162810,62274
204189,55798
194601,59396
71271,62274
186933,59396
210615,59396
71274,62274
186933,55798
186933,62618
210615,62274
71271,50270
210615,55798
206952,62274
206952,59396
210615,62618
206952,50270
210615,50270
71274,50270
71271,55798
71274,59396
206952,62618
71271,62618
71271,59396
206952,55798
186933,62274
233814,59822
240939,1304
233814,61542
206937,1304
206475,61542
207264,61542
249981,61542
207087,59822
206475,59822
233814,1304
240939,61542
215517,59822
206475,1304
217536,59822
209793,1304
209793,59822
209793,61542
234129,59822
217536,1304
215517,61542
206937,61542
128700,59822
249981,59822
207087,1304
206364,61542
217536,61542
215517,1304
206937,59822
249981,1304
240939,59822
128700,1304
234129,1304
128700,61542
207087,61542
206364,59822
234129,61542
206697,61542
231876,1304
212445,61542
206697,59822
212445,59822
212445,1304
206697,1304
207264,59822
206364,1304
207105,61542
207264,1304
231876,61542
231876,59822
207105,59822
207105,1304
208539,56484
208482,30500
200508,30500
208545,56484
208491,50718
208491,56484
208482,56484
208722,56484
252210,56484
252774,30500
63582,50718
212571,50718
208485,30500
252210,30500
203706,30500
252210,50718
216648,30500
229521,30500
208476,50718
203889,50718
208476,30500
210441,30500
211947,56484
208476,56484
203889,56484
208482,50718
212571,56484
216648,56484
216648,50718
203889,30500
205122,30500
203574,56484
208545,50718
203574,50718
208821,50718
210846,30500
212337,30500
210846,56484
224145,50718
224145,56484
158016,30500
208740,56484
208503,30500
219456,30500
207390,30500
208491,30500
192771,30500
205188,56484
203310,50718
203058,50718
219456,50718
59703,30500
211542,56484
211542,50718
158016,56484
208518,50718
158016,50718
208506,30500
59703,50718
59703,56484
211542,30500
208626,50718
192771,50718
192771,56484
219456,56484
199860,56484
249795,50718
199860,50718
203310,56484
208626,30500
210846,50718
249795,30500
205122,50718
205122,56484
208566,30500
203310,30500
203100,30500
229341,50718
203058,30500
203100,50718
203100,56484
208740,30500
208740,50718
212337,50718
224145,30500
210441,50718
210441,56484
212337,56484
203118,30500
199860,30500
208518,56484
203316,30500
208893,30500
249795,56484
208539,50718
252774,50718
205188,50718
208566,50718
246339,30500
208722,30500
238377,56484
208572,56484
205728,50718
208572,50718
203322,30500
205728,56484
208533,56484
208761,50718
208821,56484
235380,56484
250629,56484
250629,50718
195507,30500
208572,30500
208761,56484
208533,50718
238377,50718
250629,30500
242571,50718
208554,30500
238377,30500
195507,50718
195507,56484
201837,50718
203058,56484
208590,56484
61215,30500
203706,56484
208554,50718
239217,56484
244878,56484
251382,50718
203295,56484
203295,50718
208536,30500
211989,30500
208536,50718
208536,56484
251382,30500
237765,56484
237765,50718
203322,50718
229521,56484
237300,56484
203322,56484
237300,50718
208554,56484
203295,30500
211989,50718
211989,56484
237300,30500
244878,30500
237765,30500
203301,30500
229521,50718
208821,30500
201837,30500
244878,50718
205728,30500
251382,56484
129204,56484
129204,50718
208524,56484
61215,50718
200502,50718
203532,30500
66378,56484
203301,56484
200508,50718
210678,56484
210678,50718
208545,30500
203727,56484
222516,50718
203532,50718
203532,56484
210678,30500
200502,30500
229341,56484
203328,30500
159027,56484
239217,50718
159027,50718
208524,50718
203727,50718
222516,56484
208533,30500
159027,30500
203727,30500
63582,56484
252774,56484
203574,30500
208566,56484
200502,56484
251085,30500
208590,30500
205665,30500
208485,56484
208485,50718
66378,30500
61215,56484
208590,50718
201837,56484
211947,50718
246339,50718
246339,56484
203052,30500
208524,30500
208584,30500
235380,50718
208584,50718
203706,50718
208584,56484
222516,30500
205665,50718
66378,50718
205665,56484
208722,50718
203052,50718
203052,56484
251085,56484
251085,50718
212571,30500
200508,56484
203301,50718
208539,30500
220170,50718
236973,56484
197799,30500
148782,50718
148782,56484
238689,50718
197799,56484
197799,50718
196455,50718
129153,30500
211947,30500
238689,30500
196455,56484
227115,30500
227115,50718
227115,56484
221526,50718
239217,30500
201564,56484
201564,50718
208479,30500
211548,30500
208503,50718
201564,30500
241203,30500
157680,30500
2061063,30500
208503,56484
157680,50718
148782,30500
222306,30500
251721,30500
196455,30500
157680,56484
221526,56484
223554,30500
203709,56484
192768,56484
205662,56484
208911,56484
208500,30500
129153,56484
61629,56484
61629,50718
252375,30500
211548,56484
203112,30500
129153,50718
251202,30500
203112,50718
203112,56484
242571,30500
192768,50718
203709,50718
241203,56484
251202,50718
251202,56484
203709,30500
241203,50718
192768,30500
61629,30500
235191,56484
235191,50718
211548,50718
208500,50718
208500,56484
221151,30500
235191,30500
229341,30500
222306,50718
242571,56484
246627,50718
203502,50718
203502,56484
203064,50718
203064,56484
210690,56484
210690,50718
208560,30500
222306,56484
246618,56484
246618,50718
223554,56484
246618,30500
208899,56484
208899,50718
246627,56484
235380,30500
203064,30500
129204,30500
246216,30500
203388,30500
203328,56484
203328,50718
203502,30500
246216,50718
251631,56484
251631,50718
246216,56484
203388,50718
203388,56484
220170,30500
251631,30500
208479,56484
208479,50718
220170,56484
192756,50718
251721,50718
210129,30500
212505,56484
251721,56484
212505,50718
203127,56484
203127,50718
205731,30500
212505,30500
205731,50718
203127,30500
205731,56484
205188,30500
192756,56484
221526,30500
208560,50718
242412,30500
240990,56484
240990,50718
192756,30500
242412,50718
242412,56484
210690,30500
240990,30500
223554,50718
208899,30500
2061063,50718
2061063,56484
246627,30500
208560,56484
208911,50718
238689,56484
208617,30500
210129,56484
252375,56484
203118,56484
205662,50718
221151,50718
208806,56484
236973,30500
210129,50718
221196,30500
208521,56484
208518,30500
208521,50718
208893,56484
208893,50718
203118,50718
208617,50718
208806,50718
208761,30500
208506,50718
208911,30500
208617,56484
208521,30500
203316,50718
208806,30500
221151,56484
252375,50718
208626,56484
221196,50718
207390,56484
207390,50718
205662,30500
63582,30500
203316,56484
208506,56484
221196,56484
236973,50718
153303,34092
167514,56714
186174,34092
205995,34092
186174,56714
181101,34092
153303,56714
215247,56714
203175,34092
224169,56714
166128,56714
215247,34092
25743,34092
193542,56714
250434,56714
202638,34092
198867,56714
211125,56714
205995,56714
250434,34092
173667,56714
183576,34092
157185,56714
175293,56714
224169,34092
203673,34092
226662,56714
166356,34092
226662,34092
154245,56714
166356,56714
154245,34092
208812,56714
208347,34092
157185,34092
203673,56714
208812,34092
183573,34092
186987,56714
186987,34092
154890,56714
164541,56714
174468,56714
174468,34092
199044,56714
183573,56714
183576,56714
199044,34092
164661,34092
181101,56714
164541,34092
166128,34092
184950,34092
203460,56714
173667,34092
187101,56714
193542,34092
25743,56714
208794,56714
203175,56714
202638,56714
154665,56714
172161,34092
203460,34092
184950,56714
164064,56714
172161,56714
167514,34092
164661,56714
61344,34092
208794,34092
154665,34092
175293,34092
154275,56714
211125,34092
208347,56714
197595,34092
164064,34092
198867,34092
61344,56714
154890,34092
154275,34092
197595,56714
187101,34092
220269,61364
213987,63188
197673,61364
221331,63188
213987,62170
238218,1372
178458,1372
178830,61364
66465,63188
210234,1372
200259,62170
56868,62170
200259,63188
203796,62170
213102,1372
203700,1372
228948,61364
198873,62170
183492,61364
183492,1372
178458,62170
205821,63188
197673,1372
211533,1372
156057,62170
225672,61364
156057,63188
61824,1372
197673,63188
178458,63188
200259,61364
208341,61364
203700,62170
249294,1372
178458,61364
183492,63188
200259,1372
156057,1372
221331,1372
66465,61364
156057,61364
245706,61364
203700,63188
183492,62170
66465,1372
172704,1372
203796,63188
227292,62170
62817,63188
246099,1372
251829,61364
60882,1372
207222,1372
237057,61364
72483,61364
194424,61364
211476,62170
183195,61364
172704,63188
249294,61364
211476,63188
194424,1372
220269,62170
251829,1372
244287,62170
220269,63188
183105,62170
211533,61364
60882,63188
183105,1372
227292,63188
178830,63188
247986,61364
246099,62170
246099,63188
213102,62170
218121,62170
227292,61364
218121,63188
66843,1372
172704,62170
183105,63188
178830,1372
218121,1372
227292,1372
212232,1372
62817,62170
66843,61364
60882,62170
218121,61364
251829,63188
244287,63188
62817,1372
221331,61364
178230,63188
211476,1372
72483,63188
212211,63188
247002,62170
230073,62170
198873,61364
230073,63188
247002,63188
203796,1372
230073,1372
198873,1372
66465,62170
72483,62170
230073,61364
172704,61364
213987,1372
247986,1372
198873,63188
237057,62170
213987,61364
60882,61364
203796,61364
207222,63188
194424,63188
237057,1372
251829,62170
244287,1372
194424,62170
244287,61364
72483,1372
62817,61364
226140,61364
210234,61364
246987,61364
213102,63188
220269,1372
246099,61364
207222,62170
237057,63188
232410,1372
178230,62170
194229,1372
213102,61364
196845,62170
196845,63188
25749,1372
186177,61364
221331,62170
223401,62170
25749,61364
72930,62170
248301,1372
247002,1372
72930,63188
238293,61364
61482,63188
248301,63188
60888,62170
61482,61364
229527,1372
212232,61364
232065,61364
198573,61364
238293,62170
25749,63188
60888,63188
25749,62170
61824,61364
186177,63188
61482,62170
61824,62170
247002,61364
249411,1372
186177,1372
128901,61364
196845,1372
128901,1372
249294,62170
238218,61364
232410,62170
248301,61364
205821,62170
212232,62170
215112,63188
215112,62170
183105,61364
128901,63188
246963,62170
238293,63188
238293,1372
211749,62170
61482,1372
157767,62170
157767,63188
198573,62170
157767,1372
232065,63188
236226,1372
194229,63188
246963,63188
198573,63188
178830,62170
229527,63188
198573,1372
72930,61364
194229,61364
238218,63188
232065,62170
236226,61364
246987,63188
236226,63188
211749,63188
56868,61364
246963,1372
72930,1372
211749,61364
229527,62170
194904,61364
194229,62170
248301,62170
205191,62170
157767,61364
246987,62170
205191,63188
232065,1372
205821,1372
249411,61364
212211,61364
211749,1372
238218,62170
205191,1372
236226,62170
205191,61364
225501,62170
226140,62170
178230,1372
208758,63188
225672,62170
249294,63188
211476,61364
216495,61364
197673,62170
245706,1372
201522,62170
212235,1372
208758,62170
201522,63188
186177,62170
246987,1372
212235,61364
245706,63188
198210,62170
213978,61364
198210,63188
201522,1372
208758,1372
247986,63188
212235,63188
212232,63188
212235,62170
229527,61364
203700,61364
56868,63188
208341,1372
228948,1372
212211,1372
232410,63188
208341,63188
60888,61364
228948,63188
208341,62170
64959,62170
228948,62170
64959,63188
64959,1372
225672,1372
178230,61364
211533,63188
226140,1372
64959,61364
215112,61364
249411,62170
213978,1372
205821,61364
194904,62170
212211,62170
194904,63188
60888,1372
185817,63188
246963,61364
194904,1372
61824,63188
225501,1372
247986,62170
185817,1372
226140,63188
232410,61364
215112,1372
56868,1372
211533,62170
208758,61364
185817,61364
225501,63188
226827,62170
185817,62170
72117,61364
216495,62170
196845,61364
216495,1372
226827,61364
223401,63188
213978,63188
128901,62170
72117,1372
213978,62170
198210,1372
216495,63188
249411,63188
245706,62170
225501,61364
226827,1372
201522,61364
226827,63188
72117,63188
72117,62170
198210,61364
225672,63188
229536,63188
222906,1372
187707,62170
203178,1372
244404,62170
232503,63188
229536,61364
187707,1372
253557,62170
244731,1372
157500,1372
232503,62170
187707,61364
158685,61364
231162,61364
194082,62170
216822,61364
192564,62170
217752,61364
203178,63188
187806,63188
231162,1372
187707,63188
184863,61364
199242,1372
244404,63188
212469,63188
242619,62170
242619,63188
229536,62170
242856,61364
199242,63188
199242,62170
232068,63188
212469,1372
188787,61364
187806,62170
203178,61364
232068,62170
229536,1372
244731,62170
223530,61364
244731,63188
172056,63188
253557,63188
216822,1372
217782,61364
242619,1372
195723,62170
212469,61364
155481,61364
222906,63188
158685,1372
217752,63188
232827,61364
157500,62170
217752,62170
242856,1372
72027,62170
72027,63188
198981,1372
223401,61364
232455,62170
188331,62170
222906,61364
172056,61364
198981,63188
187806,61364
198981,61364
231162,62170
157500,63188
203178,62170
195723,63188
216822,63188
172056,1372
231162,63188
216822,62170
216309,1372
244731,61364
195723,1372
222906,62170
232827,1372
217752,1372
232827,62170
210234,62170
183195,1372
192564,63188
232827,63188
223401,1372
183195,63188
209622,62170
209622,63188
251442,61364
156486,62170
183489,61364
234297,61364
183213,63188
188787,63188
187659,63188
187659,1372
250221,63188
128526,63188
216309,61364
250221,62170
156486,63188
188787,1372
234297,62170
183489,1372
183213,61364
128526,1372
225987,1372
223968,61364
183489,63188
234297,63188
250221,1372
232068,61364
187659,62170
188787,62170
230091,62170
230091,63188
194082,61364
225987,61364
212379,62170
212379,63188
187797,61364
212379,1372
183213,1372
212379,61364
215298,61364
187797,1372
250221,61364
230091,1372
234297,1372
187797,63188
187797,62170
232503,61364
187659,61364
206613,61364
183489,62170
156486,1372
251625,1372
209622,61364
217782,63188
223530,63188
251625,63188
251625,62170
194082,1372
199242,61364
225987,63188
194082,63188
225987,62170
223530,62170
217782,62170
232503,1372
253557,1372
209622,1372
217782,1372
244404,1372
157500,61364
172056,62170
206613,62170
128526,61364
223968,63188
244404,61364
194883,61364
128526,62170
223530,1372
223968,1372
156486,61364
194883,1372
183213,62170
223968,62170
253557,61364
230091,61364
251625,61364
194883,63188
206613,1372
194883,62170
212469,62170
232068,1372
206613,63188
198981,62170
195723,61364
188481,63188
191892,1372
237840,63188
184863,63188
242856,63188
188331,61364
191892,63188
237840,62170
201282,62170
172008,63188
192564,1372
163482,1372
176403,61364
229539,63188
210234,63188
229539,1372
184863,62170
209637,1372
201282,63188
229539,61364
207222,61364
201282,1372
212220,1372
61899,63188
176403,1372
172008,61364
95988,62170
184863,1372
242856,62170
212220,61364
188481,62170
229539,62170
176403,62170
242619,61364
158685,63188
198534,63188
163482,62170
163482,63188
129081,61364
209637,61364
72045,62170
66843,62170
72045,63188
172008,1372
198534,62170
72027,61364
203790,61364
198534,1372
203790,63188
72045,1372
215298,1372
203790,62170
188331,1372
61899,1372
95988,1372
224211,61364
237840,61364
191892,61364
129081,1372
72045,61364
237840,1372
192564,61364
176403,63188
172008,62170
188481,1372
216309,63188
248202,63188
212721,61364
212721,62170
251442,63188
155481,62170
188331,63188
188481,61364
155481,63188
203790,1372
72027,1372
95988,61364
224211,63188
251442,1372
224211,62170
183195,62170
232455,61364
158685,62170
248202,1372
61899,61364
216309,62170
191892,62170
248202,61364
155481,1372
210633,1372
232455,63188
212721,63188
95988,63188
210633,63188
187806,1372
212721,1372
129081,62170
209637,63188
224211,1372
66843,63188
129081,63188
248202,62170
209637,62170
212220,63188
61899,62170
210633,61364
201282,61364
251442,62170
210633,62170
232455,1372
163482,61364
198534,61364
212220,62170
215298,62170
215298,63188
249342,59822
77484,1304
243081,59822
77484,59822
235335,61542
198279,1304
228024,1304
198279,61542
235335,59822
235335,1304
243081,61542
228024,59822
249342,1304
198279,59822
228024,61542
223104,61542
243081,1304
248796,61542
239592,59822
199854,59822
239592,1304
248796,59822
248796,1304
205332,59822
223104,1304
233163,61542
59691,1304
223104,59822
59691,59822
205332,1304
59691,61542
195372,1304
195372,59822
222852,1304
199854,61542
195372,61542
222852,59822
167364,1304
239592,61542
233163,59822
167364,61542
233163,1304
249342,61542
205332,61542
197802,61542
199854,1304
167364,59822
197802,1304
197802,59822
222852,61542
77484,61542
184950,62074
208812,62074
193965,63510
193965,60978
164661,62074
153303,62074
25743,62074
154665,62074
208347,62074
224169,62074
193965,50716
187101,62074
203175,62074
246858,60978
157185,62074
208794,62074
181101,62074
61344,62074
213885,63510
246858,50716
203673,62074
154245,62074
220047,60978
200964,50716
186174,62074
200964,60978
203460,62074
128502,50716
200964,63510
128502,60978
215247,62074
128502,63510
186987,62074
220047,63510
199044,62074
205995,62074
193542,62074
167514,62074
211125,62074
164064,62074
213885,50716
202638,62074
173667,62074
197595,62074
166128,62074
154275,62074
211344,63510
172161,62074
220047,50716
211344,50716
213885,60978
211344,60978
154890,62074
226662,62074
250434,62074
183573,62074
198867,62074
166356,62074
175293,62074
183576,62074
246858,63510
174468,62074
164541,62074
210186,62170
210186,61364
206748,63188
190776,1372
206481,1372
210186,63188
198522,61364
206748,61364
206376,1372
206760,61364
198522,62170
198522,1372
198522,63188
242388,63188
242388,1372
206760,62170
210186,1372
232269,63188
230028,63188
206748,1372
190776,62170
242388,62170
206376,61364
230028,62170
206481,61364
242388,61364
206748,62170
252081,63188
206760,1372
212448,63188
217848,1372
225393,61364
206952,1372
206343,61364
212748,1372
212448,1372
238032,62170
238032,63188
212748,63188
225393,1372
212748,62170
212442,1372
238032,1372
206343,1372
238032,61364
212448,61364
206952,63188
206346,61364
244380,61364
212448,62170
224787,61364
244380,1372
244380,63188
217848,62170
232269,62170
206343,63188
206343,62170
224787,1372
206361,61364
225393,63188
206346,62170
212748,61364
224787,63188
190776,61364
206346,1372
206481,62170
220728,61364
230028,61364
220728,1372
206760,63188
222669,62170
220728,63188
222669,63188
206952,61364
220728,62170
252081,61364
222669,1372
212442,61364
252081,1372
206481,63188
222669,61364
230028,1372
251619,62170
252081,62170
251619,63188
251619,1372
251619,61364
206346,63188
247962,62170
247962,63188
190776,63188
247962,1372
217848,61364
247962,61364
206952,62170
217848,63188
232269,1372
231057,61364
212442,62170
206940,61364
243546,63188
231057,62170
206940,1372
231057,63188
244380,62170
232269,61364
206940,63188
242442,62170
231057,1372
206940,62170
207339,61364
211524,62170
211524,63188
243546,1372
207339,1372
207339,63188
242442,63188
211524,1372
207339,62170
206376,62170
211527,61364
211524,61364
206376,63188
211527,1372
211527,63188
242442,1372
211527,62170
242442,61364
247983,62170
243546,62170
206361,63188
251967,62170
247983,63188
224787,62170
251967,63188
225393,62170
247983,1372
212442,63188
243546,61364
206361,62170
247983,61364
206361,1372
251967,61364
251967,1372
210615,49888
206937,34092
217536,56714
206697,34092
71274,51316
209793,56714
212445,56714
217536,34092
206697,56714
231876,56714
154713,62860
231876,34092
209793,34092
71274,62944
234129,34092
240939,34092
206937,56714
240939,56714
210615,51316
210615,44302
210615,62944
207087,34092
206475,56714
249981,56714
206475,34092
210615,62860
71274,49888
234129,56714
215517,56714
215517,34092
154713,62944
206364,34092
207105,34092
71274,44302
207105,56714
206364,56714
71274,62860
212445,34092
207087,56714
249981,34092
128700,56714
71271,44302
162810,44302
162810,51316
204189,51316
194601,44302
204189,44302
154713,44302
207264,34092
71271,62944
204189,62860
162810,62860
71271,51316
186933,49888
194601,49888
204189,49888
233814,56714
154713,49888
71271,49888
162810,62944
194601,62860
128700,34092
186933,62944
207264,56714
194601,62944
71271,62860
186933,51316
186933,62860
154713,51316
233814,34092
204189,62944
162810,49888
186933,44302
194601,51316
233163,30500
59691,30500
197802,56484
205332,50718
243081,56484
235335,30500
77484,30500
205332,30500
233163,56484
248796,56484
228024,30500
197802,30500
216366,30500
228024,50718
167364,56484
167364,50718
206418,56484
77484,56484
223104,30500
198279,30500
228024,56484
235335,56484
235335,50718
206418,30500
205332,56484
206943,50718
215985,50718
222852,56484
215985,30500
216366,50718
222852,50718
195372,30500
167364,30500
195372,50718
59691,50718
77484,50718
59691,56484
199854,56484
249342,50718
197802,50718
239592,50718
233163,50718
243081,50718
249342,30500
216366,56484
199854,50718
239592,56484
198279,50718
199854,30500
206943,30500
239592,30500
198279,56484
243081,30500
248796,30500
249342,56484
222852,30500
206943,56484
248796,50718
206418,50718
223104,50718
195372,56484
223104,56484
215985,56484
211950,62944
208599,49888
211950,62860
210615,53386
206952,37644
186933,52620
208599,62860
234093,44302
203106,62860
71271,50724
210615,63360
211950,44302
207399,49888
204189,50724
203106,44302
234093,49888
71271,53386
210393,44302
204189,63360
208881,62944
162810,52620
210615,50724
208881,62860
208872,62944
208872,62860
72900,44302
207399,62860
204189,52620
208881,44302
234093,51316
204189,37644
207399,62944
211950,51316
210615,37644
207399,51316
211950,49888
208872,51316
210393,62860
207399,44302
194601,37644
208488,44302
162810,50724
234093,62944
71274,37644
162810,53386
208488,49888
194601,52620
208488,51316
208488,62944
71274,50724
208488,62860
162810,63360
71274,53386
206952,52620
208599,51316
186933,37644
208599,62944
72900,62944
203106,62944
203106,51316
186933,63360
154713,37644
154713,52620
72900,62860
71274,63360
210393,51316
203106,49888
154713,63360
206952,63360
208881,49888
154713,53386
194601,63360
208881,51316
186933,50724
210393,49888
72900,51316
208872,44302
71271,37644
72900,49888
71274,52620
186933,53386
208599,44302
204189,53386
206952,53386
208872,49888
71271,63360
154713,50724
71271,52620
234093,62860
210393,62944
162810,37644
194601,50724
194601,53386
206952,50724
210615,52620
186987,1372
186987,63188
164541,1372
154245,63188
186987,61364
199044,63188
199044,61364
186987,62170
164541,63188
154245,62170
164541,62170
205995,63188
205995,1372
199044,1372
166356,61364
199044,62170
198867,61364
193542,1372
183576,62170
166356,1372
183576,63188
183576,1372
166356,63188
166356,62170
193542,61364
226662,61364
183573,62170
183576,61364
154890,61364
202638,62170
167514,1372
215247,62170
215247,63188
215247,1372
167514,62170
186174,62170
186174,63188
167514,63188
215247,61364
186174,61364
186174,1372
198867,1372
183573,63188
198867,63188
173667,62170
202638,63188
202638,1372
154890,62170
173667,61364
183573,61364
174468,62170
61344,63188
174468,63188
154890,63188
174468,1372
193542,62170
174468,61364
205995,61364
202638,61364
193542,63188
183573,1372
61344,62170
173667,1372
154890,1372
226662,62170
226662,63188
226662,1372
173667,63188
154245,1372
198867,62170
175293,63188
208347,62170
211125,61364
187101,62170
250434,62170
164661,63188
250434,63188
181101,62170
208347,63188
187101,63188
250434,1372
208794,62170
208794,63188
154275,61364
175293,61364
175293,1372
208794,1372
61344,1372
203673,61364
175293,62170
197595,61364
166128,62170
187101,1372
172161,62170
157185,61364
154275,1372
172161,63188
154275,63188
208794,61364
154275,62170
172161,1372
203673,62170
203460,61364
181101,63188
181101,1372
211125,1372
208347,61364
25743,61364
181101,61364
154665,61364
208347,1372
154665,1372
184950,61364
167514,61364
25743,1372
184950,1372
184950,63188
184950,62170
154665,63188
154665,62170
25743,63188
25743,62170
164661,61364
203460,62170
203460,63188
164064,62170
203460,1372
164661,1372
164064,63188
164064,1372
211125,62170
61344,61364
164064,61364
211125,63188
164541,61364
187101,61364
224169,63188
172161,61364
166128,1372
157185,63188
203175,1372
203673,1372
203175,63188
208812,62170
203175,62170
157185,62170
153303,61364
203673,63188
154245,61364
224169,61364
166128,61364
197595,62170
224169,1372
164661,62170
208812,61364
205995,62170
208812,63188
153303,1372
197595,63188
166128,63188
153303,63188
250434,61364
203175,61364
197595,1372
153303,62170
157185,1372
224169,62170
208812,1372
211965,53160
231282,53160
242151,53160
249513,53160
208575,53160
197286,53160
248373,53160
208788,53160
227310,53160
160029,53160
198882,53160
243789,53160
250947,53160
203724,53160
250653,53160
204795,53160
232035,53160
208515,53160
238263,53160
202959,53160
234030,53160
194718,53160
208797,53160
251829,53160
197673,53160
60882,53160
163482,53160
213102,53160
221331,53160
211533,53160
226140,53160
66843,53160
201282,53160
188481,53160
176403,53160
210633,53160
224211,53160
247002,53160
212220,53160
61824,53160
229539,53160
184863,53160
192564,53160
198873,53160
215298,53160
64959,53160
212721,53160
251442,53160
237840,53160
198534,53160
248202,53160
242856,53160
194904,53160
230073,53160
129081,53160
211476,53160
183492,53160
227292,53160
155481,53160
72045,53160
246099,53160
172008,53160
158685,53160
218121,53160
205821,53160
178830,53160
244287,53160
216495,53160
208341,53160
212211,53160
188331,53160
207222,53160
249294,53160
209637,53160
223401,53160
228948,53160
61899,53160
62817,53160
183105,53160
156057,53160
210234,53160
203796,53160
194424,53160
128901,53160
212232,53160
157767,53160
244731,53160
183489,53160
247986,53160
208758,53160
212235,53160
217782,53160
72027,53160
232455,53160
223968,53160
194883,53160
229527,53160
225501,53160
178230,53160
242619,53160
225987,53160
203700,53160
203178,53160
251625,53160
232068,53160
183213,53160
60888,53160
194082,53160
178458,53160
95988,53160
183195,53160
128526,53160
198981,53160
25749,53160
196845,53160
56868,53160
72117,53160
230091,53160
186177,53160
212379,53160
198210,53160
194229,53160
185817,53160
187797,53160
232065,53160
213978,53160
187806,53160
225672,53160
238293,53160
223530,53160
232827,53160
234297,53160
157500,53160
250221,53160
217752,53160
246987,53160
246963,53160
187659,53160
200259,53160
215112,53160
209622,53160
199242,53160
191892,53160
72930,53160
61482,53160
198573,53160
206613,53160
237057,53160
245706,53160
201522,53160
172704,53160
213987,53160
66465,53160
226827,53160
229536,53160
222906,53160
216309,53160
187707,53160
232503,53160
253557,53160
231162,53160
238218,53160
156486,53160
195723,53160
172056,53160
205191,53160
188787,53160
72483,53160
232410,53160
216822,53160
203790,53160
236226,53160
244404,53160
248301,53160
212469,53160
220269,53160
249411,53160
211749,53160
200964,52918
193965,32496
200964,32496
128502,52918
206418,63188
213885,52918
206418,1372
211344,52918
128502,32496
211344,32496
220047,52918
216366,62170
215985,62170
216366,61364
215985,61364
206943,62170
206943,63188
246858,52918
216366,63188
213885,32496
206943,1372
216366,1372
246858,32496
215985,1372
206418,61364
206418,62170
193965,52918
206943,61364
220047,32496
215985,63188
72045,50274
172008,50274
246963,50274
223401,50274
72930,50274
210633,50274
205821,50274
198573,50274
216309,50274
203178,50274
129081,50274
236226,50274
186177,50274
61899,50274
157500,50274
225501,50274
196845,50274
198534,50274
187806,50274
207222,50274
188331,50274
212232,50274
197673,50274
238218,50274
203790,50274
247986,50274
220269,50274
191892,50274
163482,50274
212220,50274
172704,50274
224211,50274
66843,50274
222906,50274
232410,50274
237057,50274
72483,50274
95988,50274
60882,50274
244731,50274
209637,50274
194229,50274
194904,50274
217752,50274
242619,50274
232065,50274
244287,50274
232827,50274
208758,50274
198981,50274
62817,50274
248202,50274
157767,50274
183195,50274
183105,50274
246987,50274
210234,50274
194424,50274
232455,50274
203700,50274
216495,50274
72027,50274
248301,50274
229527,50274
209622,50274
60888,50274
244404,50274
253557,50274
178458,50274
232503,50274
227292,50274
218121,50274
194082,50274
178830,50274
178230,50274
155481,50274
251625,50274
232068,50274
128526,50274
183492,50274
194883,50274
249411,50274
251442,50274
223530,50274
206613,50274
200259,50274
66465,50274
212235,50274
246099,50274
64959,50274
172056,50274
195723,50274
225672,50274
216822,50274
231162,50274
245706,50274
201522,50274
187707,50274
213987,50274
226827,50274
229536,50274
212469,50274
251829,50274
158685,50274
228948,50274
128901,50274
208341,50274
242856,50274
217782,50274
199242,50274
223968,50274
211533,50274
183489,50274
183213,50274
198210,50274
221331,50274
212379,50274
188787,50274
205191,50274
61824,50274
198873,50274
203796,50274
185817,50274
230073,50274
215112,50274
211476,50274
249294,50274
192564,50274
213102,50274
56868,50274
237840,50274
238293,50274
215298,50274
212211,50274
229539,50274
247002,50274
250221,50274
184863,50274
156057,50274
187659,50274
25749,50274
226140,50274
61482,50274
212721,50274
176403,50274
156486,50274
188481,50274
213978,50274
225987,50274
230091,50274
72117,50274
187797,50274
201282,50274
234297,50274
211749,50274
216366,54096
206952,63418
206952,62400
206952,61028
216366,63418
216366,62400
162810,10652
162810,124
206952,54096
206952,39186
162810,61672
216366,39186
216366,61028
204189,10652
215985,39186
206943,39186
186933,124
210615,10652
206943,61028
71271,61672
206943,63418
194601,61672
71274,61672
194601,124
194601,10652
210615,61672
215985,61028
154713,61672
186933,61672
154713,124
71274,124
154713,10652
206943,62400
210615,124
215985,63418
71271,10652
215985,62400
206418,54096
206418,62400
186933,10652
71274,10652
206943,54096
71271,124
215985,54096
204189,124
204189,61672
206418,63418
206418,61028
206418,39186
252081,62400
198522,61028
206760,54096
217848,63418
238032,54096
230028,39186
198522,63418
232269,61028
217848,61028
198522,62400
242442,39186
242442,54096
206481,63418
206346,62400
206481,54096
207339,62400
238032,39186
211524,54096
211524,62400
242442,63418
231057,54096
207339,54096
211524,63418
207339,39186
206481,62400
230028,62400
211524,61028
220728,54096
243546,61028
230028,63418
207339,61028
230028,54096
207339,63418
242442,61028
232269,62400
206481,39186
211524,39186
198522,39186
206361,39186
242388,62400
211527,63418
232269,54096
190776,62400
206748,61028
190776,63418
206748,63418
243546,54096
206748,62400
206376,61028
206376,63418
211527,62400
206376,62400
198522,54096
211527,61028
206760,63418
243546,39186
206346,39186
206346,54096
211527,39186
211527,54096
206760,61028
243546,62400
243546,63418
232269,63418
206361,62400
206376,39186
230028,61028
217848,62400
242388,63418
210186,62400
210186,63418
242388,61028
206760,39186
206361,54096
210186,61028
238032,61028
242388,39186
242388,54096
206376,54096
206760,62400
206748,54096
206748,39186
210186,39186
232269,39186
210186,54096
206361,61028
206481,61028
206361,63418
231057,39186
252081,63418
206940,62400
206343,61028
212448,39186
206343,54096
212748,61028
206343,39186
212748,63418
212748,62400
252081,39186
190776,54096
217848,39186
206346,63418
212448,61028
212748,39186
225393,61028
206343,63418
212448,63418
206343,62400
244380,54096
244380,39186
224787,54096
251967,62400
251967,63418
220728,62400
212448,54096
212442,39186
224787,39186
247962,62400
251619,62400
251619,63418
222669,62400
251619,61028
206346,61028
222669,63418
252081,61028
251619,39186
251619,54096
222669,61028
247962,63418
225393,39186
247962,61028
190776,61028
247962,39186
222669,39186
247962,54096
222669,54096
212442,54096
217848,54096
212748,54096
225393,54096
225393,63418
252081,54096
244380,62400
206940,61028
238032,62400
190776,39186
251967,54096
212442,63418
231057,61028
220728,63418
231057,63418
212442,62400
224787,63418
224787,62400
231057,62400
247983,61028
247983,63418
247983,62400
206940,39186
212442,61028
242442,62400
247983,39186
206940,54096
238032,63418
224787,61028
225393,62400
247983,54096
212448,62400
251967,61028
244380,63418
220728,39186
244380,61028
251967,39186
220728,61028
206940,63418
71274,62616
206760,50274
204189,61280
206481,50274
206376,50274
211524,50274
231057,50274
232269,50274
251619,50274
219231,50274
220728,50274
206940,50274
206346,50274
247962,50274
222669,50274
252081,50274
162810,61280
186933,62616
204189,62616
207339,50274
243546,50274
211527,50274
198522,50274
186933,61280
206952,61280
206343,50274
247983,50274
194601,61280
210186,50274
71271,62616
190776,50274
212442,50274
206361,50274
210615,62616
242388,50274
251967,50274
71271,61280
217848,50274
230028,50274
244380,50274
224787,50274
242442,50274
71274,61280
206952,62616
154713,61280
238032,50274
162810,62616
212748,50274
225393,50274
206748,50274
194601,62616
210615,61280
212448,50274
154713,62616
198882,48694
198882,57414
249513,48574
160029,62378
208515,48574
160029,48694
160029,48574
198882,62378
208515,57414
160029,57414
198882,48574
208515,62378
208599,10652
208515,48694
208872,61672
208872,10652
207399,10652
207399,124
207399,61672
208872,124
208518,61672
208518,48574
204795,48574
208518,124
203724,48574
203724,57414
203724,62378
203724,48694
208518,10652
208575,48574
208575,57414
208575,62378
208575,48694
203106,124
203106,10652
239217,48694
202959,48694
202959,62378
202959,57414
202959,48574
239217,61672
239217,48574
239217,124
239217,10652
239217,57414
242151,48574
203106,61672
208518,57414
208518,62378
232035,57414
204795,57414
249513,57414
249513,62378
249513,48694
204795,62378
204795,48694
210393,61672
210393,124
210393,10652
72900,61672
72900,124
232035,48694
211950,61672
232035,62378
211950,124
211965,48574
232035,48574
211950,10652
250653,48694
250653,62378
243789,48574
250653,57414
250653,48574
243789,57414
243789,62378
243789,48694
72900,10652
208518,48694
211965,48694
211965,57414
211965,62378
239217,62378
208797,62378
208599,124
208788,62378
208788,57414
208788,48574
236973,124
208797,57414
236973,48574
250947,48694
250947,62378
250947,57414
208488,61672
227310,48574
231282,48694
197286,48694
250947,48574
194718,48694
208797,48694
208599,61672
208788,48694
238263,57414
208797,48574
236973,62378
248373,62378
194718,62378
248373,57414
194718,57414
234030,48694
248373,48574
236973,48694
234030,62378
208488,124
234030,57414
234030,48574
194718,48574
236973,57414
238263,62378
236973,10652
208488,10652
231282,62378
248373,48694
234093,61672
242151,48694
227310,48694
242151,62378
208881,61672
227310,57414
238263,48574
208881,124
242151,57414
208881,10652
234093,124
234093,10652
231282,48574
238263,48694
197286,48574
197286,62378
236973,61672
197286,57414
231282,57414
227310,62378
242442,62944
211524,51316
207339,49888
247983,51316
207339,62944
242442,62860
207339,51316
206952,62860
211524,49888
207339,44302
224787,62860
247983,49888
244380,62860
212442,62860
230028,62860
231057,49888
231057,62944
206940,49888
206940,44302
206940,51316
190776,44302
231057,51316
206940,62944
231057,62860
211524,62944
212442,62944
231057,44302
211524,62860
247983,62860
190776,49888
247983,62944
206940,62860
252081,62860
224787,44302
247983,44302
222669,44302
206343,44302
206952,49888
225393,49888
212748,62944
212448,44302
212748,51316
212442,44302
212748,49888
212748,44302
206952,44302
225393,44302
232269,44302
247962,44302
224787,62944
247962,49888
247962,51316
222669,49888
222669,51316
247962,62944
247962,62860
222669,62944
251619,44302
251619,49888
251619,51316
251619,62944
222669,62860
206952,51316
212748,62860
212448,49888
206343,49888
225393,62860
212448,62860
224787,51316
251967,44302
251967,49888
224787,49888
244380,62944
251967,51316
207339,62860
251967,62944
244380,51316
232269,49888
251967,62860
244380,49888
225393,62944
244380,44302
206343,62860
206952,62944
212442,51316
212448,62944
212442,49888
225393,51316
206343,62944
212448,51316
206343,51316
242442,51316
217848,62944
206376,49888
206346,44302
243546,51316
220728,44302
243546,62944
243546,62860
206481,51316
206760,51316
206481,49888
211527,44302
211524,44302
238032,62944
206760,49888
211527,49888
211527,51316
206376,62860
211527,62944
211527,62860
206376,62944
206748,62860
206376,51316
243546,49888
243546,44302
206361,62860
206346,62860
232269,62860
238032,49888
238032,44302
217848,51316
206760,62944
230028,44302
251619,62860
217848,62860
206481,62860
230028,51316
230028,49888
206481,62944
206346,49888
206361,44302
190776,51316
206361,49888
206361,51316
206361,62944
206346,51316
238032,51316
190776,62944
198522,51316
210186,62860
220728,62860
190776,62860
242388,62860
252081,62944
198522,44302
198522,49888
217848,44302
198522,62944
242388,62944
232269,51316
198522,62860
252081,44302
252081,49888
252081,51316
206346,62944
242442,44302
242442,49888
206748,62944
217848,49888
230028,62944
242388,51316
206376,44302
206481,44302
206748,51316
206760,44302
206748,49888
220728,49888
220728,51316
232269,62944
206748,44302
210186,44302
210186,49888
206760,62860
242388,44302
210186,51316
210186,62944
220728,62944
238032,62860
242388,49888
61899,62074
211476,62074
207222,62074
72027,62074
249411,62074
188481,62074
225672,62074
215112,62074
157500,62074
56868,62074
183195,62074
187806,62074
236226,62074
183213,62074
210234,62074
246987,62074
253557,62074
188787,62074
232410,62074
225987,62074
194082,62074
172056,62074
229527,62074
192564,62074
172008,62074
184863,62074
212232,62074
210633,62074
188331,62074
238218,62074
249294,62074
61824,62074
221331,62074
247002,62074
226140,62074
227292,62074
218121,62074
251829,62074
128901,62074
250221,62074
223968,62074
232068,62074
251625,62074
66465,62074
200259,62074
199242,62074
187707,62074
231162,62074
212235,62074
213102,62074
244731,62074
156486,62074
217752,62074
216309,62074
246963,62074
178230,62074
178458,62074
213987,62074
203178,62074
246099,62074
178830,62074
232827,62074
198981,62074
205821,62074
183105,62074
95988,62074
232455,62074
191892,62074
197673,62074
216495,62074
203790,62074
194904,62074
216822,62074
195723,62074
158685,62074
251442,62074
228948,62074
64959,62074
201522,62074
194229,62074
226827,62074
232065,62074
25749,62074
208758,62074
211749,62074
205191,62074
203700,62074
157767,62074
198573,62074
220269,62074
72930,62074
186177,62074
72483,62074
196845,62074
237057,62074
208341,62074
183492,62074
211533,62074
212220,62074
213978,62074
201282,62074
72117,62074
198210,62074
225501,62074
248202,62074
185817,62074
198534,62074
163482,62074
156057,62074
224211,62074
194424,62074
248301,62074
62817,62074
244287,62074
203796,62074
198873,62074
230073,62074
206613,62074
212211,62074
172704,62074
232503,62074
187797,62074
242619,62074
60888,62074
215298,62074
66843,62074
183489,62074
209622,62074
217782,62074
245706,62074
155481,62074
238293,62074
223530,62074
229539,62074
187659,62074
176403,62074
222906,62074
212469,62074
230091,62074
212721,62074
194883,62074
61482,62074
60882,62074
247986,62074
212379,62074
234297,62074
128526,62074
242856,62074
229536,62074
209637,62074
72045,62074
237840,62074
129081,62074
244404,62074
223401,62074
222225,56484
234021,30500
207156,56484
207156,50718
235932,30500
222225,30500
207156,30500
222225,50718
165126,50718
207150,56484
250749,30500
165126,56484
250749,50718
207150,50718
206421,30500
193323,30500
250749,56484
210897,30500
206787,50718
206787,56484
210897,50718
207114,30500
210897,56484
206442,30500
206442,50718
207114,50718
206421,50718
234021,56484
207114,56484
234021,50718
193323,56484
193323,50718
206787,30500
206421,56484
206442,56484
207129,50718
207150,30500
207099,30500
206367,56484
206367,50718
239247,50718
252396,30500
206367,30500
207099,56484
207099,50718
239247,30500
227829,30500
252396,50718
206667,56484
252396,56484
227829,50718
227829,56484
61977,56484
61977,50718
61977,30500
206988,56484
206988,50718
206988,30500
63690,56484
63690,50718
196302,56484
239247,56484
165126,30500
206460,30500
206460,50718
206460,56484
207129,30500
207129,56484
196302,50718
196302,30500
63690,30500
195447,30500
206667,50718
195447,50718
195447,56484
206772,56484
206772,50718
206772,30500
234156,56484
207123,50718
207123,56484
206667,30500
206955,30500
206646,30500
206955,50718
158610,30500
196311,56484
206451,30500
210585,56484
196311,50718
206451,50718
206850,56484
196311,30500
158610,56484
158610,50718
210585,50718
251493,50718
206850,30500
206415,56484
206415,50718
206415,30500
238827,56484
238827,50718
251493,56484
238827,30500
210585,30500
158766,50718
158766,56484
206850,50718
158766,30500
221751,56484
207828,50718
228060,50718
206646,50718
206646,56484
206670,30500
228060,56484
206670,50718
207828,30500
206478,56484
206478,50718
207102,56484
207102,50718
207096,30500
207828,56484
207102,30500
206478,30500
206670,56484
238572,56484
238572,50718
251493,30500
238572,30500
207096,56484
207096,50718
206349,30500
212640,30500
206349,50718
250344,56484
241824,30500
207078,56484
207078,50718
207078,30500
192942,56484
192942,50718
192942,30500
235932,56484
235932,50718
206358,30500
250344,50718
206349,56484
206451,56484
206358,50718
206358,56484
206496,30500
228060,30500
206496,50718
206955,56484
206496,56484
221751,30500
221751,50718
241824,50718
241824,56484
210840,30500
211641,30500
206448,56484
212640,50718
206448,50718
212640,56484
25734,30500
25734,50718
198990,30500
198990,50718
206448,30500
198990,56484
225669,56484
25734,56484
211641,56484
225669,50718
225669,30500
222843,30500
210840,56484
222843,50718
222843,56484
210840,50718
211641,50718
250344,30500
207123,30500
206799,50718
211638,56484
206607,50718
220302,50718
249855,30500
249216,30500
206607,30500
220302,56484
212301,30500
211638,50718
249843,30500
211638,30500
232404,56484
236766,56484
236766,50718
232404,50718
249216,50718
249216,56484
207144,56484
206607,56484
242232,56484
206406,56484
63876,56484
206991,30500
206991,50718
206991,56484
194208,30500
207144,30500
206406,50718
220302,30500
207144,50718
249855,56484
249843,56484
249843,50718
194208,50718
194208,56484
249855,50718
212301,50718
232404,30500
242232,50718
206964,30500
206856,30500
206958,30500
245046,56484
211383,30500
206856,56484
70890,30500
206856,50718
211383,50718
211383,56484
250275,56484
206673,30500
70890,50718
70890,56484
206673,50718
206673,56484
207147,56484
207147,50718
245046,50718
206958,50718
236766,30500
206355,50718
212637,30500
207345,56484
242232,30500
212637,50718
212637,56484
206355,56484
207345,50718
250275,30500
206958,56484
245046,30500
206355,30500
206928,56484
206928,50718
207345,30500
206928,30500
250275,50718
63876,50718
212301,56484
63876,30500
206457,30500
195378,30500
206664,50718
195378,50718
195378,56484
206784,56484
206784,50718
241026,56484
206763,56484
206664,56484
206484,56484
206484,50718
206784,30500
206484,30500
222759,56484
206664,30500
206763,50718
206799,30500
206433,56484
234156,50718
248682,56484
248682,50718
206433,30500
248682,30500
206433,50718
234156,30500
206457,50718
241026,30500
206514,30500
206514,50718
206514,56484
206457,56484
206763,30500
222759,50718
241026,50718
207147,30500
212433,50718
205107,56484
206964,56484
205107,50718
205107,30500
207267,30500
206412,56484
206412,50718
206964,50718
206406,30500
206799,56484
212433,30500
207267,50718
206412,30500
212433,56484
222759,30500
207267,56484
207147,62074
210840,62074
228060,62074
206646,62074
207144,62074
63690,62074
206670,62074
222843,62074
61977,62074
234156,62074
238827,62074
248682,62074
198990,62074
212640,62074
206349,62074
206673,62074
211383,62074
239247,62074
25734,62074
251493,62074
206433,62074
252396,62074
158766,62074
206964,62074
206448,62074
206415,62074
212301,62074
245046,62074
250275,62074
222759,62074
206955,62074
207828,62074
249216,62074
210897,62074
207102,62074
206484,62074
206412,62074
206478,62074
232404,62074
249855,62074
238572,62074
234021,62074
210585,62074
207096,62074
206850,62074
222225,62074
206451,62074
242232,62074
192942,62074
196311,62074
241026,62074
211641,62074
205107,62074
206664,62074
158610,62074
207156,62074
196302,62074
206457,62074
207345,62074
225669,62074
207129,62074
206856,62074
206358,62074
207099,62074
249843,62074
220302,62074
206421,62074
206607,62074
193323,62074
212433,62074
206367,62074
211638,62074
250344,62074
206442,62074
206958,62074
206496,62074
206784,62074
221751,62074
206928,62074
235932,62074
206355,62074
212637,62074
207114,62074
195447,62074
236766,62074
206772,62074
206667,62074
206787,62074
206799,62074
206763,62074
195378,62074
165126,62074
206988,62074
206460,62074
63876,62074
206991,62074
207267,62074
241824,62074
70890,62074
206406,62074
194208,62074
207123,62074
207078,62074
250749,62074
227829,62074
207150,62074
206514,62074
206868,48574
220047,61672
217848,53160
220047,124
197802,34092
230028,53160
197802,56714
220047,46632
206760,53160
211407,48574
206481,53160
198522,53160
238032,53160
213885,48980
211407,62376
213885,10652
211407,1370
128502,124
228024,56714
128502,46632
128502,10652
128502,48980
213885,46632
206868,1370
186933,50720
211407,57414
211407,62378
186933,46632
228024,34092
128502,61672
211407,48694
190152,48694
206868,57414
224787,53160
203106,62074
154713,48980
206952,48980
154713,50720
154713,46632
249342,56714
249486,48694
249486,62378
249486,62376
249486,57414
194601,46632
198279,56714
249486,48574
222852,34092
194601,50720
235335,34092
206952,50720
249486,1370
235335,56714
194601,48980
198279,34092
206952,46632
222669,53160
208488,62074
210186,53160
219231,53160
210615,50720
206361,53160
244380,53160
206868,62376
206868,62378
212442,53160
206748,53160
210615,48980
220047,10652
243546,53160
212448,53160
210615,46632
200964,61672
204189,46632
204189,50720
204189,48980
211527,53160
233163,34092
233163,56714
200964,48980
200964,10652
200964,46632
200964,124
206868,48694
246858,124
220047,48980
206979,48694
71274,46632
251967,53160
247983,53160
247962,53160
205332,34092
205332,56714
193965,61672
251619,53160
193965,124
193965,46632
193965,10652
193965,48980
199854,56714
199854,34092
71274,50720
206940,53160
207339,53160
211524,53160
242442,53160
248796,56714
248796,34092
208881,62074
242388,53160
71271,48980
210393,62074
190152,62376
190152,57414
206376,53160
190152,48574
190152,1370
72900,62074
206979,1370
239592,34092
239592,56714
59691,34092
206979,48574
206979,57414
206979,62376
211950,62074
59691,56714
222852,56714
208599,62074
206979,62378
243081,34092
212748,53160
243081,56714
223104,34092
223104,56714
213885,124
207399,62074
190776,53160
211344,48980
206439,48694
195372,56714
232269,53160
206346,53160
220728,53160
252081,53160
77484,34092
186933,48980
246858,61672
190152,62378
77484,56714
246858,46632
246858,10652
246858,48980
162810,46632
162810,50720
162810,48980
213885,61672
234093,62074
211344,10652
206439,62378
71271,50720
195372,34092
206427,1370
71274,48980
206427,48574
206427,57414
206427,62376
206427,62378
208872,62074
206439,1370
206427,48694
206343,53160
206439,48574
167364,56714
167364,34092
71271,46632
225393,53160
231057,53160
211344,61672
206439,57414
211344,124
211344,46632
206439,62376
249342,34092
