61353,61364
61899,1370
154077,30500
164337,56714
172056,61672
176643,56714
181593,56714
183213,61348
183912,61364
184698,1370
187101,61542
187806,50270
187806,61364
188787,54096
194082,11262
205353,61672
206787,61542
207222,61542
209697,35732
217848,48574
229527,61552
230286,56714
230331,56714
232410,61364
236115,50716
236226,48574
238068,1370
56868,61542
70890,56714
71274,36720
88920,39186
88920,35732
154797,50716
154887,1370
155556,56714
165687,1370
171939,1370
183195,39186
186384,1370
188331,54096
203502,34092
206433,1370
207996,61672
210141,1370
217782,57804
218265,61542
220713,1370
222906,11262
231663,1370
231900,48574
232035,50716
234018,11262
234297,11262
244404,1370
244479,1370
244575,61542
56868,1370
60864,11262
72645,48574
164337,1370
165717,48574
173940,11262
175266,35732
176643,48574
188331,61280
189045,30500
198945,1370
204093,30500
205107,11262
205959,1370
211047,1370
212397,48574
212550,11262
217782,1370
220047,56714
222906,61280
234093,50716
234120,56714
60888,11262
61482,50716
64299,11262
154041,1370
154167,61542
164541,61672
164640,61542
172419,48574
178230,30500
178458,30500
178458,60522
178830,48574
183105,56714
183450,30500
188787,50716
189045,39186
191232,61542
191250,61542
197673,56714
201837,61542
203259,11262
211383,11262
212211,48574
212550,61280
212748,56714
216981,1370
222540,48574
59691,1370
61908,61542
64299,61672
88920,50270
155556,11262
179790,35732
186174,50716
188937,11262
198867,30500
203259,1370
203502,50716
205659,61552
206940,56714
207339,11262
212256,61542
213978,56714
216123,1370
218265,1370
225501,62074
227115,61542
230286,1370
63873,61542
64299,61542
66879,30500
153303,61672
154578,56714
164007,1370
172161,61672
179838,16358
187101,61364
189045,56714
194229,62074
194790,61542
197286,44302
198552,16358
203700,61672
210120,1370
220269,61280
222906,44302
239577,11262
72483,11490
154707,1370
163131,30500
164541,1370
165744,56714
183213,61364
186990,56714
196845,61542
198573,30500
203175,50716
205353,11262
205815,35732
206367,1370
206418,61364
210678,11262
220269,124
236115,56714
242439,61542
25749,1370
25749,61364
154551,61542
155556,61542
164640,35732
183450,11262
183573,61542
186174,52918
201522,60522
203175,33886
203259,61672
204144,16358
206772,54096
237300,1370
59691,35732
60888,50274
88821,1370
128502,30500
154077,56714
155055,48574
157398,48574
172161,48574
183213,11262
183492,61672
183573,48574
188637,1370
188961,30500
192735,61364
195063,61364
197286,39186
203673,50270
204759,11262
206772,56714
206940,44302
207150,61542
207387,1370
210168,16358
213978,60
231900,61364
238887,61364
60888,56714
62817,50274
154146,1370
159831,1370
179838,61542
183105,3382
183213,50716
183450,57804
183492,35732
188331,39186
189045,48574
191250,48574
192771,44302
193323,30500
194229,50716
203820,1370
212550,61364
222894,35732
242409,1370
242439,11262
71271,61364
154245,61542
154707,61364
160029,1370
164007,11262
187650,61542
187806,124
191256,61542
192549,50274
197286,35732
207216,48574
207219,35732
210876,11262
217782,61348
222906,30500
227988,61672
241263,35732
67827,1370
71271,16358
153312,1370
154578,61364
157398,50716
160029,61364
162843,61364
165687,61542
184485,61542
186990,1370
187707,61542
198573,50716
203700,1370
204759,124
204795,11262
207216,1370
208449,1370
210171,61542
210171,1370
220269,61364
229527,1370
234972,62074
25749,50270
59691,11262
60888,54096
63873,11262
71274,10808
157398,11262
165717,1370
167571,56714
176643,1370
179790,1370
179853,39186
185067,1370
187707,54096
188265,48574
188937,62074
188937,1370
192735,35732
207078,56714
212256,56714
218265,56714
219381,48574
231096,1370
231900,39186
241824,61542
242439,35732
128469,50716
179496,61542
183213,16358
183789,1370
186174,30500
192300,1370
192549,56714
203094,1370
203673,50716
204222,48574
204762,62074
206418,61542
210840,62074
211950,1370
216648,61542
220269,56714
225669,61558
230331,1372
242388,60522
244479,39186
61353,48574
71271,50270
71409,61542
154146,56714
162843,56714
165717,61542
172161,1370
186657,56714
193323,61542
198945,61542
203100,61542
203460,11262
203790,16358
207243,50716
209994,61552
219021,48574
231909,48574
59703,56714
66777,48574
72483,30500
153303,11262
154542,1370
154542,48574
155055,56714
161526,1370
172419,1370
178458,44302
179790,11262
183105,61280
187806,50716
188700,11262
189045,1370
191892,56714
203100,48574
203790,48574
232455,48574
232827,61558
242430,61364
242556,11262
153312,48574
154041,11262
154146,61542
167652,1370
187707,52918
187734,1370
187806,54290
194229,61542
203502,33886
204222,11262
205353,1370
207399,1370
216981,61364
232827,56714
241263,11262
88920,56714
183195,48574
183195,52918
186990,50716
187806,30500
188937,35732
189045,61364
191232,61280
192771,61542
194082,56714
196845,11262
203112,11262
207102,33886
210141,56714
210678,61364
219048,61542
71274,48298
159831,48574
165927,56714
182292,50274
186990,11262
187806,48574
188331,50270
194229,39186
198573,34092
198801,48574
204657,11262
206670,61542
207222,56714
207996,1370
216498,1370
238689,56714
241329,1370
154698,10808
162843,61542
167571,1370
178230,35732
183105,35732
187797,61672
192300,48574
196845,39186
201522,56714
206367,56714
206772,61280
207339,61542
207387,61542
210981,11262
212748,59816
234120,1370
237300,48574
129135,1370
154077,1370
172056,11262
179853,44302
183489,1370
189045,61542
194883,50716
198573,11262
203259,61542
204522,1370
207216,61364
209622,61542
212283,61542
212397,61364
214506,33886
217782,39186
221115,1370
232665,61364
64299,1370
154041,48574
154542,11262
178230,48574
186174,1370
187806,61672
188331,50274
188787,11262
191232,48574
191232,56714
198867,1370
203673,11262
203700,30500
204144,1370
207996,61542
210678,62074
216498,61542
219522,56714
239577,1370
241824,59822
242409,56714
64734,61542
65631,35732
155481,33886
187650,1370
187797,56714
193323,50716
196845,61552
198573,61364
204762,1370
205815,1370
210168,39186
217494,11262
217848,1370
222906,48574
224925,11262
225501,56714
229539,56714
234093,48574
60864,1370
72045,1370
129081,35732
159033,61364
179853,57804
180495,30500
187101,44302
194229,44302
203082,1370
203460,1370
210141,30500
211383,48574
217782,61280
222540,61364
232410,61542
238068,62074
66879,1370
72483,33886
154167,48574
155481,61542
156225,61364
158742,11262
183105,61542
183492,61364
186174,48298
186384,48574
193323,11262
194229,56714
198552,61542
198801,1370
204093,61672
206940,30500
207150,11262
210678,1370
213978,57804
219381,61542
222669,33886
224631,1370
234297,61558
61353,56714
161403,11262
162843,11262
165687,16358
183105,1370
184104,11262
188700,61542
196845,48574
204228,1370
210876,1370
211806,61542
231900,11262
239556,1370
242409,61364
25749,30500
25749,124
61908,61364
71271,44302
72483,44302
89013,35732
153048,48574
154707,48574
154797,124
173940,1370
179853,50716
183213,56714
183789,61672
187806,44302
191232,11262
203460,48574
204093,61542
204144,11262
209637,1370
210816,48574
234093,30500
236226,61364
237300,11262
60888,39186
61977,56714
62337,11262
66378,50270
88920,11262
172161,11262
175293,1370
183195,36720
188637,48574
197595,61364
201852,48574
206418,56714
206940,61542
206940,11262
220269,61542
224631,56714
227343,1370
239247,11262
242439,61364
61899,30500
129135,61280
164337,61542
176403,61364
186378,50716
187806,59816
191232,11490
191892,59816
201852,61364
205353,50716
209622,54096
211047,50716
212721,61364
216108,1370
234021,11262
242556,30500
71271,34092
163131,48574
164007,61542
164337,48574
178458,48574
180495,50716
182292,56714
183213,61552
188331,59816
188331,11262
188961,61542
202959,48574
203445,16358
203502,35732
203502,61542
206418,50716
212721,1370
212775,48574
219021,1370
219381,1370
231102,61542
234018,61542
244380,48574
66378,56714
71274,48574
128502,50270
165744,61542
178230,61364
178230,61542
183492,48574
187707,124
188331,61672
201522,57804
204795,61364
206955,61558
207219,1370
207222,11262
210678,61558
211950,35732
212721,61280
217782,50716
219048,1370
230604,11262
25749,61552
153303,1370
154578,61542
158742,61672
165750,1370
172056,61542
176403,10808
178230,1370
183576,30500
183576,35732
186174,61672
186990,61364
187707,56714
188343,1370
194082,1370
197286,11262
203112,44302
204144,30500
211641,30500
212256,1370
213114,56714
229527,59816
232455,56714
244404,50716
61482,1370
66054,61280
71766,48574
153048,10808
153303,35732
154098,30500
158742,48574
178458,62074
183450,1370
187659,48574
187806,56714
188637,61672
191250,1370
201564,56714
203790,1370
206367,48574
212112,1370
234021,56714
242388,50716
60888,61672
71271,39186
89013,30500
155481,50716
176403,61552
178458,54096
183105,54096
183912,11262
184698,59816
187707,61672
197673,61542
198801,30500
203775,61672
207243,1370
209622,48574
211641,61542
216648,50716
231102,61364
244404,50274
71271,30500
72483,39186
88920,1370
156225,1370
186174,60522
194883,44302
208449,62074
212379,11262
227988,1370
229527,48574
230604,61542
60888,30500
72045,61542
129081,61672
155556,48574
160029,30500
172419,61364
183492,1370
184104,61542
184485,16358
186174,11262
186990,30500
187707,50274
187962,1370
188637,50716
193323,48574
194790,11262
197286,50716
201852,30500
204795,44302
209637,56714
222906,50716
72645,61542
153381,33886
154551,11262
154797,61672
164541,11262
165717,50716
187707,30500
206940,33886
239556,56714
64734,1370
65631,61542
71766,1370
154167,1370
154551,1370
155481,61552
161526,61558
164541,48574
172503,1370
178830,1370
183912,61552
187806,61542
188331,50716
191232,50270
204222,1370
210141,48574
212475,1370
213114,61364
219048,48574
228060,61364
232035,1370
235191,61542
61692,61542
61908,50716
64734,61672
66378,35732
88920,61542
186384,56714
187806,60522
188787,39186
194229,1370
202959,61542
204228,61542
205107,1370
205959,35732
207828,50716
217782,44302
227115,11262
227988,50716
60888,50270
64299,56714
153303,61364
173940,61542
185067,48574
188331,60522
191223,48574
194790,61364
194790,1370
203259,56714
204657,50716
206418,48574
207243,11262
227343,50716
229539,39186
232410,1370
234297,61542
62817,1370
66054,48574
154887,62074
161526,61672
183489,57804
191223,1370
196845,50270
201522,36720
203673,16358
25749,39186
88821,30500
153303,30500
188700,61552
191232,50716
203178,1370
209622,56714
209697,1370
212379,61672
220713,30500
222906,33886
236490,1370
60864,50716
72558,1370
183213,1370
183912,16358
186384,61364
188331,61364
191250,61552
192159,35732
203178,61542
206850,48574
206850,11262
207222,48574
216498,61364
231900,61542
234972,16358
235191,1370
56868,61364
66378,44302
66378,61542
71274,35732
71274,61364
71274,50716
88821,61552
154797,1370
163251,56714
164064,11262
172161,33886
175266,11262
187707,11262
203673,1370
205959,56714
208806,61552
225276,56714
232035,35732
232827,48574
234972,11262
238887,1370
241263,1370
72483,56714
172587,61542
183105,50716
183489,61672
187707,1370
188196,61364
188331,61348
194790,61558
195063,56714
201852,56714
207216,56714
210981,50716
211965,61552
212379,1370
232455,1370
234018,35732
241263,61672
242439,1370
71271,1370
72483,11262
186990,61542
187806,61280
192618,61552
192771,48574
195063,48574
203175,61672
206418,11262
207828,16358
217782,36720
222906,56714
224631,61364
235191,48574
71274,59816
129081,61542
178458,11262
179790,30500
182292,1370
183105,61364
187797,30500
194229,124
206349,61542
206418,30500
209994,61364
211806,30500
225501,61364
234021,62074
241824,56714
71766,56714
88920,50716
129081,30500
154797,48574
183789,11262
187797,1370
191223,61542
198573,61542
204768,61542
212550,61542
216108,30500
225351,62074
225699,1370
61692,1370
64734,48574
71274,1370
128334,30500
165750,61364
178458,50274
186174,48574
197286,30500
203673,48574
210168,48574
231096,11262
234093,11262
238536,61364
244479,61542
153312,61542
154434,1370
154797,61542
158742,61542
158742,1370
183489,44302
188937,61364
192735,1370
196845,57804
198990,61542
201852,1370
203100,30500
203673,61672
206955,61552
208476,30500
210840,61364
213978,50274
219021,11262
219522,1370
220269,1370
228060,56714
231459,1370
231909,1370
232827,1370
72045,48574
72045,56714
153303,61542
163251,61364
188637,61542
206376,11262
207150,33886
208476,44302
223968,1370
225699,61542
244404,61672
172503,48574
175266,61542
182292,33886
192300,61364
193323,44302
204657,56714
210981,56714
211950,11262
212721,61542
61353,11262
154797,35732
186657,61364
204795,56714
207927,61364
209994,61542
211383,39186
236115,11262
71409,1370
128502,1370
129135,54096
153048,61558
176403,1370
183576,61542
183789,61542
187101,48574
187806,1370
187962,50716
188331,57804
188787,33886
196845,61672
203790,61542
207366,61542
212721,56714
242409,61672
25749,44302
61902,1370
153303,48574
173940,61364
178458,61364
191232,39186
210171,30500
217293,1370
217782,61672
238689,48574
66378,50716
154113,61542
164337,44302
165744,16358
183105,48574
183105,16358
186378,16358
188331,30500
206358,61542
206496,11262
211950,61552
219021,61542
221751,61542
244575,1370
60888,61280
153381,48574
153381,11490
183573,56714
186174,56714
191232,35732
191256,1370
192159,61542
204657,61542
204759,1370
206850,33886
207996,11262
210168,61542
210171,11262
211950,50716
213978,36720
222906,34092
129135,50716
171939,59816
178458,56714
183195,1370
183363,61364
187707,44302
191232,124
196845,56714
203502,30500
203673,44302
206349,11262
207150,56714
208806,61542
210981,124
211806,48574
225501,61542
225669,61542
227664,39186
242388,44302
244446,61364
66054,61364
71271,50272
71766,61364
175266,1370
179853,50270
183195,61364
184485,1370
188196,1370
203112,30500
207102,50716
212211,1370
222669,11262
225699,11262
229527,61364
234093,56714
242430,1370
61482,56714
67827,61542
71271,54096
71274,39186
154698,60
172161,30500
183450,39186
194790,56714
194883,11262
202959,56714
203460,57804
204762,11262
204795,48574
207078,1304
227343,61542
237300,61542
242556,1370
25749,50716
64299,35732
88920,48574
158742,35732
175293,61542
178230,61552
179853,11262
184485,61552
185067,61542
186174,61552
187707,50716
206850,61542
206940,61364
207339,36720
209622,1370
210876,48574
210981,30500
212397,61542
220269,48574
236226,56714
242439,56714
61977,62074
88920,44302
154245,11262
154797,11262
183489,11262
203112,48574
205959,61542
209994,1370
212112,11262
214506,1370
25749,54096
72483,1370
186174,44302
198801,56714
203088,56714
207618,61364
217782,50270
220269,16358
236226,50716
242388,56714
244479,48574
62817,56714
62817,61672
153312,56714
154146,61364
176403,56714
178230,10808
203820,39186
204522,30500
206358,54096
211950,61542
212112,33886
217782,37644
231096,61542
236490,61552
238536,1370
239247,1370
59691,61542
163131,61364
172161,50270
172503,30500
183912,61542
188331,1370
196845,33886
197286,54096
206496,33886
221115,56714
222906,50270
239247,30500
242388,59816
159033,1370
172503,11262
183105,59816
186657,50716
194229,59816
203259,50716
203700,49888
207102,48574
242430,61552
71271,35732
153048,1370
164064,61542
183450,56714
211950,48574
223968,56714
230331,1370
60888,1370
71271,50716
89013,1370
163377,61542
186174,35732
186657,1370
188331,10808
198552,11262
198573,61672
201852,54096
203775,1370
206787,11262
206955,11262
207078,62074
207222,1370
213114,39186
213114,61542
217848,61364
221751,48574
224925,1370
232035,30500
234972,61542
239247,56714
244479,61364
61482,60522
129081,56714
129081,1370
153303,56714
164640,56714
171939,33886
173940,30500
176403,61280
188961,1370
203100,11262
204093,1370
212748,61364
216498,16358
227988,61542
228060,39186
62817,61542
66378,48574
172503,61364
178458,50716
179790,61542
183489,39186
191232,1370
208476,1370
211383,33886
211641,11262
217380,1370
225699,56714
234021,61542
61908,1370
71271,3382
154098,11262
162843,1370
186657,30500
187797,61364
208572,11262
222669,61542
223968,61542
244380,56714
60888,48574
71766,54096
154077,61542
154146,50716
165717,30500
165750,11262
172587,1370
176607,1370
187806,11262
187806,57804
188331,33886
201852,61542
205815,61542
207216,11262
223968,48574
231162,56714
71271,11262
180495,1370
206349,56714
206358,11262
207927,1370
212256,30500
213114,30500
214506,11262
216648,61672
219048,62074
225669,33886
234297,48574
59691,50716
88920,33886
128502,61542
188331,56714
191232,50274
192618,1370
192771,30500
196845,1370
206787,61552
25749,11262
71271,61542
128334,1370
154707,124
165927,1370
176403,48574
178230,11262
183105,48298
183195,61542
186174,61558
188700,1372
207339,61364
212748,1370
216648,1370
225669,11262
231900,1370
232035,11262
187707,61364
206418,59816
207618,1370
211767,1370
241824,1370
66378,30500
71274,44302
163377,11262
165687,61552
172056,61558
198573,39186
204144,56714
207339,50716
222540,61542
222894,61542
225699,33886
232665,61542
61692,61672
154434,61364
155556,50716
161403,56714
186657,11262
196845,61280
203502,11262
206418,1370
206940,60522
212112,50716
213114,60522
230604,1370
239556,11262
61908,59816
72558,61542
164064,48574
191223,50716
196845,61558
204141,1370
207339,30500
210840,48574
211641,56714
217782,35732
59691,30500
61692,11262
61899,50716
175266,56714
178458,50270
179496,1370
183489,50716
186174,50270
187101,1370
197286,56714
198867,56714
201564,61542
206955,62074
207828,11262
213114,1370
25749,33886
59703,48574
61692,48574
157398,1370
203232,61672
203259,48574
207102,11262
216108,61364
219048,61364
227664,48574
232455,11262
66777,61280
71766,11262
187707,61552
188331,44302
197286,36720
206358,1370
207102,30500
207216,61542
207618,11262
238068,61364
64299,33886
71274,50270
154473,1370
155556,1370
187806,3382
191892,44302
201522,10808
207828,61672
222906,1370
227664,1370
228060,1370
230331,48574
231162,1370
232455,61280
66777,1370
161526,11262
163131,56714
165927,61542
193323,62074
198867,50716
206433,56714
210168,10808
211989,61542
220269,61552
239577,44302
244380,30500
71274,11262
128469,30500
198867,11262
204657,61364
206772,61364
207339,48574
211950,30500
220713,11262
231909,61364
234297,1370
62817,61364
71271,53160
154098,1370
178230,39186
183489,50270
186174,33886
187797,48574
187806,50274
197286,1370
197673,1370
198990,11262
203088,1370
203445,1370
225276,61542
228060,11262
236490,48574
238689,61542
128502,48574
182292,61542
183573,1370
187707,60522
194229,11262
194883,30500
203232,124
206433,48574
211950,61364
216108,11262
25749,56714
71271,48298
128469,61542
187659,61542
187707,50270
203502,44302
209637,61542
217848,61542
237300,61364
241389,61542
242556,61542
72483,61672
128502,33886
172056,61552
202959,11262
205728,1370
207078,50716
217782,11262
227973,56714
227973,1370
236226,1370
61353,1370
71274,54096
71766,61542
72645,35732
153381,1370
186174,3382
212112,54096
212283,1370
213114,59816
234093,61542
128469,1370
183105,33886
187659,33886
188331,48298
193323,61552
206940,50716
207618,48574
211641,61364
25749,52918
66378,11262
188331,54290
203232,11262
203502,48574
208476,50716
231909,54096
232035,61672
61899,60522
164064,1370
195063,1370
204762,16358
205659,48574
207828,33886
217782,48574
236226,11262
239556,30500
129081,16358
203232,1370
206772,50716
225699,61672
234021,39186
61692,16358
186174,11490
188637,11262
191232,61558
192159,56714
198867,61672
201564,48574
211383,30500
221115,48574
221115,61542
232827,30500
194229,16358
196845,30500
203232,48574
204222,61542
204795,50716
211965,16358
221115,61364
183489,30500
187707,48574
211965,56714
216108,35732
238689,1370
71274,53160
186174,50274
187707,59816
201564,11262
204093,61558
207618,30500
217782,61364
227664,61364
232035,61542
234021,50968
235299,11262
25749,61672
59703,61542
195507,11262
201282,61542
203460,61542
205107,33886
205659,61542
220713,61542
231162,11262
236226,30500
243408,1370
244575,11262
25749,48574
72483,50716
191232,61552
194229,61364
196845,16358
203232,33886
206349,124
206850,61364
207366,56714
208572,35732
211950,62074
223968,11262
227973,48574
236226,39186
244380,61542
174513,56714
188730,48574
198882,48574
205659,16358
206433,30500
206442,56714
212220,56714
212430,1370
212526,1304
220728,35732
153756,1370
177903,1370
194424,60978
203133,48574
203796,1370
206433,1304
206460,1304
207129,56714
212526,56714
154542,1372
156057,1372
156489,35846
167316,1304
207339,50270
208341,56714
208509,11262
208509,1370
217380,56714
66777,33886
158499,1370
206361,50270
206667,60978
226662,1304
61215,1304
153756,60978
154011,60978
154041,56714
174468,35846
198882,56714
203052,48574
204657,60978
204780,1370
208788,33886
211527,30500
211749,44302
220728,30500
234030,1304
61899,60978
72930,11262
186174,54096
186177,1370
191226,11262
203829,1370
206361,48574
211125,11262
211527,36720
224145,56714
237195,48574
60888,46632
167316,1370
172704,60978
177903,1304
178458,1304
188637,1304
211140,60
220728,60978
72108,1370
72558,30500
166437,48574
166437,60978
176643,1304
184950,56714
203100,10652
203178,42132
203700,48574
210186,1372
232065,35732
65640,56714
66879,1372
154275,11262
156489,30500
203052,33886
72930,1372
161667,1372
183105,10652
188844,60978
192159,1370
203709,1304
205659,1370
206433,33886
210834,1370
219021,56714
224169,39186
187734,1304
195372,39186
198210,1370
208572,50270
211524,1304
211965,35846
231282,1304
65640,1304
66465,1372
96444,1370
153756,56714
154275,35846
155085,30500
183213,48574
183492,30500
183912,1370
205353,1304
208797,1370
211140,51316
212775,1304
223968,1304
239592,60978
158499,33886
196722,10652
196845,35846
203388,30500
204657,1372
204780,48574
211125,39186
217848,30500
220170,11262
220170,1304
128538,1304
174513,1370
183105,50270
196455,30500
204144,1372
204222,1304
208053,11262
211965,48574
225747,1370
228741,1304
239592,30500
61824,1370
165726,1304
166128,11262
194904,57804
197529,1370
203322,1304
204780,60978
207993,1372
208722,50270
219381,11262
61899,39186
154743,1304
181101,1304
183492,50270
198882,50272
206427,56714
208722,60978
212430,11262
220728,11262
225393,11262
61824,35846
66465,48574
154890,1372
172503,10652
174513,35732
186174,42132
192300,44302
193323,60978
204144,35846
206697,60978
210114,1304
210114,56714
211140,36720
211548,50270
220170,10652
232404,1304
72930,48574
154011,35732
176403,30500
181101,48574
212301,1304
224145,48574
72558,11262
154032,1370
172704,39186
174468,56714
206361,1370
212526,1370
217494,1370
224169,11262
72108,1304
153669,1304
166128,48574
183213,50270
194718,11262
203259,16358
204657,1304
205353,1372
208350,1370
208722,56714
211965,33534
232065,30500
153756,1304
172587,1304
188730,56714
192300,11262
206697,10808
212301,42132
238293,50270
153669,42132
158499,48574
187101,30500
204762,33534
208722,35732
212301,39186
212526,35732
212526,48574
239592,35732
61899,54096
128538,56714
157938,1304
183789,10652
191226,1372
200502,33886
206361,10652
207387,35732
208509,1304
208590,60978
208788,11262
210114,11262
225393,124
228741,50268
60888,35732
172161,1304
201798,56714
206361,60978
208209,11262
212430,56714
227310,11262
60882,1370
172161,60978
174513,60978
183105,11262
183195,53406
212301,30500
61824,1304
66843,30500
128469,48574
154758,48574
178458,1372
200502,50270
201837,1304
203706,1304
208806,35846
210114,50272
178230,56714
206697,50274
211527,44302
212892,30500
236520,51316
61899,11262
128526,48574
153765,1370
203889,11262
204519,1370
208590,1304
224169,1370
231102,1304
238887,10652
192627,11262
196845,1372
198882,1304
201798,60978
208893,11262
210840,1304
223554,11262
224145,30500
234156,11262
154011,30500
154551,1304
167256,44302
206667,48574
208893,60978
217848,60978
234093,1304
239217,1372
66777,1372
160770,1304
183195,30500
184605,60978
187101,39186
198210,56714
204519,11262
206361,11262
206664,48574
206760,1304
238293,60978
61344,50274
72558,56714
172704,56714
181101,1372
186174,39186
187101,1304
204222,1372
204780,30500
205188,1304
208806,1304
72558,48574
128538,30500
206664,35846
208341,33886
212301,11262
224169,30500
238263,1370
154011,1370
176403,33886
184635,35732
193323,1304
198210,50270
205107,56714
206361,50274
206607,1372
208788,30500
224526,1370
62817,124
72930,1304
183213,33886
203082,16358
203133,1304
203388,1304
206496,56714
212301,60978
225393,50270
225393,50272
61908,16358
128526,51974
161667,1304
212232,56714
225747,35732
61215,48574
153726,1372
179790,1304
183213,57804
192627,1304
200502,60978
205353,39186
206361,33886
208533,56714
211476,48574
225393,33534
235191,56714
61899,44302
66465,11262
154743,56714
196845,1304
206760,50274
208788,1370
222711,1370
228060,1372
238887,1304
239217,1304
66465,10652
128700,56714
166437,56714
183195,57804
192564,60522
194388,1304
63867,59822
66465,30500
72108,11262
154032,35846
167571,30500
183213,30500
183213,35846
193323,33886
195372,11262
203133,46632
203820,50720
206442,33886
206664,56714
206760,54290
211527,54290
231102,1372
65640,1370
178230,60978
188637,56714
196722,48574
198882,30500
208524,10652
154275,35732
157224,56714
157224,1304
183195,1372
188844,48574
192159,48574
198882,50274
204771,33534
205122,11262
208797,56714
225747,50274
234156,1304
161283,1370
198882,1370
222711,56714
60882,48574
153756,1372
154779,30500
156057,48574
167571,124
180495,11262
203082,11262
207366,11262
208506,1304
208788,39186
231282,30500
153765,1372
175899,1370
185244,1370
192300,60978
197529,1304
198210,1304
206439,50270
208533,48574
60882,11262
128526,11262
155556,50270
183492,56714
205353,35732
212301,56714
234129,11262
238263,48574
154011,48574
167082,1370
203460,56714
203706,35846
211965,1304
70890,33886
157680,1370
175266,1304
176403,1372
197595,1370
206460,1372
60882,35732
158499,11262
158499,1304
206361,44302
206943,11262
207387,1304
211548,56714
219021,10652
224169,124
225699,1304
72930,46632
128700,49888
154890,48574
184863,1372
196845,10652
203100,60978
206664,11262
211140,10808
212220,50270
212526,1372
231102,56714
158499,1372
165726,1372
183195,11262
184605,56714
194424,33886
195372,60978
203796,30500
225393,1304
225393,57804
226662,1372
66465,1304
157938,60978
192714,1370
193323,50270
201282,11262
206451,48574
208539,11262
225393,35846
128334,54096
184863,56714
191892,42132
203199,1372
208506,48574
208788,54096
228060,48574
234093,60978
156489,35732
198882,1372
203259,35846
175266,1372
181101,124
203871,56714
207339,57804
207828,1304
216948,1304
225393,1370
63867,1304
128526,60978
156057,1370
166437,35732
188730,124
192300,50270
196722,56714
219021,35732
225393,10652
232404,48574
234030,48574
61899,10652
174513,1304
180495,10652
183213,42132
183213,50724
206361,39186
212430,1372
128526,56714
156489,1372
160770,48574
167316,48574
172704,11262
177903,11262
201282,1304
207129,1304
210168,60978
225747,51974
232065,56714
232269,1304
60882,60978
60888,44302
72312,10652
72930,60978
192564,1370
196722,1370
198210,48574
198573,35732
204411,10652
210186,1304
220170,48574
225393,35732
225747,48574
65631,1370
72312,11262
75723,1304
154743,1372
203706,11262
61908,48574
128526,57804
153756,10652
161667,56714
194424,11262
183213,33534
192300,35732
196722,1304
223104,11262
225747,60978
231102,54096
234129,56714
153756,30500
154041,1304
160770,60978
187101,10652
203820,1304
208572,48574
211749,42132
219021,50720
157224,11262
191226,56714
198882,60978
208509,1372
220170,30500
230286,48574
238263,60978
239592,49888
72558,1372
154119,39186
166128,1304
178458,1370
181101,33886
193323,1370
203052,1304
203178,16358
208722,48574
208722,1370
211140,56714
66465,1370
157680,1304
165786,48574
176403,35732
184605,30500
184950,10652
208053,1304
209520,11262
212301,44302
176403,1304
206439,1304
208209,39186
224169,48574
72312,1304
176403,16358
178230,1304
186177,11262
192564,50270
203133,1370
206361,56714
206607,54096
206760,54096
208209,1372
211749,56714
211749,60978
225747,10652
153303,35846
153756,11262
157224,48574
172704,54096
183213,10652
197529,1372
203175,44302
204411,11262
206361,1304
211950,60978
224169,1304
225393,33886
129135,60978
154032,48574
156057,60978
166128,1370
167256,35732
203073,35732
203700,11262
203796,48574
206427,11262
212892,1370
231282,48574
237195,1304
156057,44302
195372,48574
200502,56714
203775,10652
204780,16358
238293,30500
72930,1370
166128,35846
182442,1370
183912,35846
167571,11262
187101,50270
196455,48574
196455,60978
196722,50716
204411,42132
204762,30500
207993,1370
208788,56714
212301,10652
212526,35846
66777,11262
156057,1304
203073,48574
204762,48574
206433,11262
206451,1370
211527,1304
212526,16358
219021,1304
223518,60978
232404,35732
66777,60978
154275,56714
178230,35846
194904,50274
203790,35846
208722,1304
225669,35732
238293,56714
66843,56714
155085,56714
176403,39186
200502,48574
201798,1370
203178,39186
204519,1372
206760,33886
212283,1304
224169,10652
225393,1372
238293,44302
61908,56714
174513,11262
210168,54096
211749,50270
223554,1304
167571,35732
181101,11262
194424,1304
203133,11262
206361,33534
237195,1370
153756,48574
157224,1370
203175,1370
206433,50270
208722,54096
72930,50720
160770,11262
181101,60978
183213,54096
204780,11262
208524,56714
208524,11262
208572,1370
208788,44302
208872,56714
238293,50720
239217,35846
65631,33886
66879,48574
156057,54096
172161,10652
208209,48574
209520,1370
211527,1372
215298,48574
224145,11262
66777,56714
66777,1304
194904,56714
197034,1370
204771,16358
208539,1372
208788,48574
208806,33886
212232,33886
155556,1372
167256,11262
183789,35732
203100,1304
205353,60978
211476,1304
211524,56714
212469,48574
239115,1370
154119,1370
175899,48574
181101,1370
203322,11262
211527,33886
154275,48574
172704,30500
172704,33886
205815,11262
206664,1304
211641,1304
129135,11262
155085,60978
184605,11262
192159,11262
203052,60978
204780,44302
207339,1304
208590,48574
217848,35732
236520,10808
237195,11262
183492,33886
203790,1304
205107,16358
208524,35732
211140,50274
212892,48574
154779,10652
184950,1370
188730,30500
191892,50270
212469,56714
212526,30500
216309,56714
154890,1304
160770,1370
167316,56714
174468,1304
178458,10652
188730,44302
203700,60978
206667,46632
238263,1304
61344,35846
66033,1370
174468,11262
176403,50274
188730,1370
198573,10808
204144,10652
223518,1370
225393,30500
232269,1370
60888,42132
128538,48574
160770,30500
192159,39186
203052,11262
203388,11262
206664,33534
211965,30500
215298,1372
217848,56714
239592,50270
70890,1304
128526,1304
178458,39186
188730,1304
204519,48574
206607,44914
206667,1304
211950,1304
212469,1370
225393,46632
225393,56714
228060,1304
153756,42132
154011,56714
161283,1304
204144,39186
205659,35846
206667,11262
208566,1304
208893,56714
211125,44302
216948,48574
226662,1370
238293,11262
156489,42132
183195,56714
188637,60978
191892,60978
198882,50270
208524,30500
208722,11262
208872,11262
223104,1370
232404,56714
128469,1304
129081,48574
157938,1370
159027,1304
205659,1304
206361,1372
61344,1370
153669,1372
156057,56714
156489,1304
191226,1304
203322,30500
205107,1304
206427,1304
208566,11262
211524,1370
232266,60
61824,39186
75723,35846
154275,1304
154779,48574
154890,1370
156057,10652
181101,50274
188844,1370
204657,54096
205815,1304
206697,33886
206760,39186
206760,57804
208350,1304
208722,30500
216309,54096
224145,60978
227310,56714
239115,1304
153303,1304
155556,1304
197595,39186
203052,30500
203709,11262
205122,1304
206760,44302
211125,60978
225669,1304
239592,11262
60888,1372
66843,1370
154758,11262
184863,60978
203073,1370
204780,56714
206667,1372
206760,11262
223554,48574
224145,49888
154869,1370
160029,61542
166995,11262
176403,50270
182565,11262
194883,61672
203268,30500
203700,50716
211965,11262
219021,39186
61692,44302
88920,61672
153960,30500
154797,30500
167082,11262
187707,50272
188604,61542
203295,61560
206346,11262
207828,61560
212892,11262
154485,11262
157416,61542
203316,48574
205662,50716
206406,48574
208872,34092
229977,33886
237300,50970
63873,1372
72483,61558
172695,1372
187707,39186
198945,61672
205740,11262
2061063,1370
206346,30500
206745,48574
208572,1372
208599,11262
229341,11262
157416,11262
186438,61542
206406,56714
208740,30500
208872,50270
210678,124
225276,11262
227469,50274
230028,50716
230604,50716
242151,1370
242571,30500
128604,1372
167316,30500
190776,61542
191250,11262
206847,1372
207927,1372
208872,1370
210234,1370
210678,49888
211815,56714
213513,48574
226662,48574
242856,50716
64218,56714
71766,50716
96444,50716
181149,11262
203673,61560
212220,1370
216648,30500
225012,124
62337,10808
66777,61542
181149,30500
186447,54096
203214,50716
205662,61560
208572,50716
208626,11262
208872,61558
212550,1372
212892,50716
63582,11262
154758,1370
157938,11262
174468,61542
183390,39186
186447,44302
203328,56714
208476,11262
212478,11262
230331,44302
25749,1372
192564,56714
203700,33886
206376,34092
207084,61542
209799,1372
221526,1370
225351,1370
25749,61542
155106,33886
184509,1370
186438,11262
198882,61552
206346,61672
224874,48574
154068,61542
154881,61558
186933,56714
190776,56714
208722,44302
212301,50716
222438,30500
242856,10652
158016,61542
166128,61542
167316,44302
198882,44302
203328,11262
207222,50270
208872,50716
212469,11262
96444,33886
153309,61542
161667,50716
186216,30500
203673,54096
205662,56714
206670,11262
208536,61542
209520,50716
224841,1370
230028,56714
235932,61542
75723,11262
154881,1370
181149,1370
205662,61558
206664,61542
206847,1370
207600,61560
210186,50716
210393,42132
211815,11262
212301,1372
227310,61558
96444,11262
161667,61542
165762,56714
166995,48574
166995,56714
171939,61672
180495,1372
194904,1370
203328,61542
210678,61672
72900,56714
154758,33886
161787,1372
194904,30500
205740,30500
208347,1370
208500,50716
208572,61560
208575,61542
231414,50716
235299,61542
72900,30500
128538,44302
181860,1370
203082,56714
206943,61542
208572,30500
208740,48574
209799,1370
210234,30500
210690,11262
225012,1370
236655,11262
128538,39186
128538,10652
129204,61542
154881,48574
166995,61542
178458,61672
181101,61542
197286,61560
198279,50716
198882,50716
234156,44302
239592,39186
242856,1370
25743,61552
128538,42132
165927,1372
208500,11262
209799,30500
212442,30500
212892,56714
230091,61672
62337,44302
96444,34092
129153,61542
156057,50272
184950,1372
186447,39186
204144,61542
220011,11262
231900,61558
71766,61560
154881,11262
164064,33886
184509,1372
192564,50716
208518,48574
210678,48574
210678,61542
210846,61542
225747,11262
231900,44302
155097,1370
163377,1370
194883,1370
203322,61542
205740,56714
206847,61552
206943,57804
208500,61542
232068,1370
234972,1370
238377,50716
158685,1370
188331,36722
190776,50274
205740,61542
66777,50716
157938,48574
157938,61672
164064,50716
188331,34092
208872,30500
209622,30500
166995,61560
175809,1372
184863,50716
203310,50716
204657,1370
204795,30500
206376,33886
208575,50716
208740,61542
210234,11262
211533,1370
234156,1370
238218,30500
25743,61542
154881,61542
188331,36720
203439,61542
211533,54096
203178,61672
205662,1370
208575,11262
208575,30500
230091,30500
128901,48574
128901,1370
164661,56714
203439,48574
2061063,30500
208872,61560
209799,50716
230010,56714
236655,61542
155106,11262
157416,1370
166128,30500
166995,50716
183105,50272
202818,61542
207600,61558
208539,56714
220011,1370
223401,61672
228729,61542
128901,61542
208491,61542
208524,50716
221526,61542
165762,61552
166995,1372
186216,1370
198882,42132
211524,50270
230091,11262
242856,39186
158016,11262
161667,1370
165927,61672
174468,1370
182565,48574
194883,50270
203310,11262
206367,61672
207264,10808
208536,56714
208761,11262
212892,1372
240939,48574
59703,50716
164457,1370
166995,30500
172161,50274
175809,61542
182292,11262
198867,33886
206847,42132
208476,56714
208503,50716
208599,48574
208761,30500
210834,33886
212448,30500
224874,56714
230028,11262
88920,10808
186933,57804
188331,61028
203295,11262
203439,11262
206943,39186
206943,1372
211407,11262
211815,61552
212220,124
225351,48574
238293,61560
238377,39186
64272,61558
72900,11262
155106,50716
172695,42132
174468,61552
210234,50716
226662,61542
63582,61560
67335,61560
158016,50716
158685,61542
161787,1370
181149,56714
206943,34092
208539,30500
217848,39186
128901,30500
187797,11262
194904,48574
206811,61542
208740,11262
209799,39186
241203,61542
154869,11262
164064,1372
175809,48574
205815,30500
206358,50270
225351,11262
229977,1370
231282,61560
235299,61672
188331,53386
72483,124
188331,50272
203268,44302
203700,61560
204222,33886
207618,1372
210168,1372
212469,50274
234030,61542
72483,52918
129264,61542
157500,61542
186447,50716
192144,1370
203316,50716
203328,33886
206376,50716
206439,33886
208572,61542
208722,50716
210186,50270
230091,61560
72900,1370
153960,124
158685,48574
165927,50716
181149,48574
186933,124
203673,124
203724,30500
208575,56714
25743,56714
128334,1372
184863,30500
208506,61542
234156,56714
242151,33886
186933,39186
203214,44302
203724,1372
206847,61542
209796,54096
211533,56714
212220,42132
212469,57804
230010,1372
183105,34092
183390,54096
203268,11262
229341,61542
238536,49888
63582,50716
63873,61672
96444,48574
197286,33886
203268,50270
206367,124
208491,48574
211815,1370
212448,11262
224169,33886
235932,1370
238608,61542
205662,61542
208482,61542
208575,48574
209799,11262
210168,11262
210840,61542
128604,50716
153960,48574
166128,61672
189012,61542
210234,48574
210816,30500
225987,1370
230091,50716
230091,54096
243408,39186
75723,61558
75723,61560
160029,1372
182565,56714
182565,61542
198279,1370
206664,33886
208476,48574
212448,44302
230028,61542
236655,61560
72900,61542
140277,33886
155085,1372
198882,61542
204657,39186
207828,61542
235299,48574
235932,56714
164661,1370
198945,39186
207600,61552
208347,11262
221526,56714
238377,30500
96444,56714
153960,1372
190776,1370
210234,50970
210393,48574
230091,44302
72900,33886
96444,61672
165786,56714
180495,61672
186216,61542
203439,50716
203724,48574
207618,61560
208626,61542
210690,50716
227469,44302
62337,36720
64272,1370
191232,30500
203178,50716
208536,11262
228729,56714
230091,39186
164541,1372
182292,48574
192564,44302
208518,61552
208821,61542
209622,61552
210114,44302
224169,50716
224526,61542
226662,11262
157938,61542
206367,61552
206376,61542
208518,61560
208533,50716
224874,42132
236775,49888
155097,61542
186933,54096
188604,1372
203310,61542
203322,50716
203439,61552
212448,61672
212571,50716
224169,61542
154797,54096
156057,11262
192564,61542
205662,48574
206376,61672
208500,48574
64272,11262
71766,30500
129264,1370
157680,1372
161667,50270
207600,1370
208572,56714
210678,50716
211533,44302
212379,57804
225654,61542
227310,50270
235299,1370
153141,61542
178458,50272
183921,11262
192627,1370
208491,61558
210186,50272
212301,61542
225654,52918
228729,30500
88920,1372
154551,33886
156057,50716
194790,61560
197286,61672
203724,11262
205740,48574
212688,54096
240939,61542
154869,1372
156057,50274
163377,61552
166995,1370
194790,50716
203460,61672
213513,61542
222438,1370
238293,54096
242151,11262
64272,1372
88920,61558
157398,33886
167082,56714
208485,48574
210114,1372
221526,61552
224526,50716
225747,50716
238218,56714
153960,1370
154758,61542
158016,48574
181149,1372
2061063,61542
206847,11262
221115,50716
227310,50716
240939,33886
128901,56714
129264,61552
172695,1370
186933,48574
190776,11262
203316,30500
205740,1370
2061063,50716
208590,11262
208740,50716
212688,61560
219021,61672
225672,1370
206406,33886
210234,1372
212220,61542
227469,1372
230010,1370
231900,1372
64218,1370
186438,1370
203301,48574
203316,44302
205662,44302
206376,61558
208740,1370
223401,56714
64218,33886
128604,61672
155085,1370
183105,57804
194790,33886
204780,33886
209622,11262
213513,11262
213513,1370
222438,11262
236775,1370
63582,33886
88920,54096
158016,33886
165762,30500
172056,1372
182565,30500
194790,1372
198573,1370
203724,50270
206664,61552
243408,30500
25743,1370
172161,34092
184104,1370
203673,30500
203724,57804
206664,1372
206811,30500
227115,50716
227310,48574
192144,33886
206406,1370
208539,48574
212442,61542
212571,11262
236655,1370
238536,1372
203295,61558
208491,1370
208545,56714
208722,61560
210678,30500
154797,39186
154881,1372
164457,1372
198867,48574
206439,1370
222438,56714
64218,11262
174468,30500
186933,50716
203301,61542
203316,50270
203724,50716
209796,1372
211815,48574
212337,61542
237300,61560
238608,48574
155106,56714
174468,61672
176403,57804
203268,61542
203295,50716
206943,61672
243408,10652
25749,61560
174468,50716
203790,61672
208347,30500
208524,44302
208599,56714
209520,42132
153048,61560
154068,11262
155085,50716
165927,48574
189012,56714
208872,61552
224169,49888
225747,44302
238293,61558
183921,61542
208482,61552
208761,124
225654,61672
235932,34092
203724,54096
207339,56714
208476,54096
208722,50274
210114,61542
210168,61672
210834,11262
61692,50274
128604,1370
154887,48574
157500,1372
166128,1372
186216,61672
203214,1370
208524,61542
208872,61542
238377,11262
242151,61560
154068,124
157500,1370
157938,50716
182565,50716
190776,33886
211533,50270
220011,48574
235932,33886
72900,50716
165762,124
166128,61552
186933,11262
206376,50970
207390,33886
210678,50720
217848,61672
229977,48574
129264,11262
153303,1372
155097,1372
157500,30500
189012,1372
198522,11262
203724,44302
206406,61542
209799,50272
210234,124
211524,33886
230028,30500
61692,39186
67335,48574
128604,11262
165762,50716
176403,54290
212220,10808
235299,61560
153960,11262
154485,48574
165762,11262
172161,61542
186933,30500
192564,48574
203214,48574
205662,50270
2061063,11262
206406,50716
208536,50716
208599,61542
217848,52918
228729,1370
235299,56714
236655,1372
165927,11262
184863,11262
198573,48574
203460,30500
206346,39186
208491,61560
234972,61560
238293,39186
128901,50716
182565,1372
202818,48574
205815,61672
206943,50716
208533,61542
210678,61552
210690,56714
211533,34092
211950,1372
220011,56714
225747,1372
236655,61558
153048,30500
198882,33886
203100,50716
203796,61542
208485,50716
208599,1370
210393,61542
227310,61542
186933,61558
191232,44302
206376,52918
206406,11262
208518,61542
225747,33886
206745,61560
210846,11262
211815,61542
212220,54096
238377,48574
153309,61552
156057,50270
184950,61542
198882,61558
207390,11262
208545,50716
230010,11262
198522,33886
203439,30500
208761,50716
210393,39186
229341,30500
229341,50716
243408,61558
154551,1372
198882,11262
206847,48574
210168,1370
238377,61542
62337,50274
160029,11262
203310,33886
204795,61542
211533,1372
212301,48574
232068,61542
182565,1370
186933,61560
202818,44302
221115,30500
225654,1370
128901,50970
165762,1370
186933,33886
198279,61542
201564,30500
221115,61672
221115,11262
96444,39186
140277,1370
156057,30500
182565,39186
197286,48574
203295,56714
207390,50270
209994,30500
212220,48574
212448,34092
212571,1370
229977,1372
25743,48574
154485,1370
201564,49888
203460,50716
203724,50274
206376,44302
206943,52918
212220,61560
241203,1372
154797,44302
172419,30500
186216,1372
203178,33886
203460,44302
206346,48574
207084,11262
208524,1372
208545,11262
212337,11262
242571,11262
128538,63188
183450,62944
186174,59394
187806,39186
194208,10652
195063,11262
203517,1370
2061063,63510
211533,1304
229620,11262
231900,63188
236775,10652
242442,57804
246627,30500
176403,32496
206364,55632
206376,57414
209697,10652
211947,57414
217848,11262
229977,57414
242232,30500
242232,1304
251253,62074
251643,11262
129204,10652
157500,63510
176403,63360
183105,35846
183213,1304
183450,63218
208500,57414
210981,59396
242232,57414
252375,63510
25749,57414
25749,63510
128604,30500
186990,35732
203142,1370
211473,10652
213885,30500
220713,10652
242442,56714
248013,63510
251643,1370
72900,1304
128901,1304
139272,35732
162984,1370
191556,63188
192771,33886
195063,54096
203106,1304
203724,57414
206304,1370
206952,11262
207600,33886
223530,11262
241026,63510
242619,33886
246054,1370
128502,10652
129204,57414
204276,11262
206748,10652
208722,63510
211473,1304
223968,63510
227115,1370
229473,63188
233091,1304
244278,30500
129135,39186
153141,1304
154167,1304
183489,63510
197802,57804
206412,11262
208485,56714
208491,56714
208536,1304
209976,35732
212442,56714
223071,57414
230010,57414
232035,62274
236775,56714
237804,62074
237804,11262
238608,56714
247632,35732
247989,30500
248061,63510
251106,11262
72045,30500
182565,63188
220713,35732
229521,30500
245706,1370
246054,11262
250947,63220
129204,63188
162957,1370
176403,63186
176472,10652
198801,33886
203133,56714
206433,10652
206952,57804
212430,30500
236775,57414
243927,63510
243927,1370
252375,11262
72900,57414
154887,56714
163131,50274
187224,1370
208536,50718
210813,54096
220713,62274
233970,10652
237804,1370
242232,63188
243927,57414
248292,1370
248373,62274
249567,62074
25749,57804
154890,57414
183492,57414
186177,63218
193323,35732
197802,30500
201564,63220
203058,39186
203058,63510
203322,3382
212721,56696
227469,39186
251253,1304
252375,1304
177474,57414
183450,32496
184488,1304
187797,63220
194208,33886
207144,11262
208575,59396
208788,35732
212430,61280
222894,1304
223530,62944
227115,1304
227469,10652
232035,56714
163131,10652
183450,63510
186174,1304
206364,60
212442,63188
212721,33886
231900,1304
238536,63188
242232,62944
242619,11262
249216,63510
249567,1304
252480,39186
183105,39186
185067,1304
191451,11262
197802,59396
206349,1304
206637,1370
222306,1304
225393,63188
231057,10652
244158,56714
249216,63418
72045,1304
157500,56714
172503,57414
206304,63188
207087,56714
207240,62074
208899,1370
222159,50718
246099,1370
249579,1304
64299,63510
157500,61280
157500,63188
183387,35732
187806,35732
188937,30500
194229,10808
201564,57414
203133,30500
210954,56714
212469,57414
246627,124
250434,11262
252696,1370
128538,62944
176403,57414
183387,10652
186174,44660
187806,63188
201564,1304
203517,11262
207240,16358
208341,1370
212430,57414
229521,63510
229521,11262
232404,30500
241305,10652
243927,33886
246627,62170
247632,63188
249216,35732
249633,56714
250275,11262
66924,1370
163131,1304
183213,48298
183387,1304
195063,57414
203058,1304
203724,56714
204768,1304
211386,57414
212442,11262
212469,1304
212721,11262
216495,1370
222894,1370
237804,56714
246804,1304
250275,56714
252375,30500
25749,35732
129081,1304
157224,63510
182565,63218
183921,63510
191232,63136
191247,30500
203058,30500
206847,16358
211533,57804
222516,1304
223782,1304
228060,30500
234021,62944
241026,33886
242232,62074
244278,63510
248013,50718
66378,63510
66777,57414
128502,63510
157185,1370
162984,30500
163101,1370
183387,11262
187806,1304
191556,1370
206748,57414
210954,57414
225393,39186
229341,1304
229521,61280
242442,11262
248178,10652
249930,1370
66777,39186
203106,63510
203133,39186
203517,54096
208899,63510
213102,57414
221331,36720
128502,11262
163101,11262
165744,57414
173613,62274
184950,1304
187263,57414
210690,33886
210813,11262
211473,56714
211473,57414
221331,56714
221331,57414
229521,59396
247632,50718
75723,56696
129204,63418
157500,39186
187797,57414
191232,57804
192159,63510
197835,56714
203133,50718
203316,63220
203724,63510
208479,1304
208536,57414
210876,57414
211140,49888
211473,35732
213114,54096
213114,63186
232455,16358
246099,57414
248013,57414
249930,62074
250947,63188
96138,1370
206952,35846
207144,56714
210876,16358
213114,1304
224631,39186
229341,56714
243927,56714
128604,63188
183387,39186
187797,63360
187806,54096
203724,1370
206376,62944
206952,51974
209799,10808
221526,1304
234021,1370
238218,1304
250275,35846
252480,1304
184509,56714
186174,61280
194229,61540
206673,57414
211473,1370
225501,63510
227292,10652
231900,57414
238608,62074
183105,54290
205122,56714
206637,11262
206952,63188
211473,39186
212442,62074
212721,57414
220713,56714
247989,35846
251829,30500
59700,11262
128502,39186
183387,57414
183387,63188
183573,1304
183921,1304
187806,36720
191451,30500
206979,56714
208899,49888
213114,33886
216495,11262
227115,33886
227469,61280
228060,33886
234021,63220
246627,1304
248292,57414
249207,10652
249930,1304
250434,61280
139272,10652
154890,56714
155055,1370
157500,57414
183489,124
192771,59396
204480,1370
206856,1304
206979,1304
213102,1304
233970,35732
242442,63188
247983,54096
248061,1370
249633,33534
211386,63510
230010,16358
232029,1370
246099,56714
252375,35732
66465,56714
192771,1304
198801,39186
200259,1370
208500,35846
210876,62074
211476,1370
222306,11262
244278,1370
163131,59396
186174,63510
197835,30500
206364,63510
208740,57414
211473,63510
225501,11262
229341,63218
229521,62944
167676,10652
186327,63188
203724,36720
206376,51974
206958,57414
208806,11262
210981,1370
211476,59396
229620,57414
232029,30500
247956,57414
61977,11262
66465,62944
153141,63188
164661,11262
183666,32496
183666,1370
186174,59396
186177,54096
187806,63510
203058,10652
206673,11262
206748,62074
206928,63186
208899,57414
229620,35732
248373,62944
251643,35732
128502,59396
165183,1370
183387,30500
191247,63418
203058,33886
206355,11262
206952,36720
213102,10652
213885,63510
222159,49888
230028,39186
232404,62944
242151,1304
182292,63188
183666,33886
195372,33886
201837,30500
203058,35846
206748,30500
210678,10652
212430,63188
222306,63220
247956,63188
172503,63188
194229,50274
209976,56696
212721,30500
242619,57414
25749,16358
66378,10652
163131,1370
173796,1304
183213,63510
194229,63188
197673,63188
198801,54096
203058,62944
206748,1304
206847,56714
208482,30500
208899,54096
222159,11262
227292,30500
227292,35732
228060,62376
231876,56714
232404,63510
249567,56714
72117,30500
129204,30500
165786,63510
203145,63510
206958,63510
210843,63220
216495,1304
223782,1370
227292,63510
186177,35846
206364,11262
206412,1370
207087,50274
210690,63510
232455,35846
251106,56714
251253,1370
251643,10652
252375,56714
187806,57414
206673,62944
209976,1370
212430,35732
219021,50718
236766,1370
250947,30500
157185,1304
163101,30500
183921,62944
191451,63510
203646,1370
210843,56714
213102,56714
232029,63188
247989,39186
172587,35846
183387,62074
183666,11262
203145,33886
203646,63510
209976,1304
211638,1304
225501,57414
247983,63188
248178,1370
250275,62074
72045,63510
161208,11262
167082,1304
185067,63188
194208,1370
195063,39186
206748,35732
207216,35732
209622,39186
223530,30500
223530,1304
233970,30500
240939,1304
241305,1370
244041,1370
248373,63510
251643,53046
183105,53386
186216,63510
188937,56714
194409,33886
203073,30500
206748,63218
225393,63186
227115,63510
240939,57414
163377,33534
187962,50718
191247,11262
206952,1304
208575,1304
208899,35732
244380,57414
247632,57414
247983,57414
248301,56714
153048,1304
163251,63188
165183,56714
176403,10652
183387,59396
183387,63136
206376,56714
206928,11262
208341,10652
208341,11262
212721,10652
231144,63510
241389,1304
67764,1370
163131,33886
183213,63218
184509,63188
186177,56714
186327,10652
201564,61280
208341,55632
213102,11262
231282,56714
247956,30500
247956,11262
61824,56714
72900,35732
175266,10652
211989,1304
212745,16358
221331,63510
227469,1370
247956,10652
154542,63510
167316,57414
187263,10652
198801,11262
201837,11262
206667,63186
208482,57414
208788,59396
210954,39186
230028,63510
241389,1370
247983,30500
249216,11262
250275,63186
251643,63510
72117,63188
157500,1304
191247,35732
204480,1304
206868,11262
225393,36720
61824,62944
196845,57414
206748,32496
207087,62274
207216,10652
210813,63188
213885,35732
248373,11262
61977,30500
67314,11262
197802,11262
203517,10652
206748,11262
228729,35732
242151,62274
67314,1370
155271,50718
183492,59396
184509,57414
184950,62074
191247,1370
206784,63188
207144,33886
208788,63136
217848,59396
223071,11490
242619,56714
247956,56714
247983,62074
249633,39186
128502,49888
182565,35732
183387,1370
197835,1370
206847,30500
206847,33886
207216,57414
208758,1370
208788,63188
241824,63510
244278,10652
61824,63188
72045,57414
129081,59396
157500,11262
183105,57414
183489,51974
206748,54096
208806,62944
212745,1370
224631,63510
228060,59822
232404,1370
236655,10652
238536,57414
241026,1304
241305,56714
249930,63510
250434,30500
191247,56714
208758,50274
209154,1370
210843,62944
225747,39186
229521,51974
232035,57414
233970,11262
244278,57414
66777,30500
72045,39186
176472,1370
183213,57414
192771,50718
194229,59396
206979,1370
210690,30500
212430,63360
212550,1304
250275,63188
250434,16358
251643,57414
251643,63188
66378,59396
176472,11262
186177,61280
203316,61280
208758,59396
216108,1304
220728,57414
224526,10652
225669,1370
236655,1304
242442,53046
246627,63218
247989,63510
183387,61280
183573,11262
207144,1370
208788,57804
208788,10652
210678,56696
211473,11262
220713,1304
224631,63188
225501,63136
250434,10652
183213,63360
194409,39186
200259,11262
206637,1304
206748,33886
206811,11262
207216,54096
208488,59396
208500,1304
210954,35732
225351,57414
231144,30500
232035,63188
242442,63218
246627,59822
247989,57414
250275,1304
25749,10652
66378,39186
75723,63510
2061063,57414
210813,39186
211989,11262
226662,59396
229620,1304
238377,33534
247983,39186
248013,62944
251643,1304
163101,63510
163131,35732
167676,33886
172695,30500
186174,57414
191247,63510
198801,10652
203445,57414
206673,1304
210813,30500
234129,39186
247632,39186
247983,1304
250434,33886
128502,57414
177474,56714
187224,56714
191247,10652
208488,62944
212430,1304
212442,1304
213102,30500
213513,1304
221526,16358
222894,57414
224631,10652
231057,11262
232035,63510
233970,56714
234129,10652
139272,11262
157500,35732
176472,39186
191247,59396
192771,62944
195372,63360
197835,11262
208476,62274
210813,56714
210843,63188
211533,30500
211533,62074
212430,16358
228060,62074
242442,10652
244041,1304
250434,56714
25749,62074
139272,57414
183489,59396
184488,62944
186327,30500
196722,63510
201837,35732
203646,30500
206748,56714
208488,1370
208899,11262
212748,62074
220728,56714
234120,11262
242619,1370
244278,56714
59700,56714
165744,63510
183492,63188
191247,57414
196722,11262
203133,35732
208488,56714
230028,59396
239247,33886
59700,1370
129135,57414
176472,63510
187962,63218
196845,63188
207087,61280
220728,63188
241824,30500
72561,57414
155271,1370
173796,1370
181101,57414
187221,56714
191232,16358
210843,1370
220713,59822
236775,63188
252066,33886
64299,63188
66465,63510
176472,63188
187962,63510
203646,56714
203724,1304
206928,56714
208476,49888
236115,57414
163101,56714
173796,57414
193323,59396
206748,62944
206784,1304
206952,54290
206952,59396
206979,11262
227469,63188
231282,11262
233091,57414
251643,56714
252066,56714
252066,57414
25749,62944
154890,11262
163251,35732
183492,1304
187224,63510
188937,63510
203145,1370
206376,1304
207600,63510
208758,1304
208788,57414
213102,1370
221331,63188
222306,1370
225501,63188
227292,39186
238377,56714
242151,63510
244380,10652
247989,35732
176472,30500
183105,63188
183921,50718
197802,62274
203073,33886
206304,1304
206412,33886
208485,35732
208758,35732
228729,1304
232404,11262
233091,56714
246099,30500
250275,57414
64299,1304
66918,1370
174279,33886
175266,33886
183387,63510
206364,56714
208482,11262
212430,62074
229521,1304
232029,56714
236115,11490
236115,1370
237252,11262
251106,30500
192159,57414
194229,33534
207216,62074
231876,11262
241824,11262
242619,30500
243927,30500
96138,11262
163101,57414
163131,11262
181101,56714
197802,33886
210954,63188
212430,50274
221331,63218
223968,30500
228060,63510
236775,63510
248373,1304
139272,56714
165786,1370
167676,11262
182292,30500
203058,59396
203145,56714
203445,30500
206364,33886
216495,63188
241824,33886
247989,3382
66378,33886
72117,1304
187224,57414
206979,57414
208488,63188
212571,30500
229263,61280
232404,10652
237057,1370
183105,63218
183489,54096
187806,61348
191247,62944
206868,1304
208479,63510
208482,56714
209622,57414
210186,33886
247983,63186
248373,30500
249567,63510
163131,59394
184488,11262
187806,63218
192771,33534
203322,63510
208488,30500
208788,63510
225972,1370
229977,63188
248061,1304
72045,11262
164661,30500
195372,56714
212721,63188
234018,1304
250275,33534
25749,59396
72045,10652
129135,1304
165744,1304
183387,54096
186174,63188
186174,63218
192771,63510
208488,63510
208899,1304
210876,1304
211386,30500
225501,1370
234021,35732
247983,11262
251643,39186
66378,62944
72117,57414
128538,57414
154077,11262
154077,1304
191232,1304
195063,10652
203058,1370
203058,57414
2061063,124
206427,1370
208788,63538
211947,63510
212571,10652
225393,54096
231876,33886
233970,63188
236226,57804
249216,1370
249342,11262
182565,33886
195063,35732
206355,1370
206376,63218
207216,63188
211533,59396
213114,57414
229263,30500
232035,1304
250434,62074
251643,30500
208488,11262
237057,11262
238377,62074
248301,57414
252480,35732
25749,1304
72117,59396
191232,63188
206433,39186
206748,124
207339,39186
223071,1370
236775,11262
248061,30500
252066,10652
173796,30500
194208,11262
203058,11262
211533,11262
229263,1370
233970,1304
237252,35732
246627,63188
162984,57414
164007,1304
184488,1370
186990,1304
198573,56714
203316,11262
203724,61280
206376,59396
208740,63510
213114,63188
225393,62944
225501,1304
233091,35732
234018,1370
236226,63218
242232,56714
242442,1304
246627,62074
247989,10652
249567,10652
61824,63510
67764,11262
96138,57414
129204,1304
154167,11262
155055,1304
172503,1304
174279,39186
191232,36720
192159,62074
194409,10652
206748,59396
210876,63188
212748,30500
212748,63188
213885,10652
225393,57414
227238,1370
228438,49888
231282,63510
252066,62274
154167,63218
155055,63188
203133,33886
206868,63188
208536,39186
210954,1304
211386,56714
213114,62074
225501,62944
228060,57414
25749,3382
128502,50274
129081,57414
197835,63510
206637,54096
206748,57804
208479,11262
209154,1304
211473,30500
212430,10652
213885,11262
221331,1370
224526,1304
236655,35732
243927,62944
128901,57414
183666,1304
197835,57414
206748,63188
206784,11262
208758,63510
220011,57414
232410,35732
236775,30500
246804,1370
252375,49888
88821,50720
128538,49888
176403,11490
182565,63510
185067,62074
195063,30500
198573,63188
201564,62074
203145,57414
206667,35846
208488,39186
227292,11262
229521,57804
242442,124
244278,62274
247632,63510
247956,35732
61977,50718
186174,63186
187221,1304
206304,57414
208485,63510
208788,50274
211386,1370
225501,63218
228729,63510
247956,1370
249930,11262
203145,1304
207240,1370
211638,62074
220713,62376
223530,63510
232029,11262
246099,63510
128502,59394
139272,63510
154542,57414
174279,1370
175266,57414
192735,10652
203445,62944
208740,56714
210678,57414
225972,16358
236226,63510
236766,11262
66918,1304
191232,35846
197835,62074
203073,57414
204276,1370
208476,57414
208788,62944
208899,30500
210843,62274
212430,63510
212721,1304
224631,49888
231144,10652
242442,39186
249486,11262
88821,63188
176472,1304
206748,63186
207150,1370
207339,63510
208341,57414
208722,63360
210813,1304
212550,63188
213102,62074
223782,56714
228060,62170
249216,39186
251253,11262
128604,57414
167316,63510
203058,35732
203322,56714
205188,1370
206412,56714
208506,57414
212550,33886
237252,1370
244158,30500
249207,1370
249567,11262
250434,1370
250947,56714
154167,63188
175266,63510
182292,1304
183387,50274
211638,11262
217848,62074
224526,63510
225393,63218
232455,35732
241026,11262
242415,56714
250668,1370
71274,61542
187386,36720
198279,57414
165045,61364
192564,62074
203175,61542
225390,11262
212112,124
211047,62074
164007,35732
206988,61364
244680,56714
183468,61364
208206,61542
154473,61542
188730,50716
222204,50716
179700,30500
194883,10652
209994,35732
210045,11262
222204,56714
157767,10652
196845,61364
165045,1370
171702,11262
181662,61552
203451,16358
154146,48574
205191,30500
202818,50274
212232,48574
223104,30500
205191,39186
205191,10652
207240,35732
167316,61364
183213,35732
162843,33886
212112,48574
244680,48574
171702,61558
229737,1370
232656,11262
203184,61558
211533,61348
233163,11262
188730,61364
72930,61558
172419,61542
222906,61364
232029,61364
72930,61364
203280,35732
229737,10652
188730,10652
211533,33886
25749,35846
157767,11262
243408,11262
156063,1370
203280,1370
165132,61542
183468,59822
195771,61364
205191,10808
205191,61280
229737,35732
211047,34092
177672,1370
211533,57414
239592,59396
181662,35732
207588,35732
244041,61542
195771,1370
210000,1370
231102,59822
129135,44302
161667,61364
181662,30500
205191,61364
210045,35732
212232,1370
188730,59822
61482,61280
177672,50716
198210,39186
203700,61558
128502,50716
177903,61542
210981,61552
61482,48574
183213,53046
157767,61542
192564,11262
177672,48574
202818,57414
164631,11262
172419,56714
207588,61542
209994,35846
186384,61558
198279,30500
192564,39186
221610,35732
153303,10652
195771,11262
165045,56714
198210,61364
205191,50274
72930,10652
203811,59822
205191,11490
206634,48574
212592,59822
186384,50716
204657,62074
225390,61552
231225,61364
171702,1370
181662,1370
211047,35732
212232,61542
229539,59396
61482,39186
64365,61542
154743,61364
205191,59822
186384,124
192564,16358
203811,56714
205191,44302
225390,35732
156063,61542
156063,61558
194229,59822
203214,35732
244479,59822
162843,50716
192564,30500
244680,1370
164631,1370
195771,35732
154998,35732
164631,61558
206988,59822
212232,59396
183213,50968
187386,36762
194229,3382
129135,10652
205191,1370
231708,1370
61482,61364
211533,35732
212232,39186
229539,50274
180495,62074
193911,61364
203811,62074
208206,59822
202818,56714
204771,35846
210045,1370
211047,11262
222204,61364
212112,59396
72045,61364
172161,50716
211047,30500
221610,16358
154998,61364
211533,61364
225699,10652
71766,39186
165132,1370
157767,59822
221610,56714
154797,61364
194229,35846
71766,10652
154797,10652
172419,35732
211047,61542
211533,35846
166356,61542
195771,61542
186384,34092
212232,10652
64365,56714
188196,62074
198279,56714
205191,50716
212232,61364
128502,44302
203184,11262
205191,48574
208206,11262
189012,1304
192564,42132
194082,61280
203673,62170
206376,30500
217620,1372
154881,34092
225396,1370
245154,36720
245154,50270
188787,49888
188853,11262
208554,33886
221409,1372
228687,56714
244644,1370
61344,1304
159831,57414
178230,60
178830,39186
222306,34092
64959,1304
66033,1372
195249,1304
203271,1370
204144,50716
207243,1372
210168,50716
218673,56714
221409,1304
230286,57414
238032,1370
60870,49888
60870,11262
66924,1372
139272,30500
163044,1370
174468,57414
183573,50270
203889,1304
221331,50270
183789,1304
194229,1304
203277,42132
209073,1370
217782,54290
231225,1372
184710,35846
203301,57414
203733,1372
208524,39186
232068,39186
139272,1304
153309,1304
163044,30500
183105,53160
197835,1372
202818,50716
204795,59396
205665,1304
208554,56714
211533,53160
230073,11262
230073,1304
72108,33886
154113,1304
195249,1370
208575,1372
224169,1372
77484,30500
154803,1372
186174,35846
202818,1372
203811,11262
205122,30500
217620,62074
234555,50716
237300,35732
163131,57414
203733,42132
206376,50270
213114,35846
227343,16358
244287,53160
246870,1372
129264,35846
162603,57414
183489,61280
206421,50716
211989,1372
172704,10652
203316,57414
204411,50716
206418,53160
224526,1372
154113,1372
165786,57414
178830,61280
207330,42132
208872,1304
77484,56714
129204,1372
203733,56696
247974,1370
154869,33886
154956,10652
172719,62170
183105,53406
183105,1304
187962,11262
192564,33886
219456,1304
232269,57414
233040,57414
247974,11262
189045,1372
203271,62074
208491,11262
212337,1304
242388,34092
154698,50274
154803,1370
179496,1372
183213,52918
193323,56714
204771,33886
231162,50716
232068,33886
157500,50270
164337,57414
211473,50716
228729,10652
164457,56714
178830,50272
208491,30500
225747,57414
172719,11262
205659,53160
212211,50716
234555,52918
77484,54290
176319,1370
203145,11262
206988,1372
234864,51974
245631,1372
154881,50274
163482,50274
178938,1304
210933,60
226623,56714
234864,56714
246054,10652
72918,1370
186174,54864
187734,11262
203256,57414
245154,50716
246870,35846
248202,54096
162984,1372
183213,62074
200508,1304
203316,34092
203796,62376
207114,1304
162795,11262
165312,1370
204795,1304
207600,50716
238689,57414
154167,62074
196845,50274
209073,1372
221409,56714
242619,16358
154011,11262
171939,10652
176403,48980
196845,62074
203271,16358
217782,10652
238032,50716
187263,1370
193323,57414
194229,50270
209994,57414
213885,50270
154956,1370
172704,1372
186987,1304
203733,1304
235932,1304
238032,57414
129264,57414
154698,51316
172704,1370
177951,1304
191892,60
194229,57804
207828,1370
228687,33886
186174,33534
197286,1304
212721,57804
227343,30500
234555,30500
243927,10652
248250,1304
71766,1304
189045,35732
203301,1304
210168,30500
213885,52918
237300,1304
61344,33886
66915,1370
153048,39186
165786,50716
188853,56714
203178,1304
203829,50716
207219,10652
212211,33886
129264,62074
183105,50274
183105,1372
187806,51974
203733,50716
206745,33886
207243,30500
212211,56714
215298,1304
217620,62170
221331,54290
233040,1372
203673,3382
205665,57414
230073,1370
230178,59822
237765,1304
242610,60
155097,33534
183492,1372
202818,1304
203445,35846
210825,1370
212337,33534
234864,1372
60870,124
77484,33886
128604,56714
183213,48980
205662,59396
228315,1304
230286,10652
129264,16358
191556,1372
192564,57414
203811,1304
217620,50716
217782,53160
220728,62074
224931,1370
227988,56696
243927,11262
60870,50716
194229,54096
195723,10652
207222,1372
212721,1372
225669,1372
237300,1372
176403,42132
232035,50718
238608,1370
244878,56714
187806,10652
189045,57414
234156,50716
178830,1372
183489,57414
184710,30500
203733,11262
205815,50716
225480,1370
234156,30500
153072,1304
162984,11262
166128,56714
176403,35846
203733,48980
203811,33534
206304,1372
206421,49888
208515,50716
208554,11262
242232,35732
163044,35732
164457,50270
208515,33886
210168,57414
222306,50716
244287,10652
203241,1370
209994,50720
217848,33886
246870,1304
183789,33886
247956,35846
184710,1304
207330,1372
217848,61280
248250,16358
183573,57414
196845,56696
203736,1370
203811,57414
213885,54096
60870,10652
128334,54290
163131,56696
183492,50716
203256,1370
234972,1372
242388,11262
244287,11262
154698,34092
232614,1370
242610,10808
244287,50270
128604,50718
158274,11262
178830,35732
66879,1304
155097,56714
155388,11262
188787,55798
194229,57414
203733,57414
234156,35732
242619,42132
88920,10652
203247,1370
210690,1304
221331,30500
224169,57414
234156,39186
246339,50716
248292,1372
175809,1370
186078,1372
187101,57414
192564,33534
207150,1304
208524,1370
208584,1304
242232,11262
61305,57414
154113,57414
171372,1372
188787,34092
193323,62376
195723,35732
198573,49888
204795,1372
205122,50716
221331,1372
222306,1372
227343,1372
231225,57414
234972,1304
72918,1372
88920,1304
162603,1370
166128,62170
178830,50274
178830,57414
204771,50716
206376,53046
235191,50716
245154,1304
159831,35732
176319,50716
208491,35846
211548,50716
212211,16358
225480,1304
239556,57414
153072,1370
203178,35846
203673,53160
203829,57414
208491,1372
213885,39186
226623,30500
242151,1372
248202,1370
154956,50716
179496,1304
215298,56714
218061,1370
218673,1370
154869,1304
187806,50272
192771,56696
195723,56714
203700,35732
203700,10652
207114,35846
217782,54864
232035,10652
247632,1370
187650,1372
203241,57414
203274,1370
205659,10652
210795,1304
210825,56696
211950,57414
232068,44302
245631,57414
161667,39186
183213,36720
155388,1372
192771,50270
203673,56696
207219,33886
208554,10652
232269,56714
235191,1372
242409,11262
72918,1304
162603,11262
183489,50274
183489,1372
209073,1304
211548,11262
212721,53160
232269,62074
64272,1304
207339,44302
212721,50270
216948,1372
217782,54096
227343,57414
245154,56714
192159,50716
203145,56696
203310,34092
203532,56714
210171,1372
217848,1304
234555,61280
65577,1372
183213,54864
187806,1372
189045,10652
196845,50716
231225,1370
235191,56696
242151,57414
153048,62074
166128,61280
194082,57414
228315,1370
77484,11262
154956,35732
186378,10652
203673,33534
203889,50716
206376,54290
211548,1304
153048,11262
157938,30500
188787,1370
189045,11262
233091,1372
236766,1372
88920,57414
157500,44302
172719,1370
178830,50270
203532,1304
203733,1370
203829,10652
231162,30500
244287,50716
96444,1304
154167,61280
178830,54096
186378,33886
203574,57414
216948,1370
129264,124
175809,57414
184710,1370
203145,35732
203574,50716
207243,57414
208821,1304
238608,1304
25743,1304
176577,1370
178830,30500
195723,1304
205662,11262
222438,10652
230178,1370
191238,1370
203274,1372
207597,56714
218061,1304
162795,35846
162795,1304
172419,1372
203310,56714
203460,34092
207600,11262
217620,11262
224169,35732
244287,56714
167316,1372
212775,57414
231876,1370
232068,57414
244287,35732
178830,56714
192564,1304
194082,53160
201798,30500
205662,30500
206418,1372
206448,50716
206988,11262
211533,16358
211548,52918
248292,33886
128763,57414
163101,1304
171372,62074
178830,42132
183213,1372
202818,34092
205188,42132
208491,1304
129081,10652
155556,56696
166128,50716
172419,39186
208524,1304
209073,53160
211815,10652
67764,1304
186078,62170
204522,50716
231102,1370
238032,30500
154167,1372
203274,1304
248250,1370
162603,1304
209073,11262
210171,50270
232068,30500
77484,1370
139272,50716
205659,50720
208554,50716
61305,62170
178830,44302
210795,1370
223089,60
224931,1304
163131,1372
183213,62614
203673,55798
206406,53160
206406,62074
211548,33886
217620,33886
221409,57414
227115,1372
231876,50716
183213,39186
188853,1304
203256,62074
203445,56696
206406,57414
210834,10652
217848,57414
221331,56696
242619,49888
244287,1304
248202,11262
72900,34092
77484,57414
172704,50716
178230,34092
183489,42132
189045,1304
203829,11262
211965,50716
172419,10652
174468,1372
183105,10808
203316,56714
221331,10652
247632,11262
96444,57414
154011,1372
176643,57414
177951,1372
187875,10652
203295,1304
209073,30500
237765,11262
72918,57414
206448,11262
155388,56696
191238,10652
203820,1372
206418,50270
64959,1370
88821,35846
162603,56714
183672,1372
206418,10808
211950,35846
211965,39186
213102,1372
77484,1304
184104,1304
185067,62170
187875,1370
234156,33886
60870,30500
88821,62074
186378,1304
224931,35732
234555,53394
242388,33886
61344,56714
128763,44302
187806,42132
192771,50716
204411,35846
204522,62170
206376,53160
207114,1370
228729,11262
244644,1304
61305,1370
88920,57804
157854,56714
163131,39186
183105,44302
187101,11262
187962,57414
193323,50718
206418,33886
208872,33886
215298,57414
206421,1304
207600,10652
208515,11262
208584,35846
217620,1370
64299,48574
160029,48574
161403,1370
206940,48574
217752,1304
157767,1304
158742,1304
183666,50716
186438,1372
190776,42132
204093,1372
206355,1304
206364,61028
211047,56714
211638,30500
213114,1372
215457,56714
216498,30500
222669,35732
233814,44302
242232,48574
165687,1304
199860,11262
203256,10652
206367,30500
163101,54096
163131,48298
193965,35732
197529,124
206364,48574
210876,30500
239577,50270
240939,50270
71766,61028
154506,48574
172035,30500
174279,11262
187875,11262
188196,35732
188196,1372
199854,16358
206406,1304
206955,33534
207330,33534
232029,48574
238827,11262
72483,1304
172035,1304
179838,1304
206415,1304
207105,56714
210000,11262
210981,1304
128526,1372
153813,11262
203256,11262
210678,1304
211806,1304
154098,1304
158610,50968
165750,42132
165762,33534
181593,61028
209094,1372
222906,61028
61935,1370
196311,11262
204093,11262
208476,35732
154476,1304
204654,1370
205191,61028
206346,1370
206937,11262
154146,1372
157185,35732
165762,1304
187743,1304
195063,3382
197529,56714
199860,44302
206367,33886
207096,30500
61344,11262
186378,1370
206823,35732
220728,48574
238572,33886
238689,1304
206478,11262
225672,56714
227616,11262
68568,35732
71766,35732
157500,50716
164064,1304
207618,33886
211806,1372
212337,1372
193965,10652
206355,35732
206421,11262
210876,56714
225501,35732
156486,11262
164970,11262
184485,35846
197799,30500
206745,1304
208341,61028
153312,30500
164640,33534
164640,1304
199854,10652
128526,30500
153381,1372
203106,48574
206625,1304
238827,35732
239508,1370
154476,1370
154770,1372
165762,10652
184713,42132
207129,42132
211767,56714
220713,48574
153150,56714
156486,50716
163101,1372
167451,11262
203736,1304
206421,1372
208341,35732
230010,30500
153402,1304
158610,61028
181662,33886
203232,56714
203256,35732
203256,61028
207096,11262
210846,1304
212442,1372
192159,10652
206304,35732
206364,50716
206367,35846
225501,124
229977,56714
61344,10652
155031,1372
158766,11262
206421,1370
211413,1304
216498,50716
217752,54096
232029,35732
156486,1304
165750,1304
197286,50272
206376,61280
206427,35846
212640,50716
25734,33886
67371,50716
72483,48574
183912,1304
194208,50716
205959,124
206346,50270
206937,54096
210981,35732
225012,54864
228024,11262
165687,35846
203736,33886
206364,1372
209622,1304
220713,61028
220728,50716
207216,30500
208533,33886
224841,11262
25743,33886
153402,35732
203232,1304
203256,42132
209622,1372
217620,48574
227469,1304
227616,1372
230010,33534
231282,49888
154098,48574
166995,35732
176319,48574
210114,50716
225672,48574
59703,1304
128901,11262
153642,1304
158658,48574
182565,48298
213114,11262
216981,48574
236226,50270
153645,1370
154707,1372
186378,11262
190776,61280
211047,10652
160029,50716
199860,48574
199860,1304
203058,48574
207129,1372
224526,30500
232269,35732
71766,1372
183573,1372
183912,48574
194229,61280
198867,1304
199854,56714
203670,11262
206475,36720
212640,11262
154068,1370
158610,33886
164970,1304
203460,1372
206346,50274
207084,1372
210678,16358
215457,48574
216108,1372
217752,1372
222750,1372
157185,11262
163101,10652
187743,30500
188700,10652
194208,1304
199854,35846
204141,33534
206475,51974
62337,1372
158658,1370
177672,1304
191229,16358
203256,1372
207105,33886
207927,50716
208476,11490
181662,48574
212640,1304
240912,1370
184713,16358
197286,50270
198279,11262
204093,56714
206358,1304
206637,48574
207156,33886
232068,48574
179496,11262
222906,54096
238827,54096
153312,35732
177672,11262
187395,1370
191247,1304
198990,1304
203256,48574
210678,35732
210846,56714
217620,1304
72918,48574
158610,11262
165762,35846
184698,35732
184698,48574
204093,48574
205959,48574
212640,30500
198279,44302
239247,1304
240939,50716
61482,48298
72918,11262
153150,1370
211806,11262
61482,1372
155055,30500
191247,48574
206346,54290
209094,10808
232035,48574
239577,56714
153348,56714
186882,11262
191229,30500
197286,1372
205191,11262
210876,50716
212256,48574
157767,56714
164541,50716
186327,1304
194883,56714
195063,1372
203058,50716
232029,1372
62337,1304
154506,1304
172035,1370
203106,11262
203256,30500
206346,61028
216498,1304
220170,50716
72930,30500
187743,11262
198279,61028
206346,50716
239577,1372
96444,30500
154119,61028
178068,48574
183666,35732
163377,1372
167451,1370
210897,48574
213102,48574
230010,35732
153150,1304
153402,11262
153642,1372
153813,1372
206358,33886
206637,30500
206940,1304
212721,50716
228753,1304
61977,1304
67827,1304
187395,1372
188700,1304
201852,11262
206673,50716
211047,48574
215457,42132
228753,11262
238827,61028
239577,30500
154506,1370
162843,1372
203106,50716
206673,1372
227616,33886
61935,16358
65313,1370
72483,50270
72930,61028
206745,56714
208341,50716
67827,11262
154770,1304
158766,50716
183450,1372
186882,1370
190776,35732
206478,10652
206937,30500
208599,1304
222669,10808
238572,1304
156063,1304
186438,35846
188100,1304
202638,11262
72483,61028
203256,35846
206427,48574
211413,48574
213114,48574
222225,44302
223554,56714
225501,48574
153315,48574
191247,33534
206637,35732
207084,1304
210846,50716
225393,42132
232269,11262
157767,1370
179088,1372
206937,50716
222750,1304
227616,1304
194904,10652
194904,1372
203256,44302
206439,1372
207618,35732
208599,30500
210882,42132
153312,11262
178068,1370
187743,1370
188700,30500
204141,1304
205107,48574
207156,1304
209622,61028
210882,11262
215457,1304
128526,35846
153204,48574
193323,10652
203460,50270
207156,56714
207828,30500
207996,56714
238068,10652
153204,1304
163251,1372
172419,50716
172419,61028
199854,11262
206346,33886
211767,30500
222906,1304
227616,30500
59703,33534
63873,1370
153960,1304
194229,48574
203670,10652
206304,48574
206979,50716
212256,11262
220728,50270
228687,1370
238068,56714
238608,32496
59703,33886
66378,1304
165717,1304
183921,1372
197529,11262
227343,11262
157767,50716
181662,1372
186882,1304
194229,1372
199860,30500
216648,11262
234972,35846
64299,50716
153303,50716
203256,50270
205959,30500
206346,1304
206823,1304
63873,1304
153402,1370
163101,50716
199860,50716
206412,1304
210834,56714
222750,1370
225672,33886
238218,1372
61482,57804
157185,1372
157767,30500
186327,11262
206625,48574
207105,1304
207996,33534
209796,1370
238377,1304
153150,30500
212721,48574
154068,1304
174087,1370
183450,61028
194229,48298
206475,36762
206955,35846
206979,35732
158016,1304
206346,56714
207996,1304
154146,42132
166995,1304
199854,1304
205959,11262
206415,50716
207216,1372
207366,33534
211236,35732
221151,1304
225654,35732
65313,35732
72918,33886
153312,61028
165744,1370
225654,1372
227343,1304
153312,1304
159033,11262
167451,10652
177672,1372
154707,30500
194790,35732
197799,1370
206346,1372
232068,1304
195063,50716
63690,11262
165717,11262
194883,35732
210876,124
220728,1372
228753,33886
62337,56714
68568,1370
156486,56714
163101,35732
194229,10652
25734,35732
25734,50720
163377,1304
186882,16358
206955,42132
225393,50716
228753,35732
239508,1372
163101,48574
186327,1372
186882,48574
197286,10652
206367,11262
207096,33886
228024,56714
238572,50716
154119,1372
156486,30500
165750,35846
211524,50716
212442,50716
220728,33886
128526,33534
166995,35846
179838,35846
212256,1304
63690,33886
67371,1304
163251,11262
164457,50716
210882,48574
211767,11262
212721,3382
155085,1304
157311,11262
157311,1372
162843,1304
175266,48574
206376,35732
212256,35846
222669,1304
196845,61028
225012,1372
232269,48574
25734,56714
72483,10652
153600,1372
197286,61028
216648,1304
222225,50270
227469,61028
65313,10652
65313,1372
128526,16358
153315,50716
155055,1372
206427,10652
61935,1372
128901,1372
154797,1304
174468,48574
203733,33886
205191,1372
211236,1372
212442,48574
62337,48574
72918,10652
154770,48574
172695,11262
191247,35846
210882,1304
210882,1370
211806,35732
217752,1370
179088,1304
190776,50716
239577,50716
240939,56714
206376,48574
206475,60
207216,50716
227973,30500
228687,11262
238572,56714
61908,1304
184713,56714
184713,11262
189045,44302
206979,61028
230604,1304
25734,30500
186327,1370
204093,35732
204654,1304
206406,35732
239508,35846
158016,56714
172695,16358
187395,11262
203733,10652
206475,1372
211806,1370
233814,30500
157311,30500
172161,1372
204411,1370
207156,11262
215517,1304
220728,61028
229977,50716
238572,11262
201852,1304
203058,56714
203106,33886
206673,48574
211473,50270
211767,44302
227469,11262
238827,1304
238827,1372
182565,1304
186438,1304
199854,1370
205959,50716
206823,1370
215457,35846
61482,11262
154146,35732
165762,35732
188100,1370
188700,1370
204243,1370
205107,35732
207828,35732
216498,56714
236226,61280
165915,44302
194208,56714
203670,1304
211236,1304
211413,1370
220728,35846
220728,1304
240912,11262
191226,39186
205905,57414
206811,56714
165045,124
61908,42132
153885,30500
208599,50716
62811,50716
153204,11262
203445,62074
203673,33886
164631,35732
181203,33886
210234,56714
191316,33886
206439,11262
206772,1304
208806,30500
226623,57414
176472,57414
203268,1370
220269,57414
129135,1372
208491,50716
223389,57414
232035,1372
178257,1304
191316,56714
220269,50272
196845,62170
197286,62074
207084,44302
216564,56714
203673,50272
56871,1372
61908,62074
165045,57414
192300,39186
220269,62170
218673,11262
227469,35732
182292,10652
196845,59822
218673,1304
227238,57414
56871,11262
62811,30500
153885,1304
191226,32496
208626,33886
89013,56714
176472,35732
203145,62074
206076,44302
207465,59396
210045,1304
246720,30500
211473,1372
203673,34092
205905,61558
72918,56714
187839,56714
196845,35732
210234,1304
229473,1372
183645,1372
206076,50716
208488,33886
153885,1370
178257,1370
203145,10652
203460,39186
210051,1370
241350,33886
191226,61280
203214,1372
206811,62074
207465,33886
210051,57414
129135,30500
183672,1304
153885,56714
183492,11262
210234,35732
220218,50274
241350,11262
241350,62274
192300,30500
210234,33886
210234,39186
182292,48980
203256,62618
203829,53046
210633,11262
208488,50716
208599,57414
183672,1370
203673,61280
208449,1304
183645,30500
212430,50272
220269,35846
191226,1370
216564,57804
220218,57414
220269,1372
56871,1370
154167,53046
62811,62274
203256,50716
25743,30500
161667,62618
191316,42132
212430,53160
62811,3382
175293,11262
183672,11262
206823,56714
67740,1370
165045,30500
176472,1372
207582,30500
211473,62274
211965,57414
25743,57414
220218,62376
244173,35732
246720,1304
183492,60
206412,53160
208449,61280
220269,62376
184698,1372
196845,44302
203829,30500
206412,30500
206772,11262
223389,56714
208524,57804
235191,30500
181101,62170
211548,30500
64893,35732
229473,1304
203274,10652
203673,10652
238878,1370
206364,53160
155043,1372
231096,1304
210141,11262
220218,62618
208524,62274
206625,62170
208449,11262
192300,33886
203259,30500
206364,59396
56871,50716
61908,11262
64893,39186
154881,57414
181203,30500
205905,35732
203268,10652
153885,57414
203259,33886
206076,30500
154881,1304
196845,62616
203673,35732
210141,35732
213102,62376
178257,57414
220218,50716
227292,1370
89013,11262
203259,54096
212430,50716
220218,1370
211548,39186
161058,1370
196722,35732
155043,1370
191316,57414
210834,50716
208554,1304
231096,10652
154245,1370
220269,62074
208626,50716
229473,1370
206784,1372
206811,1304
220269,50274
208806,50716
205905,1370
220269,11262
203256,16358
203829,33886
235335,11262
203268,50716
203256,1304
187101,1372
191316,1304
206076,53160
241203,1304
220269,1304
188343,1304
225012,11262
64893,11262
203673,39186
203673,62274
56871,30500
56871,1304
203268,57414
212379,30500
206745,61552
209880,61364
153885,11262
187221,61542
182565,61348
212748,11262
66918,61542
222906,59396
128526,50716
206745,11262
207084,61558
128526,61542
167316,61542
206346,61348
158742,10652
153885,61542
205812,61542
212442,1370
232065,11262
65637,11262
181203,61542
183573,61364
186882,56714
186951,1370
157938,56714
231162,61364
232065,50716
172590,61542
157500,61364
65049,1370
66879,61542
156339,39186
162603,48574
153885,48574
167451,59822
210843,33534
182565,61280
65049,35732
153999,35732
181101,50716
222906,39186
172590,1370
208599,44302
222906,50274
62817,59822
66924,61364
162603,61542
154068,61364
186216,61364
186216,35732
183645,61542
186987,61542
162603,39186
212379,10652
66918,35732
225393,61364
227616,50716
206823,59822
227616,35846
212442,39186
244173,11490
65049,61364
182565,61364
183645,11262
187101,62074
187806,11490
182565,54096
153303,39186
237840,61542
206346,59396
244173,59822
178257,59822
183366,56714
183573,10652
212379,39186
227616,48574
65058,11262
66879,61364
156339,61558
65058,61552
167316,50716
186216,11262
186951,48574
65058,1370
206346,61364
213102,59822
232827,59822
187797,59822
206823,11262
240918,1370
65637,35732
231162,48574
173613,1370
162603,35732
187806,62074
179436,61542
206955,1370
227616,61364
176577,61364
210633,1370
62817,10652
237840,50716
183645,61558
227469,61364
67335,35732
187806,52918
154797,61028
196302,48574
225501,61560
200964,1370
206358,48574
206427,33886
210615,1370
216108,61560
64353,61542
153312,61558
197286,16358
203064,1370
210615,10808
224787,48574
228060,61560
229536,30500
240990,33886
242442,53406
69249,61542
192942,56714
197802,56714
200964,50716
209697,61558
211533,61560
153024,61542
195723,1370
203127,48574
216498,61560
223728,1370
25743,16358
72645,1370
183489,56714
183813,30500
186378,61560
210615,36720
236766,61542
242442,44302
60864,1372
175815,1370
230604,56714
242442,54096
128469,11262
206439,61542
183489,48574
183813,61560
184863,61542
187224,33534
158658,56714
197802,10652
203127,11262
206415,11262
225501,61558
203502,50270
206784,61542
166002,50716
206955,61542
208092,30500
211806,56714
72108,61542
123150,61542
165717,61560
178458,61542
183813,61028
206760,50270
208092,61028
184863,1370
210615,61028
211533,61028
211533,124
157398,56714
183105,30500
195723,11262
207330,61560
212640,56714
223728,33886
166995,61558
200964,61280
224787,30500
231102,48574
233970,61542
154890,61542
206364,30500
210585,10808
166029,1372
186987,48574
200964,33886
208692,50716
225390,35846
68496,48574
69249,48574
154890,11490
179838,11262
210615,50272
212442,42132
212775,61542
240990,61542
206427,61542
209184,33886
209976,61542
211533,33534
224787,56714
242442,50716
206940,61560
209697,61542
216108,61558
220632,33534
166599,1370
187224,48574
195249,61542
203064,11262
166599,11262
187224,61542
188937,48574
165717,1372
203106,61542
176319,56714
193323,61558
207096,48574
158766,57804
181860,61542
188937,1372
199479,50716
210615,44302
72312,33886
210615,54096
223728,30500
200964,10652
210615,124
210615,56714
216498,1372
236115,61542
242442,33886
171939,61542
194904,61028
199479,61542
208692,61542
217848,1372
236115,30500
240990,16358
68496,61542
75723,61542
157500,61028
208812,11262
186987,33886
187224,42132
192144,35846
207222,30500
225393,48574
242442,1372
80925,61542
209697,56714
209793,1372
232665,33886
206349,33886
210114,33886
221331,61028
238827,61542
206955,1372
242442,61540
154890,30500
181149,61560
194082,61028
199479,10652
206346,61542
210585,33886
64353,1370
153912,61542
187806,61028
200964,54096
206646,30500
228060,61552
233970,48574
179838,61560
194904,61542
205728,11262
206613,50274
236115,61028
178458,61558
224787,11262
229620,61542
242430,30500
242442,1370
153669,61542
194883,61542
196302,30500
232665,1372
176403,11262
200964,56714
207096,61542
192144,11262
195249,61560
205107,61542
211524,3382
153312,61560
206349,61552
238827,56714
206958,56714
238263,11262
160770,50716
206346,61558
207078,1370
209793,61542
210615,35846
210615,50270
192768,61542
207096,56714
208812,56714
210585,61542
225390,61542
166002,61028
177672,61542
184488,61542
186657,61542
220632,61552
221331,3382
232665,48574
72930,61542
195723,61542
223728,16358
242388,30500
242442,48574
242442,50270
56868,48574
206940,33534
206958,61542
207219,1372
229536,44302
242388,50270
242442,61028
206613,61542
206940,57804
206940,61558
209793,56714
212640,33886
210234,61558
211761,61542
224787,61542
186987,56714
188331,10652
199479,48574
208812,61542
229620,48574
68496,30500
165750,30500
179838,30500
194082,50716
205191,56714
211524,61542
233970,1372
210615,57804
183105,42132
192942,11262
206760,61542
72312,61542
153312,1372
166002,30500
167571,10652
183489,61028
204375,30500
204375,11262
206364,44302
206415,1370
211815,16358
176403,124
225393,61028
68496,1370
128526,44302
128526,1370
158499,56714
210234,44302
159033,1372
183489,10652
242442,53386
155556,30500
204375,56714
207222,50716
228060,61542
153312,50716
159033,48574
186657,48574
203058,61542
206355,61560
228024,1370
238887,61542
80925,50716
166002,11490
186378,35846
206415,61542
212748,42132
234297,56714
160770,61542
176403,54096
216498,48574
235299,1372
67764,50716
160770,1372
196302,56714
202959,50716
223728,56714
242442,61560
63690,10652
165750,33534
187734,61542
199479,1372
206940,1372
207219,61542
165717,61558
208692,1370
233559,1372
242442,61542
194388,11262
211473,61542
208797,61542
210585,11262
211524,48574
214968,1370
224787,54096
228060,61558
229536,50270
240990,1370
220632,1372
154743,61542
178458,57804
182565,50270
233559,1370
187839,61542
205728,61542
210234,61560
210615,11262
212748,50270
63582,48574
167571,61560
187734,56714
208812,1370
72930,54096
187839,48574
220632,1370
221751,11262
221751,30500
186942,61542
206613,61560
211533,61558
212745,61560
212748,1372
225393,61542
234297,61028
236775,50716
188937,61560
211524,1372
215457,61552
187839,11262
206760,30500
208794,16358
210615,36762
212748,50716
221409,48574
231144,44302
161403,1372
193323,61560
196311,42132
200964,30500
208794,35846
233970,61558
165750,61542
181149,61542
183813,1372
187839,1370
205191,50270
220632,11262
225390,10652
242442,61280
63690,61542
176403,53160
206955,61560
216108,56714
166002,61542
225501,1372
238263,61542
56868,1372
204141,11262
202959,1372
232404,61542
233970,1370
80925,11262
194883,61028
196302,1372
206868,61542
210876,61560
212586,61028
227310,1370
240990,30500
240990,11262
206349,30500
206940,124
211761,1370
212586,48574
234093,61560
183489,61542
192942,33886
206367,61542
206613,11262
206958,50716
212721,61560
194082,61542
206613,61558
60864,61560
154113,11262
161403,61542
207498,61542
211473,44302
186882,61542
186942,1372
206646,11262
212748,61542
207219,30500
223728,11262
225501,30500
186657,50270
187839,50716
194904,50270
197286,61542
223728,50716
225669,61560
238218,50716
221331,11262
184863,61028
206364,50274
220011,1372
165750,1372
166029,61542
194388,1370
225669,61028
207078,1372
208872,35846
212586,1372
216108,61542
225390,61560
155556,10652
177672,56714
186987,11262
123150,1370
165750,61560
206346,10652
220011,61542
225390,1370
64353,1372
69249,1370
196302,11262
175815,61560
176403,3382
194883,48574
221331,50716
231144,11262
242388,61280
242442,30500
25743,35846
172161,63188
192159,62376
223968,49888
244878,1304
245976,33886
156057,61280
179853,30500
203256,53160
223968,50716
234093,62074
197286,59396
198882,63188
210882,39186
211548,1370
211950,63188
212586,50716
231663,33886
61482,30500
154953,63188
198981,1370
203259,62074
220269,53160
227310,1304
189045,50716
207222,61280
207588,1304
208893,57414
226848,1304
203256,63186
210876,39186
229521,44302
61692,61280
95988,63188
171684,33886
204774,1304
207222,63188
198882,57414
212211,62074
230178,39186
183195,35732
208758,57414
156057,39186
187707,59396
207999,35732
211548,35732
155106,57414
165744,63188
186177,44302
220713,57414
182295,50716
208722,10652
244041,57414
165684,30500
198981,62074
208539,1370
210882,33886
209625,63186
207999,50718
208539,57414
64845,63188
72558,53160
89013,63188
154956,35846
198981,57414
199860,62074
208515,35846
171684,11262
186378,35732
194229,53406
203166,63188
208893,1304
156057,63188
176403,44302
179853,34092
211542,50716
224280,49888
153303,57414
203256,56714
250977,34092
250977,50718
154827,63188
154998,11262
72483,61280
203259,57414
227469,53160
165684,1304
207222,59396
208524,57414
229521,57414
250977,1370
155097,11262
194883,16358
212745,11262
241305,11262
165750,63188
191247,63188
210876,10652
212211,10652
248301,59822
250977,11262
225672,49888
227664,50716
227664,63188
241305,57414
176403,50716
207999,1370
227670,61280
198981,56714
245976,1370
183195,10652
208116,62074
212586,63188
222438,59396
72045,50716
208806,10652
223104,50718
250977,35732
64353,57414
64845,1370
223968,50718
236490,1304
245976,57414
171372,1370
179853,63188
61482,59396
165684,33886
187797,61280
220269,54096
155106,1370
171684,1370
198882,61540
225012,53394
227670,56714
231900,35732
240912,1304
241203,50718
66879,63188
156057,53406
194229,30500
199860,57414
172056,35846
186378,61540
198981,1304
225012,1304
227310,44302
198981,63188
226848,1370
156057,54290
167451,35732
176403,50272
179853,61280
203166,1370
205659,11262
241305,30500
153438,1370
154476,124
210876,54096
212469,62074
64845,1304
153438,57414
209880,63188
209625,63188
210882,30500
230178,63188
244878,11262
249633,11262
61482,63188
154707,49888
187707,63188
202818,11262
224280,33886
61692,50720
203175,11262
203178,11262
211950,16358
220269,63188
154707,35732
154956,63188
183213,61280
212211,44302
211542,54096
240912,56714
250020,59822
72483,59396
229341,50718
183213,3382
188787,53160
221331,10808
243927,53160
129081,63188
156057,59396
203790,50716
245976,63188
246099,50716
207222,10652
227670,57414
244041,50716
72558,57414
154404,10652
204774,11262
212586,1370
61692,1304
96444,62074
212112,63186
212211,30500
60864,53160
72558,1304
197286,53160
205332,11262
241305,50716
244878,53160
72045,35732
156057,50718
184698,63186
203868,1304
225276,1304
250668,50718
250977,57414
225276,1370
60864,1304
61692,57414
154998,63188
191247,63186
194883,63188
224169,44302
250284,63186
182295,11262
208806,124
155031,63188
220713,50716
243927,59396
156057,57414
179853,33886
227670,50716
60864,16358
96444,63188
187707,57804
205332,1304
212112,10652
220269,35732
194883,50718
203256,39186
187707,51974
223968,57414
223968,63188
172056,53160
172161,35732
177951,63188
188265,57414
194229,48980
212211,33534
227664,57414
155034,1304
197286,63136
221331,53160
225672,39186
72045,53394
211950,63186
171684,63188
186177,63188
203199,1370
203259,10652
208806,44302
211542,50718
77484,50716
203133,61542
221331,62376
227670,11262
77484,44302
167451,1304
188787,56714
207222,44302
187659,57414
61692,53160
155097,1304
197286,63188
229812,55632
250977,63188
174513,57414
178458,59396
188730,1372
192717,61280
220632,62170
244731,32496
60888,50716
154887,1372
206760,53160
206952,30500
183213,53160
183213,63186
203166,57414
203166,1304
211542,57414
206952,10652
232455,54096
243981,1304
244731,50716
244731,1372
249633,1370
250653,57414
167136,1370
179700,62170
182295,1304
187707,10652
206748,42132
199860,10652
208893,1370
211965,63188
244971,50716
154473,1304
183195,54096
205191,53160
220632,16358
244158,1372
181662,50716
204228,62170
204243,1304
217494,62376
230604,62400
154953,11262
154956,30500
187707,1304
194883,57414
212211,35846
155097,62074
245868,56714
172719,56714
229812,62378
180471,56714
220218,62170
62811,1370
197286,61280
207927,63188
208788,34092
240912,63188
241203,59822
154707,63188
165684,33534
212211,11262
66924,1304
230010,63188
206760,62378
242505,1304
154797,1372
191226,50716
206760,53406
217002,62400
242505,35732
210342,57414
204924,11262
234864,30500
244731,62378
153138,30500
185244,62170
221331,54096
187707,1372
217002,35732
234864,44302
244731,35732
244731,39186
185244,57414
206868,1372
187707,3382
243408,62376
244731,1304
217002,53160
246099,54096
183195,59396
187806,33534
222843,30500
153138,56714
206952,1372
208788,1304
157224,1372
217002,11262
227670,10652
244731,54096
227670,50718
165750,63186
182295,59822
183492,61280
205332,1370
208545,1304
225672,63188
227238,10652
60864,57414
172161,57414
189045,63188
212112,44302
203517,1304
211542,11262
77484,59822
212220,62618
217002,62616
203790,11262
172035,61542
208524,63188
61899,3382
77484,35732
61482,54096
72045,44302
206748,61280
183492,44302
229341,57414
187659,1372
205191,57414
217494,62378
250977,59822
72558,50716
154245,62170
205191,1304
240852,1370
89013,57414
157398,62376
154890,50716
207999,16358
203184,35732
203868,61540
205332,63188
209880,1370
210882,10652
183213,50274
202818,50718
243981,1372
154707,50716
220269,10652
154404,1370
203790,62376
203868,50718
211950,39186
77484,62378
206787,35846
61692,35846
234951,57414
225012,59822
227469,57414
203133,50716
230091,10652
249633,16358
250020,61540
61482,57414
158658,11262
206760,62170
161526,59822
154956,63186
194883,1304
244971,50274
216498,61540
60888,59396
72558,62074
171372,63188
179853,57414
203790,57414
206952,62400
244731,54864
61899,48298
157398,59822
187806,16358
165687,11262
185244,62400
207999,1304
244731,11262
153438,1304
182295,1370
203199,63188
204768,1370
207222,50718
232827,10652
234093,57414
153138,1370
206760,59822
72045,32496
157398,62170
221331,35732
186177,16358
207999,10652
207999,11262
208893,50716
157224,62400
162843,62170
245868,63188
250977,10652
56871,61542
185067,62376
191226,53160
209622,44302
196302,35732
198867,1372
206748,50716
176403,53406
203256,33886
250020,1370
62811,50718
210000,1372
244731,36720
194229,35732
207927,57414
227343,56714
227670,1370
234093,35732
153138,1304
234864,53160
244731,44302
246099,62400
171684,1304
183195,50718
224169,34092
161667,10652
208341,49888
208788,50716
227670,63188
243927,61280
72483,53394
207996,62616
243408,61542
59691,62170
180471,1372
244731,30500
59691,1304
198210,59822
192717,59396
157398,62378
174513,16358
178458,62618
244158,1370
244731,56714
244731,1370
188730,11262
181662,1304
244971,62618
153381,57414
206952,35732
77484,10652
188787,10652
244680,1372
204243,1372
164457,57414
165717,39186
196302,39186
206952,42132
231663,56714
230091,56714
244731,62618
217002,50716
243981,1370
206748,61542
206760,3382
187707,50718
203133,57414
77484,59396
222843,62074
232827,1304
244971,30500
185067,56714
198210,62170
206748,36720
244731,53160
217002,32496
220713,39186
187707,62618
206760,33534
206760,1372
231663,11262
153348,30500
157224,57414
61935,63540
66843,33886
157224,16358
177921,1370
192771,11262
208347,62074
182292,63538
183387,56714
183645,63188
190152,33886
191238,30500
195063,63510
219048,61280
224145,63510
231102,62074
247548,1370
154578,11262
187101,63188
203052,57414
206868,57414
208347,57414
211413,50716
244287,62944
25749,63360
66465,63188
128538,1370
195063,1304
196302,57414
197529,57414
203724,63360
207222,1304
209976,11262
217620,63188
242232,57804
249342,1304
250221,33534
251085,39186
172695,63186
208758,33886
227469,59394
244005,63186
250284,61280
173796,59396
183489,62944
206367,63510
206478,62944
209796,39186
219048,33886
153315,10652
183387,50716
213885,59396
216948,30500
217782,124
237804,30500
246711,50274
65640,35732
68676,57414
176403,36720
186990,33886
187659,1304
194790,61280
197799,11262
203673,57414
209622,50274
238263,57414
251625,11262
72561,1304
123150,1304
129135,63188
161403,57414
199242,16358
212220,57804
223968,10652
238887,63188
244005,61280
244278,63188
177921,1304
188937,10652
201798,11262
203166,11262
206346,32496
213102,63188
218958,63510
224145,62944
236766,1304
237252,50718
244287,63510
65640,63510
188331,63136
203724,63188
204780,1304
219030,63510
219048,56714
250629,11262
251235,1370
188106,62376
198855,56714
216822,56714
216948,56714
218958,62274
219030,1370
238293,33886
251085,59396
251625,30500
153600,11262
155556,124
203058,53386
210816,57414
210954,11262
211413,39186
221331,63360
248796,63188
67056,1304
174468,63188
176319,63188
209796,57414
210393,1304
210876,63510
217782,62944
218958,32496
251085,57414
251625,57414
164337,1304
183213,32496
187395,1304
212595,11262
223104,34092
244005,30500
244005,11262
165717,57414
165717,63510
166029,63188
186384,62074
187263,33886
187797,62074
203082,59396
204780,57414
206787,62074
208692,56714
219132,35846
234093,33886
248013,1304
248871,1304
62337,57414
155556,62944
173796,63510
199242,63188
209622,59396
210342,62074
235335,33886
237252,56714
241389,11262
72561,30500
153150,63188
153303,62274
154167,10808
193542,50716
206448,56714
207993,57414
213102,63510
223968,62944
224145,63220
228024,1304
247989,49888
251442,57414
175878,56714
186384,30500
209637,1304
210816,63188
211527,54096
224841,57414
242232,63510
248724,30500
249567,1370
128469,62074
153141,30500
182292,59822
183489,35732
191553,1304
203775,33886
204717,33886
208347,56714
208758,30500
248301,11262
59700,62944
204717,63510
206772,63188
209622,35846
223104,63510
244278,61280
252405,11262
174195,1304
203295,57414
209976,63510
215298,63188
248013,62074
251085,30500
251442,33886
155556,3382
186384,62944
194883,63218
207096,35732
250221,11262
62337,124
159330,56714
163101,39186
178458,59394
187797,63188
205191,63188
206433,63510
213885,63360
216822,1370
222669,63136
238068,30500
242409,62074
244005,63510
251625,33886
153150,63510
154032,1304
154374,1304
154506,63188
154890,34092
159330,49888
166437,63510
167364,62944
167364,1370
208692,11262
209622,35732
247548,56696
188331,63360
194790,1304
204717,124
211344,57804
218958,59396
231102,63510
249063,57414
251169,1370
62337,57804
187734,57414
203574,11262
203724,63136
217782,59394
174087,10652
191238,63188
194409,30500
218958,63188
221331,57804
244005,34092
59700,63186
154011,57414
191553,63188
194883,63510
198534,11262
222669,59396
250221,35732
251235,56714
62337,63510
176403,63188
198801,63188
217782,63360
241218,56714
154032,11262
224145,1370
224211,63188
244005,54096
248301,1370
163101,33886
165717,63188
188106,63510
195063,63188
203166,30500
209622,63510
244005,36720
66777,62274
69060,63188
183213,60
198855,63188
203073,11262
203724,33886
206460,35732
217782,59396
250221,16358
153315,57414
153885,35732
153960,63188
231225,63188
63867,63510
64893,1370
129135,56714
166995,57414
194409,63510
240990,57414
63867,56714
63867,57414
66843,11262
154509,11262
174087,63510
206868,35846
207387,10652
217782,63188
224145,57414
236766,56714
238293,63510
250629,57414
128469,57414
177921,63188
182292,63510
209622,124
218958,11262
223728,54096
245631,33886
69060,1370
155388,33886
186384,63136
209976,49888
246711,30500
252375,33886
68676,1304
174195,33886
186990,63188
188730,63188
194082,30500
203175,1304
207996,63510
210954,1370
238068,62944
248724,1370
250974,56714
60888,10652
154374,39186
161208,1370
198534,63510
206358,63186
211632,57414
232614,11262
63867,63188
63867,11262
128334,63188
128538,52918
154665,10652
157224,35732
167364,11262
194790,63188
207387,63188
209622,33534
209976,30500
204771,11262
206364,51316
211527,59394
215298,30500
216948,50718
218958,33886
236115,63510
237252,1304
250974,1370
186174,10652
194409,11262
199479,11262
211413,57414
248796,56714
158499,39186
161403,1304
172719,1304
203259,50718
206772,62274
224211,54096
227469,62944
61482,61348
157224,50274
167364,39186
176319,10652
184950,30500
186882,57414
203295,33886
225501,11490
230010,10652
244005,56714
248796,61280
252480,34092
128604,1304
167136,56714
173796,11262
203871,63188
206607,63188
206787,33534
206868,1370
212220,57414
213885,59394
225501,57804
246711,63510
248724,11262
250974,11262
66378,57414
157224,30500
184950,63510
211632,16358
252081,33886
65631,11262
123150,33886
157224,35846
183105,63360
187707,34092
234093,62274
248550,1370
248796,10652
251442,62944
251442,16358
252774,1370
154578,35846
155556,57414
155556,63510
167364,54096
210342,63188
211527,63360
65640,57414
186174,16358
186384,35846
209796,10652
209796,10808
210393,11262
244005,63188
72045,63188
128538,11262
176403,63510
194790,57414
204144,62944
216822,10652
244278,1304
153315,11262
186882,63188
211527,11262
211527,63510
223071,50718
251442,63510
167364,10652
188106,30500
189012,63188
190152,63510
191238,63510
203073,56714
203727,63510
218265,1304
231225,62074
247374,62944
248724,56714
128526,63360
157224,62074
157500,63220
186942,1304
187395,50716
188331,63510
201564,54096
201564,63510
221331,61280
244278,33886
245631,63188
251085,1304
25749,61280
63867,35732
155388,1370
180195,124
194904,63188
211344,124
212748,33886
223728,63186
251442,11262
71409,1304
164337,30500
178458,62944
193323,63188
212748,63510
224931,63188
249222,30500
249342,56714
164007,63188
165915,1370
175878,35732
183645,1370
191451,1370
227292,62074
228024,33886
244680,11262
65631,1304
155388,50718
174087,11262
212595,10652
218958,59394
224931,57414
242232,62274
153150,11262
160770,56714
183387,63418
198873,63188
206958,11262
218958,61280
234093,63218
244158,1304
248796,59396
252480,1370
61482,51974
62337,62944
155556,33886
183645,63360
203151,57804
207828,124
209976,57414
228024,30500
234093,59396
177672,57414
187797,54096
190152,11262
218958,49888
244287,57804
247548,1304
140277,11262
210342,1370
216822,30500
216822,11262
217380,1304
244278,35732
247374,57414
72561,35732
153084,57414
154890,10652
188331,1304
193542,39186
203151,50274
210816,39186
211527,57804
238608,53256
244287,54290
247989,1304
250221,1370
64218,1304
65640,63188
186174,62944
194904,57414
199242,56714
204771,63510
218958,52918
203058,63418
212748,59396
218958,34092
244680,63188
246711,61280
64218,10652
190152,56714
200508,63188
204717,11262
210234,59396
212220,63188
216108,63188
244287,1370
153303,63510
154560,1304
155556,61348
158499,30500
193323,63218
206304,63510
208350,35846
216822,1304
233559,56714
63867,33886
153312,63188
160770,57414
167136,63510
167571,16358
174279,50718
187743,57414
194904,62074
206364,57414
210393,1370
217848,63360
244278,11262
252375,52918
191316,61364
154956,59816
180471,61542
222750,61364
234972,59816
243408,59822
182556,61542
203673,59816
207600,61364
232827,11262
186174,59816
193965,11262
183672,10652
154956,48574
66843,63510
72045,16358
155097,61364
154032,56696
198882,61348
207114,61552
165717,56714
189012,11262
191238,1304
193542,10808
203259,56696
210393,33886
211413,30500
218958,39186
221331,63136
59703,62074
249567,57414
239217,11262
203871,1370
210954,10652
228060,63188
248550,57414
249063,1370
153999,1370
59703,57414
153312,57414
154578,1304
203058,63136
206772,57414
209796,63188
217782,56714
204519,60522
250974,32496
252081,11262
88821,49888
194229,11490
186942,35846
198801,1304
204717,62274
206448,39186
207387,16358
212220,32496
219132,1304
246711,62944
249567,61280
208479,61542
244446,61542
153315,1370
166437,63188
194790,62074
203052,63510
203052,10652
203673,56714
204780,50718
210393,57414
212775,1370
212892,57414
225501,39186
25749,63188
63867,1370
204780,35732
210234,63220
250221,33886
66777,63510
68676,11262
154665,63510
164337,63510
176319,57414
230073,61542
209622,62944
212220,54290
234093,63510
248550,56714
230073,48574
176319,55632
183489,63186
183921,1370
197835,63188
211413,11262
212748,63218
61344,48574
244287,63188
249342,35846
180495,61542
219456,11262
231459,59822
68676,63188
128538,63510
157224,63188
159330,1370
183645,63510
198873,39186
203871,30500
207993,1304
210120,1304
211344,39186
211527,63188
212220,1304
223728,1304
224145,59396
198882,39186
211767,61558
250221,1304
199044,48574
155085,10652
156063,35732
156486,1370
167571,57414
192771,62074
208758,11262
219030,33886
224211,1370
153138,11262
229737,16358
194082,10652
246915,1370
248871,1370
250221,30500
251169,1304
175878,1304
186384,54096
187707,63218
154881,61364
155097,16358
203058,34092
207828,54096
223104,1304
246915,1304
155085,61558
65640,11262
72045,62944
173667,61558
153303,63188
153600,35732
172719,63510
213102,39186
206448,1304
209184,1370
217782,53386
223104,57414
229620,30500
238293,63188
242556,1304
247374,63186
153999,61542
242556,59822
59700,30500
72483,63510
198882,61280
228948,61364
153600,63188
154770,1370
166029,39186
192300,10652
212220,63360
237804,63188
185244,48574
207597,1370
62337,63188
174468,61364
203295,59822
180195,1370
197595,1304
203166,35732
206346,62944
206358,62944
208692,62944
211527,62944
213114,63510
223104,63188
225501,50718
234297,63510
245631,63510
183672,30500
154578,63188
177672,33886
193323,62944
203310,59822
247134,11262
248013,1370
153048,63188
173667,53046
174195,1370
192771,57414
199479,63188
201798,61280
222438,50716
228741,53046
61482,50274
64893,33886
154509,1370
186384,63186
191226,63188
222438,35732
206868,62074
219030,63186
219132,1370
224211,63510
242442,57414
191316,59816
237300,50968
77484,63510
154551,63510
176403,48298
192627,59822
210342,39186
203166,33886
206460,11262
217782,63186
242232,50274
232788,61542
60888,57414
65640,10652
128526,63136
153960,57414
180471,1370
194904,54096
203166,56714
203727,1304
206868,56714
210816,63510
212595,1370
234972,61558
217848,63136
234297,30500
236115,1304
248202,62074
248202,1304
25749,63136
154542,61364
210342,30500
222750,61542
63582,62074
63867,30500
69060,56714
183489,63188
188937,63188
194904,39186
206772,62074
206772,1370
244005,1370
153885,63188
187659,50274
189012,57414
211761,11262
216822,39186
217782,57414
238263,56714
244005,57804
176319,49888
206406,63510
228741,1370
244005,16358
247374,56714
247989,1370
250629,1304
154374,11490
156486,63188
192771,56714
203670,1370
248796,11262
252480,57414
176403,51974
187734,30500
188331,57414
209976,10652
210342,1304
225501,62274
223554,61542
235335,30500
236766,63188
244287,57414
64218,39186
65640,53160
153600,1304
154770,57414
164337,11262
206787,1304
209976,56714
153138,61558
210342,62944
155034,35732
211761,1304
251442,59396
251442,1370
62337,59396
153315,63510
162603,62944
188331,62944
188331,63188
198873,1304
217782,63510
218958,50718
244005,48298
246711,10652
250221,34092
194082,63188
227292,1304
59700,57414
201798,63510
247134,16358
249567,62274
250221,63510
123150,49888
156486,35846
157236,1370
204144,57414
207465,50274
213885,61280
224211,11262
238887,56714
247134,1370
186384,63510
188106,56714
191238,56714
194082,62074
198873,11262
199242,11490
203532,11262
203673,50274
208536,48574
236115,63186
236115,63218
238827,1370
242556,56714
155085,61542
68676,1370
61344,61542
167364,33886
72561,1370
211344,59394
155052,1370
228024,10652
232404,62074
239556,48574
250221,56714
250629,56714
154869,35732
206451,61542
154953,30500
176403,53046
201852,63188
211344,62944
248061,57414
203790,30500
212586,61364
186174,57804
203178,59822
203706,61542
207600,59816
210051,48574
191553,48574
234864,61558
226662,56714
231414,61558
207600,48574
230073,56714
204411,59816
154956,33886
239556,61542
203673,52918
191316,48574
222669,56714
194082,39186
195447,11262
128502,61364
182295,61558
186174,61364
198882,62074
205905,11262
155097,10652
185244,61558
193965,56714
128502,62074
207114,11262
213102,61542
154953,61558
222438,61542
205905,50716
192627,61542
60882,1304
154146,50274
171702,1304
188700,60978
197835,10652
203241,11262
203454,16358
203796,44302
205722,1304
219450,1370
228729,60978
154956,61364
183672,59822
68496,1304
128502,1304
175878,1370
186657,1304
197286,60978
201741,11262
203454,48574
203454,11262
206376,39186
206412,33534
206979,48574
207123,33886
226827,1370
234018,1372
243546,56714
71274,1372
234972,33534
184863,44302
186951,1304
188100,49888
204189,11262
206940,50270
212379,60978
224787,1304
155100,11262
225393,44302
173667,50968
191553,61364
242556,48574
61902,10652
206940,50274
210051,61542
154707,60978
179700,33886
187386,53386
211524,46632
232029,59822
194082,48574
203439,1370
206940,34092
71274,42132
208485,61542
228948,61542
232410,61558
154803,1304
158274,1304
162957,1304
182565,44302
191223,60978
206637,46632
72561,61280
183468,61542
179838,10652
186438,35732
155034,61542
204057,10652
204189,60978
205812,1370
206421,50268
207618,1304
219450,35732
234018,39186
155100,35732
191553,35732
244446,1370
154953,61364
154956,61542
171372,61364
183672,62074
178830,11262
194883,60522
198279,1304
203055,1304
207597,39186
216309,44302
227616,35732
182556,59822
207600,61542
232029,39186
71766,60978
154008,1304
154707,10652
206979,30500
217782,60978
88821,61558
229473,30500
155337,61542
188847,61364
203178,33534
213102,61364
206940,54096
243546,59396
206376,46632
207222,60978
227973,60978
183468,50968
164640,1372
184863,39186
203454,1370
210981,1372
216309,11262
203295,61364
219456,61542
231876,1304
72117,48574
128526,48298
199854,48574
203454,54096
157767,48574
158016,60978
203112,33886
71274,45912
162984,48574
186657,35732
203532,44302
204189,36722
208341,44302
210981,60978
183573,35732
188100,48574
201741,1304
225672,35846
204189,50272
164640,11262
166005,1304
166995,50268
56868,60978
60882,1372
153303,50270
154707,16358
174468,35732
216309,50274
217293,1304
178830,10652
181662,11262
184713,35732
186657,1372
194409,1372
196722,33534
231057,60978
187707,35846
212232,11262
227223,11262
25749,60978
128526,50720
154707,11262
178458,60978
194229,51974
153303,124
154707,54096
182556,1304
188100,30500
210876,33886
219450,1304
237675,1370
183105,60978
194904,124
203241,48574
208812,33886
219231,11262
232410,11262
166029,35732
202638,1304
210234,50270
71274,50720
178458,51974
188700,39186
197286,57804
206625,60978
154476,50268
162843,60978
207597,10652
224280,11262
195249,48574
205959,1304
88821,11262
128526,50724
172035,3382
71274,16358
187707,42132
206940,35732
229473,10652
231057,30500
153315,1304
187707,50724
187707,60978
203112,39186
71271,1304
157767,60978
179700,1372
194388,56714
203259,39186
206625,11262
209622,60978
211383,60978
216498,60978
25734,1370
204189,124
153315,35732
183573,30500
186174,124
191229,1304
154707,56714
184863,42132
194883,1372
208692,10652
227223,1304
228729,48574
230178,11262
187650,1304
199854,39186
203454,56714
203454,60978
166995,60978
183195,60978
186882,60978
216648,60978
216648,48574
71271,50720
163101,60978
186657,60978
194883,42132
208812,1304
224280,1370
227292,48574
172035,48574
220269,60978
232410,48574
187386,35732
187707,35732
212430,54096
230091,35732
71409,16358
184509,48574
230178,48574
178257,60978
178257,11262
179088,35732
208341,30500
212337,60978
221151,11262
172035,35732
187386,36722
203259,1304
220728,1370
61305,35732
154956,39186
171702,10652
203256,60978
203454,33886
207822,1304
210585,1304
219420,1370
176403,37644
206406,44302
208116,1304
210834,60978
217293,11262
128502,1372
154008,1372
181371,48574
183573,39186
191232,60978
203259,60978
208758,56714
213114,42132
230091,1370
61902,33886
154476,48574
154956,11262
183468,1372
186657,50720
203232,60978
207330,35846
212478,35732
71274,60978
157767,1372
187806,60978
204057,60978
206979,1372
203112,46632
207222,35732
173940,1304
175878,35846
184713,39186
187659,50270
197673,1372
201741,1370
206367,1304
183576,11262
213114,50268
225501,60978
25734,46632
128901,50268
128901,60978
166029,1370
187659,57804
189045,59822
203454,30500
217782,3382
154797,60978
172035,33886
184863,50270
191247,1372
210981,35846
219450,11262
221751,1304
153303,60978
205959,1372
210843,11262
224841,1304
232410,1372
129264,33534
171702,48574
182565,60978
198801,1372
206979,33886
71766,46632
154887,1304
156063,10808
191223,11262
205812,10652
212232,60978
225672,60978
63690,1304
66378,60978
153885,10652
158658,10652
71274,1304
174468,39186
183576,1304
184713,35846
186951,33886
210141,60978
211413,60978
153288,35846
154383,50274
156486,1372
208341,50268
224787,60978
71274,36722
163131,60978
194904,60978
232269,1372
68568,11262
184713,60978
206364,60978
208473,50272
227829,11262
157767,35732
186657,44302
187743,35732
227469,48574
154890,35846
206376,60978
208812,60978
220269,46632
72930,35732
128526,54096
158658,30500
203796,1304
211236,1370
229263,48574
62337,3382
153885,60978
177873,1304
181371,56714
186987,35732
203112,60978
208758,60978
25743,11262
65313,11262
72930,39186
182565,50720
203268,48574
206376,1370
212220,51974
213102,35732
230091,1304
166356,1304
199854,35732
204189,44302
72117,1372
179700,1370
197673,11262
203232,10652
210000,35732
224280,44302
227223,1370
221151,48574
158658,54096
206940,60978
154383,1304
139272,60978
164457,35846
203055,11262
68568,1372
129264,1304
158274,1370
176472,48574
186657,39186
199242,60978
208116,1370
238608,48298
65313,39186
178257,48574
184698,11262
199242,11262
207123,11262
208692,1304
212721,51974
230091,60978
205812,1304
212721,60978
232410,1304
154998,1372
156486,60978
184863,50272
188100,11262
205722,48574
237675,1372
183468,1304
197835,48574
198552,1304
203268,60978
211815,1304
56868,46632
56868,1304
72117,1370
139272,33886
181662,35846
186174,46632
207597,11262
216309,60978
227343,35732
227829,1304
231876,35732
232269,60978
128526,46632
153288,1370
213114,35732
220269,44302
226827,11262
235932,48574
72930,33886
236775,60978
208758,46632
219420,1304
164457,60978
178830,1304
186378,54096
197673,42132
203214,60978
217782,51974
219420,60978
208116,48574
223728,35732
225672,50270
154956,60978
186174,60978
228753,1370
229473,60978
231876,60978
25734,11262
176403,50720
191223,1372
194229,60978
194388,46632
202638,1370
203058,60978
161403,35732
166005,1370
191232,1372
211476,35732
72117,11262
183195,44302
184863,57804
187743,39186
139272,1372
166029,1304
179700,1304
187707,50720
194388,16358
197673,1304
207105,11262
210843,1304
56871,54096
172695,1304
186657,54096
191223,1304
217782,30500
163377,35732
207822,1370
61344,1372
139272,48574
156486,48574
203241,60978
206364,1304
207084,35732
209637,11262
188844,35732
205812,11262
210633,1304
211413,1372
153312,39186
203241,30500
210141,54096
211383,1304
71274,50272
154167,60978
184713,1372
203460,1304
210234,50268
216498,44302
154956,1304
204057,1304
211524,11262
220713,60978
72930,42132
231876,16358
154167,30500
208068,61542
211413,56714
213102,61672
128538,61364
154821,1370
178257,56714
186174,50968
189012,61364
194601,48298
199242,50716
206364,61364
206760,61672
221151,56714
226827,56714
164457,61364
208068,30500
219132,61542
186174,50970
194601,1370
213102,50716
244287,33886
96138,61542
158274,48574
188844,11262
194601,50716
205662,39186
208350,61364
227343,48574
238032,3382
64218,61364
154713,39186
206745,61542
233091,61542
63690,56714
198981,61542
202818,1370
206760,42132
207498,30500
223089,57804
225501,49888
227343,61364
231057,61542
128763,1370
153999,11262
177474,30500
200508,1370
207498,61672
212430,61672
238032,35732
204780,61542
231057,61364
186438,44644
207390,50274
221331,61542
238032,56714
63690,49888
154713,1370
176472,61364
203724,60522
238032,39186
206514,61364
195507,61542
230028,48574
238218,1370
238293,50716
153867,56714
161208,61542
206625,62074
163131,61542
210954,61364
172035,61364
197529,61672
207498,35732
231144,56714
153438,61542
173796,34092
186438,56714
207330,61552
207498,39186
191247,61552
210954,50274
72117,50716
158274,50716
191247,61672
206838,61558
209829,61542
209829,1370
211413,61542
230286,35732
207390,35732
154821,30500
211407,33886
231057,57804
236766,61364
154275,50716
197802,35732
211476,61364
184635,48574
184635,1370
194601,50270
221151,61542
65058,59816
183468,30500
236655,61672
166995,59816
186438,44302
203322,33886
204519,61672
217848,50716
63690,48574
164457,30500
191226,61542
206838,1370
213885,44302
244287,61348
184635,61542
194601,30500
204522,61672
154068,48574
157185,30500
172161,61364
191226,54096
196311,61558
202818,30500
205122,61542
205812,48574
206763,61364
153960,61364
172035,50716
196302,61542
204144,48574
204519,33886
210954,50270
244287,30500
167316,11262
196311,33886
200364,50970
211524,62074
219132,61672
230286,61672
153204,30500
158274,30500
172590,11262
230028,33886
242415,1370
72558,61364
227988,11262
153669,59816
176472,61542
206433,61542
206514,61542
229341,62074
128763,30500
154770,61364
164970,35732
195507,30500
204144,44302
223776,62074
227469,61672
165045,61542
177672,62074
204519,50716
206514,61552
157500,61672
160029,56714
197529,30500
197802,44302
198981,61364
205812,61364
222306,30500
65052,61542
153438,61364
154275,61542
154821,34092
176319,61364
203166,48574
231057,61280
129135,61672
188844,61364
223782,35732
129135,62074
154713,34092
154713,35732
153867,61542
154890,33886
186438,61364
188844,50716
223728,61542
223776,61672
234864,1370
56871,56714
184635,56714
206784,61364
210954,30500
211524,44302
222306,61542
223776,50716
229473,61542
238293,59816
177474,39186
183489,61364
199479,35732
204519,61542
222306,61364
231414,39186
227343,10652
238878,54096
63690,61364
128763,62074
203166,44302
228687,61364
230286,61542
206433,50716
154713,61364
206625,61542
206637,61542
128334,11262
128604,61364
166437,61542
206460,61542
217002,48574
230028,61364
233091,48574
154821,11262
163131,61558
176472,61558
204519,61364
128538,61542
154770,61542
177672,30500
186951,39186
194601,36720
205122,48574
217002,61364
221331,61364
191247,61364
195507,48574
207084,61364
221151,35732
128763,61364
154713,50270
154713,50274
164457,48574
183489,59816
203724,61542
207330,16358
240852,61542
77484,61280
153669,61364
166995,61364
191226,61672
226827,30500
163131,50716
188844,61542
205332,61542
208788,50270
211407,61542
221331,48574
222906,61542
223776,1370
227292,56714
244158,34092
163131,44302
164970,61542
197529,61542
203295,48574
197802,50716
206607,61364
153867,48574
206625,35732
206760,50272
213885,34092
231057,1370
153438,48574
177474,61672
211638,61542
242415,61558
63690,50270
65058,16358
128538,50716
128604,61542
225501,61280
154713,11262
206745,61672
223089,50274
240852,124
204522,61364
204780,61364
205332,48574
205332,61364
210954,50716
242415,39186
65058,48574
129264,35732
176472,50716
197529,48574
242415,11262
195507,56714
223782,11262
226827,44302
229473,61672
65058,56714
191247,61542
195507,50716
206745,61364
72900,48574
236766,62074
165045,48574
191226,48574
198855,48574
203310,48574
203322,1370
206412,61542
223089,10808
63690,61672
129264,61364
67314,56714
181704,61542
206637,62074
237804,61558
153999,56714
208053,1370
238032,33886
63690,50716
65058,61542
66777,61364
72558,39186
203166,50716
203439,61672
212442,61364
223776,61542
227616,61542
128604,48574
154713,48574
166029,61364
194601,35732
211140,44302
231057,48574
207498,11262
188844,61672
207390,61542
208068,11262
210846,48574
211407,61552
211473,48574
240852,16358
167451,61672
181704,1370
153438,61552
203511,50716
206838,11262
208350,61542
210186,48574
212448,50716
229341,48574
236655,39186
204519,61558
206760,61348
212448,33886
231057,50270
178257,61542
202818,10652
211140,57804
194601,54096
208068,1370
217002,1370
65052,11262
203322,35732
206625,30500
207387,48574
212430,61364
172035,62074
223776,11262
154713,30500
177474,61364
183213,61672
210186,62074
210846,30500
229473,11262
153960,61542
153999,54096
178257,61672
210186,11262
243927,44302
139272,61542
154821,61364
238032,11262
244158,48574
194601,11262
200364,48574
201741,16358
211473,61558
225654,61364
154275,1370
231057,56714
236655,61364
63690,39186
205662,35732
203439,16358
203511,61542
223782,61542
238218,61672
195378,42132
208617,1304
208521,48574
242232,61028
188847,61028
238293,35732
242232,44302
61899,56714
64353,11262
211527,50272
212301,35732
216564,50274
221196,1304
210393,35732
210978,10652
212550,1370
165132,30500
71274,61028
206760,50716
238878,48574
25749,42132
206760,48574
207600,1304
232065,1372
206937,35732
223104,35732
66465,44302
184605,50716
191250,35846
223518,11262
241350,35732
157080,35846
208722,1372
211527,42132
232065,54096
206799,42132
208521,61028
222438,1304
232065,61280
238263,61028
154032,1372
188847,1372
206667,30500
231225,48574
64353,50716
165132,1304
238263,54096
242232,33886
207600,56714
228060,35732
71271,36720
154578,16358
206667,54096
210627,11262
203700,1372
204762,56714
212445,50274
175899,35732
183195,1304
207993,11262
218265,35732
224874,49888
60888,61028
188847,56714
64734,1372
66918,1372
210342,11262
211527,50716
71271,1372
128538,61028
154758,1304
207267,48574
207267,1372
72645,1304
61692,35732
198573,1304
238878,1372
242232,42132
161526,1304
204144,1304
61977,48574
188847,11262
203178,56714
206667,42132
206748,44302
182295,35732
63876,1372
232065,10652
240990,1304
206991,1304
208521,11262
222711,48574
228060,16358
65631,10652
206991,1370
229521,50716
229539,30500
161526,50716
194718,1304
203868,33886
195378,61028
204657,30500
206748,50272
232788,1304
61908,30500
207387,50716
212445,50716
63582,56714
64353,10652
188847,10652
191451,48574
195378,1372
203868,1370
211527,35732
161283,11262
161526,48574
198945,11262
178230,61028
230028,35732
192564,35732
208485,1304
238878,35732
71271,61028
203868,30500
206760,56714
208476,61028
221115,1372
184605,50274
224874,16358
165132,50716
205740,50716
208473,1304
207129,50716
212445,36720
166362,56714
211950,61028
227310,61028
61908,10652
184605,35732
204657,10652
207129,35732
212445,57804
161283,48574
206748,50274
210627,50716
223782,48574
154578,1372
184605,1370
206988,30500
61899,1372
198573,61028
228060,61028
242232,50716
72645,10652
128334,35732
203175,35732
203796,124
210342,1372
223104,1372
229521,10652
178230,61280
203796,50274
208788,124
212550,35732
238263,50716
154551,30500
166437,1372
206496,1372
206928,42132
241203,11262
154578,1370
195378,1304
223518,50716
129081,11262
207087,60
208572,61028
228564,1370
25749,50274
178230,50274
208617,50270
232065,61028
200508,1372
211527,50270
161283,35732
204228,1304
232065,1370
159831,1372
203142,11262
206697,36720
206748,61028
206988,42132
212220,16358
224931,11262
60888,1304
64734,10652
204657,44302
232788,35732
235932,35732
204657,33886
206988,35732
208617,11262
222750,35732
223518,1372
184950,11262
203178,35732
204228,1372
206748,3382
64734,35732
207387,11262
210627,56714
225987,35732
157080,1304
205353,10652
210627,1372
220302,33886
228564,35732
207129,33886
208521,56714
224931,56714
191451,1304
208617,61028
154551,35732
191226,35732
206442,1304
203796,1372
175266,50716
203796,61028
208899,56714
210627,35732
216948,50716
64353,33886
211533,48574
232065,50270
240990,35732
182442,54096
203829,35732
205740,1304
71271,48574
166362,11262
204762,35732
210978,11262
212445,56714
154011,1304
207078,35732
207087,33886
206748,48574
208572,1304
154578,33534
187806,32496
198882,35732
208617,30500
210840,11262
210978,42132
241026,1372
187734,35732
198210,11262
220302,1304
191892,61280
206928,1304
221115,1304
198945,35732
203517,42132
242232,1372
156057,61028
220302,35846
155556,35732
203178,1372
206667,35732
210978,50716
229539,61028
64353,1304
175899,1304
206988,50716
207267,1304
173940,1372
206748,1372
238263,61280
61977,33886
154275,44302
203142,56714
203796,50716
206748,54290
64734,11262
72645,11262
208617,1372
210627,1370
224925,1372
192714,56714
198945,61028
204657,48574
206670,1304
61899,42132
206748,37644
210393,56714
228564,11262
229521,48574
61899,48574
71274,35846
64734,1304
208476,1304
154032,42132
207087,35732
210393,50716
203796,11262
221196,11262
223401,1372
223782,1372
228060,35846
61692,56714
64353,50274
198210,10652
202818,35732
203517,35732
212445,51974
222438,44302
25749,50720
208521,1304
210978,44302
223401,1370
154578,35732
206427,30500
212586,42132
210978,1372
210111,1372
157500,10652
172035,62378
174513,50716
244479,1304
210816,61542
154011,62618
217002,1372
184104,1372
195582,56714
211524,62618
72930,57414
203088,62074
206358,44302
211527,35846
238068,1372
166437,62376
176595,1304
56868,57414
65328,35732
186177,1304
178068,11262
206856,11262
217002,56714
186177,50716
203829,62376
72930,44302
162843,10652
177873,56714
210816,35846
217002,61542
182565,57414
216108,61280
172704,57804
183213,62618
195771,59822
206952,50716
206478,44302
211527,124
188637,10652
201798,62376
172704,50274
194904,32496
176319,62170
217002,57414
234951,50274
154035,35732
172704,62400
201852,53160
212469,62376
206514,59822
177672,62378
201852,35732
65052,1370
206514,1304
172503,50716
239247,55798
206952,36762
191226,30500
212397,1372
206952,61542
185817,1370
65328,1304
161526,10652
172704,59396
211527,56714
186378,56714
246099,62376
172704,51974
246099,11262
154998,30500
212469,62618
194904,62614
193323,62378
220218,59396
246099,62170
203088,61542
216981,10808
72930,62400
205959,57414
65328,1372
246099,50718
59703,11262
211527,61542
157224,50716
176319,1304
216981,1372
212397,57414
178068,50718
72312,56714
238572,1372
128526,124
195771,62170
156489,33886
186177,59396
204924,56714
206952,62616
210114,59822
212469,35846
72312,1370
172704,62616
183213,59396
206856,35846
195771,62376
172503,1372
128685,1370
166362,1370
182565,48980
187806,59396
195582,1370
175266,62378
201852,50716
238218,11262
192714,62376
213114,44302
166437,1370
172035,53160
193323,33534
65640,50716
65640,30500
213114,33534
216108,10652
244065,11262
153204,1370
60762,59396
197529,61364
221331,51974
153204,10652
222159,1370
244005,39186
178257,35732
225501,48980
244575,59822
211641,1370
183390,61364
184698,61364
70890,59396
211386,62074
153885,61364
244065,59396
211527,57522
236655,50716
153882,1370
212637,11262
210234,62074
153423,10652
212637,10652
221331,62074
244065,54096
187395,16358
206376,10652
66843,53046
65049,62074
220095,1370
231057,50716
244065,50716
210234,10652
206637,50716
244065,57414
244005,59822
212442,59822
212442,61280
244065,44302
198855,57414
187395,33886
225501,33886
211527,55638
244005,50716
178257,61364
212748,48980
231057,57414
222159,34092
236655,59822
244158,61364
244065,39186
210141,50716
211527,51974
205812,50716
181101,35846
210234,57414
60762,50274
187395,61542
231057,59822
244065,61364
66843,50970
212235,39186
211527,61364
210186,61364
212442,57414
244005,44302
210186,61542
210234,61364
213114,50716
206637,39186
154518,61542
237804,61364
205122,59822
188343,61542
153204,61364
153279,59822
159033,50716
244065,56714
60762,57804
197529,35732
64218,62074
203439,35732
209796,61364
56871,35732
198882,54096
203868,62074
64218,61542
198873,35732
203829,59822
243408,10808
172704,54864
172704,61364
183105,36720
184635,11262
207330,61558
153303,61552
217782,16358
165762,61364
203727,11262
212337,50716
203532,33886
154869,61542
203322,61364
153138,61542
200508,35732
203820,50716
208575,59822
209094,61364
212526,50716
153141,59822
154119,35732
204795,59822
233427,1370
186078,61364
165762,61542
203868,56714
64365,50274
181371,61364
182295,61364
188685,61542
178938,61542
211236,61542
96444,61364
128334,61364
187101,59396
209094,30500
212469,61364
158274,61558
210978,1370
221526,59822
61935,61364
158274,35732
172704,61542
225396,50970
232665,1370
237300,59822
186378,61558
158658,57414
163578,1370
179088,61542
208575,61552
197034,50716
210342,56714
72561,59822
242556,50716
225396,11262
203727,61542
205731,61542
181371,61558
155388,57414
186078,1370
172704,44302
208491,59822
56871,10652
207999,59822
224211,61364
204057,11262
232827,61364
198873,30500
208575,61364
203868,50716
210978,61552
155031,61364
165312,11262
166002,1370
186078,57414
154167,57414
198882,61364
65637,61364
190113,1370
154068,50716
187734,62074
182565,59396
203439,57414
203700,59822
204375,49888
207582,11262
62817,57414
154485,61558
194229,54290
198882,10652
232827,35732
203796,59396
208575,35732
212526,10652
62817,59396
128334,52918
153048,57414
175266,61552
192717,10652
188685,11262
203727,30500
64299,62074
203388,59822
154167,39186
204375,16358
211989,61364
210954,61542
62817,39186
155388,35732
224211,59822
62817,62074
172704,62074
207999,61542
228948,61552
203727,50716
184488,59822
210978,61364
196722,61542
207828,10652
154167,59822
210978,54096
224874,61558
206376,50968
208476,61552
154119,61364
224211,50716
157854,61364
203820,57414
208575,57414
65637,61542
183459,35732
203301,35732
203790,10652
158274,10652
186216,57414
206937,44302
186384,11262
242556,57414
64860,1370
157680,61542
163578,10652
208476,59822
183459,11262
183675,1370
184635,50716
204375,57414
208491,57414
239508,61364
61935,61558
187962,30500
203700,53046
241218,50274
221331,39186
161667,33886
204057,30500
172704,35732
203709,61542
228948,59816
182295,61542
188685,1370
204057,33886
210978,39186
211236,10652
65637,1370
62817,61552
62817,50716
186078,59822
72918,61542
205731,35732
149634,11262
196845,63418
207330,63418
209697,11262
212283,56714
61692,62274
211947,1304
164541,63188
183492,50720
203784,63188
243927,50716
61692,56696
154821,56714
157767,33886
208518,52918
216498,35846
186933,44302
196722,62274
198873,54096
198882,34092
203073,63418
207600,63188
211947,1370
238875,56714
183195,63188
208482,33886
242130,59396
242151,50716
242412,11262
77484,63136
203151,30500
220269,62378
220728,39186
227310,59396
234156,63418
25749,54290
203184,50718
227310,50274
244680,50716
205659,34092
206514,30500
249981,32496
250434,57414
186933,63136
194601,61280
203280,10652
210615,61280
242856,57414
251967,59396
191247,63360
203151,33886
242151,56714
188844,30500
249981,50716
251967,33886
203811,63360
217848,63418
249981,50718
25749,61348
203184,49888
208482,1304
211965,1370
213102,63418
220269,50716
244878,50716
249981,56714
250974,52918
66465,63186
129081,63418
157767,63418
183195,62074
184950,63188
198882,63136
206952,63360
246618,52918
249633,34092
154743,63188
203151,50718
250020,57414
153885,50716
157767,57414
161667,63418
174195,63360
183492,10652
210846,10652
153669,63188
208539,35846
238875,1304
244680,30500
244866,1370
198873,10652
206952,50274
208518,10652
246720,63418
251643,50716
183195,57414
227310,30500
237765,56714
249981,63418
164337,63188
246618,30500
249981,34092
251643,59822
77484,62074
196722,34092
210810,63188
225501,16358
183492,63418
203256,63360
205659,56714
194601,124
210615,63188
246618,62274
128334,50720
211947,11262
183105,59394
186933,50274
203151,57414
204228,56714
218061,11262
244680,1304
249063,1304
187797,50716
192564,63418
206673,62074
207600,35846
183105,63136
203256,62274
217848,54096
164337,63418
208518,56696
250434,1304
251643,16358
179838,57414
203178,10652
215247,62274
77484,39186
153669,63186
154740,11262
207147,56714
208518,30500
208821,35732
212112,30500
203784,1304
242412,1304
244878,50720
247974,63418
249981,62274
203811,1370
223089,56714
250434,44302
251106,63188
161667,59396
203256,63418
203736,11262
211413,61280
244878,61280
249981,63136
203256,56696
210615,50274
215247,61540
61692,59396
194601,44302
208554,1370
249633,44302
65577,63360
194601,10652
207243,63188
208524,50274
225672,50716
249981,33886
203151,56714
207147,1304
220728,63418
149634,1304
203256,49888
244878,33886
247974,1304
61692,59394
188700,63188
197286,50720
249081,56714
250974,35732
149634,10652
186933,52918
215247,61348
231876,57414
244878,62274
198990,63418
203439,62074
206952,63186
208533,57414
154821,1304
157767,61280
203268,62274
220728,44302
248013,50716
161787,63188
203271,33534
208590,57414
212571,35732
238875,63188
242130,60
174468,63418
202638,50716
203151,50716
223968,39186
228729,52918
215247,61280
247260,10808
192564,63188
207828,63418
250020,49888
251643,56696
195894,63188
203082,35846
203274,11262
204780,50716
207150,63418
208761,54096
183492,32496
203271,39186
204243,35732
242130,10808
250434,62274
154827,1370
154881,63188
210615,50716
242619,63418
129081,62074
157767,59396
203151,1370
210615,33886
129081,33886
203700,39186
207600,57414
154821,62274
194601,63360
206514,33886
208518,11262
212283,50716
227292,63418
231282,1370
249486,1370
191892,63186
210846,63418
247260,62274
249981,61280
154803,50720
206952,57414
208533,30500
251106,50716
203184,10652
206433,63418
244878,30500
252057,50274
186933,35732
203736,30500
208599,63188
220269,59394
61692,63418
191247,44302
203784,57414
244680,35732
247974,53046
203178,63418
203829,62074
204228,57414
206952,39186
207243,56714
208872,44302
225672,30500
227292,50716
250020,1304
251817,34092
208347,1304
249981,11262
249981,1304
247974,50716
183786,33886
183786,10652
183786,11262
194601,63188
61692,63186
154827,33886
186933,33534
208524,59396
208584,11262
208599,35846
202638,56696
223554,57414
194601,62274
206952,63136
213102,61280
215247,33886
249981,30500
250974,63418
244173,1304
251967,56714
188844,62274
217848,50720
183105,63418
194601,63186
244287,39186
244866,56714
61692,61348
203274,56696
207147,63418
208485,57414
66465,63418
183105,124
191250,62074
208347,63418
208590,63188
208788,63360
238875,1370
244287,63418
154743,63418
183786,50716
198855,63418
203151,63418
206952,1370
210810,1304
250434,63188
66465,16358
197286,48298
206673,44302
161667,63188
192564,59396
203784,11262
206514,63188
212283,33886
220269,63418
227310,34092
155097,63188
206952,61280
207330,59394
234156,61348
203184,50716
213102,63360
242412,33886
246339,57414
186933,10652
188844,57414
206412,50720
207330,63188
246618,35732
187797,52918
192159,63418
203796,56714
208533,1304
208761,1304
215247,30500
212283,11262
215247,39186
238875,34092
242151,30500
154881,63418
203271,35732
206952,59394
207600,63186
194601,1304
208821,50716
210615,35732
244173,11262
247260,49888
197286,63360
208533,63418
250434,63418
66918,63188
195894,1370
212688,61280
208761,57414
246339,63188
251643,63418
154740,56714
210615,10652
203574,1304
218121,1370
161667,35846
164457,63188
211413,50274
217848,63188
183195,63418
186933,50720
212112,39186
251967,63360
198873,63360
198873,59396
211527,54864
217782,32496
154473,59396
171372,61280
211749,63186
66054,30500
153756,35846
198873,56714
204228,11262
210234,54096
224280,57414
188331,59396
203871,50716
203256,63188
203661,1370
154821,50716
154881,50716
179853,50718
203145,50716
204228,39186
210678,62274
219048,50716
203178,49888
210825,10652
232404,57414
251631,57414
156225,63188
180801,59396
188604,63188
198873,57414
200502,50716
226140,59396
176403,59396
176403,62074
205662,33886
186384,50274
216498,11262
244173,10652
251631,30500
187797,53160
204522,35732
154881,30500
154881,56714
180801,30500
203178,63188
224169,59396
247002,11262
251631,50716
61305,33886
193911,1304
251442,63188
183672,56714
187806,53386
208572,57414
212220,61280
249294,11262
190152,50716
175293,50716
207999,56714
66054,39186
172161,59396
186384,63188
198873,1370
206451,33886
208872,10652
210978,30500
250653,1370
154953,50716
249687,56714
250434,50716
251631,10652
251631,50274
188604,1304
210978,57414
211236,63188
250668,11262
200502,35732
203460,33886
206418,1304
231876,44302
184635,1304
206868,30500
210978,56714
251442,1304
158610,63360
60888,53160
175293,33886
208503,33886
211749,59396
251442,10652
162957,35846
171372,33886
197286,59394
225012,63136
247983,50716
251442,50274
183363,63188
186384,59396
208788,54290
208806,57804
211527,63186
249687,57414
250947,50716
226140,50716
226140,11262
231909,30500
159831,11262
206427,34092
207078,30500
210978,59396
224280,39186
246618,61280
247002,30500
226140,61280
230178,35732
245976,11262
250653,30500
251442,54096
197286,34092
250653,35732
251631,11262
226140,33886
249216,50716
250668,1304
181101,30500
180801,35732
206376,63136
207156,57414
248205,59396
206460,63188
206838,50716
251631,56714
212211,63188
244005,62274
244479,57414
178458,57414
187806,53160
206451,50716
249216,1304
64860,35732
96444,10652
242610,59396
250977,62074
251631,62274
221196,35846
247962,30500
251631,1370
154275,63188
203790,63188
206637,57414
212220,59396
251619,62074
154665,59396
190152,62274
211950,10652
251442,61280
181101,63186
188844,10652
208341,63360
250947,57414
153756,63186
190152,63360
197034,30500
203829,52918
205107,53160
216498,10652
251442,50716
129135,50274
163554,50274
190152,30500
207999,30500
247983,62274
250434,50274
176403,49888
247962,54096
72918,50716
210051,50716
211413,63360
181101,10652
196311,59396
247962,44302
248706,1370
200502,1370
207078,33886
212211,1304
128526,61280
188604,63186
219048,57414
72918,63188
203661,33886
237300,57414
249687,33886
183672,50716
205659,30500
205659,61280
205659,62074
206451,11262
251442,39186
204228,50716
206451,59396
209994,1304
186384,1304
247962,50716
248205,30500
250020,10652
61692,33886
154473,33886
187806,63136
249687,1370
198279,10652
220713,63188
222204,1370
250653,11262
190152,1304
203661,44302
251442,53160
203820,33886
206358,57414
207999,39186
225012,10652
248205,11262
154821,39186
157854,60
188937,1304
190152,57414
214506,63186
238827,33886
238827,50716
248205,10652
248205,1370
251382,1304
251442,30500
178458,63188
203181,1370
251382,11262
250947,11262
251442,35732
204228,63188
222204,30500
224280,10652
251442,34092
187806,10808
205662,1304
207999,63188
250977,1304
184635,63188
206838,1304
211749,60
175293,63188
179088,30500
183672,39186
188604,1370
247962,56714
65313,63188
128526,33886
157710,1304
180801,39186
203700,62274
206838,35732
234018,56696
66054,63360
207999,50716
250653,63136
251442,63360
157710,33886
206868,59396
200502,30500
203175,63186
203178,57414
236490,35846
66054,1370
155106,1304
193911,63188
203175,59396
222204,1304
238878,50716
61305,10652
206418,39186
207084,63188
250434,59396
180801,32496
207078,11262
235191,1304
204522,39186
206451,63188
208599,63360
179853,44660
203274,63188
250362,1370
71766,57414
157854,61348
163554,59396
238878,30500
183489,63360
206346,63360
181101,61280
208797,1304
241329,11262
247002,44302
247962,57804
60888,62274
188196,63188
212211,62274
250653,39186
205659,57414
208341,53046
212211,63186
250653,63188
61692,50716
180801,50716
229521,1370
232452,1304
237300,50718
249687,63188
192717,53160
206358,63188
250974,53160
153756,50716
209994,10652
187806,63186
249216,33886
251442,49888
206418,33534
232452,63188
244878,59396
247002,59396
251442,62274
174279,50716
186384,35732
203175,10652
210186,63188
210978,63188
163554,61280
197286,61348
229521,56714
238878,52918
244479,63188
247962,11262
249294,50716
251442,32496
219048,11262
246618,11262
175293,1304
207588,56696
248373,44302
186384,10652
187806,35846
197034,57414
197286,57414
221196,30500
179853,59396
181101,59396
191556,52918
210678,52918
60888,33886
154473,56714
198882,59396
60888,63188
186384,57414
203181,16358
203820,61280
208722,57414
247002,50716
248013,62274
251442,124
60888,63186
154404,63188
192564,61280
251442,56696
154956,57414
187806,59394
217782,63136
238377,59396
249687,11262
250947,1304
71766,63188
251619,50716
154869,63188
179853,52918
212211,57414
249294,33886
128526,62274
204243,62274
206364,59394
217782,1304
225012,63188
250653,56714
198801,57414
154473,1372
156486,10652
207345,50272
221247,36720
203502,10652
194229,46632
149634,30500
206979,42132
207345,11262
235842,1370
210981,10652
96138,35732
184113,48574
205821,1372
210981,44302
59703,50268
153279,1304
153381,50274
198873,48574
207084,42132
231162,1304
232266,10808
72930,35846
154494,1370
187797,50720
207345,1372
154113,1370
192942,1304
207345,51974
223776,1304
157500,48574
206343,50270
206418,42132
213987,1370
206838,1372
153279,1370
192756,35732
200259,48574
206955,35732
212112,50274
223389,35732
238827,50270
154578,48574
207219,1304
172590,1304
203574,48574
206415,1372
213102,60978
224631,1372
25743,60978
154890,44302
157398,60978
221247,50274
222906,1372
187974,35846
227295,1370
235842,35732
63582,35732
203502,50268
207345,10652
212112,57804
72930,50270
165762,44302
187974,1370
203133,60978
207366,1304
212586,44302
229812,50268
129264,60978
194229,50272
198867,60978
205821,48574
174279,60978
188961,1372
207345,30500
166128,60978
206346,60978
227295,35732
187797,60978
224631,11262
195723,30500
203574,30500
158610,1304
211473,60978
165762,10808
192735,1372
224841,35732
235842,10652
154707,44302
207345,46632
229812,11262
174279,1304
206979,35846
212586,50270
192756,1304
203082,10652
205821,1304
206346,50268
128763,1304
153867,1372
184674,11262
205812,1372
154578,46632
175293,48574
184113,11262
188700,35846
198981,39186
198981,48574
203058,44302
203661,48574
219231,33886
72930,16358
184509,60978
194229,33886
206349,35732
187797,39186
206418,35846
165726,35732
206343,46632
155403,11262
165726,30500
166029,11262
207219,50270
212505,1304
232266,1370
178230,10652
191247,42132
200259,1372
205821,1370
212586,60978
63582,60978
161058,30500
167316,16358
207216,60978
207366,48574
221247,10808
153315,1372
203502,16358
213987,1304
96138,1304
182292,16358
203796,59822
129153,1304
178818,1304
206979,39186
224631,1304
235842,1304
154494,48574
194208,46632
129153,11262
167316,60978
192768,1304
183492,46632
198279,1372
228687,60978
187974,10652
191247,39186
192735,1304
198279,48574
226623,1370
154494,11262
192942,48574
183492,50268
187974,11262
188787,60978
227295,48574
206940,39186
129153,60978
184485,1304
186216,1304
212505,35732
222750,11262
207345,3382
66843,48574
187797,35732
203106,35846
174279,1372
183489,50272
183675,1304
205821,11262
206979,10808
154494,1304
207219,48574
65067,48574
206346,46632
206364,50272
229812,1304
212256,44302
226623,1372
153867,1304
188100,60978
226623,1304
192942,1372
65067,35732
165762,39186
212112,60978
222750,124
210897,11262
227295,11262
72483,60978
211413,50270
182292,1372
187974,1304
192942,1370
198873,1372
200259,1304
203502,35846
206343,30500
212256,10652
221610,1304
184113,1370
66843,1304
155403,1304
182292,46632
203133,1372
206637,33886
207345,1304
196311,1304
227295,30500
234093,50268
129153,30500
153315,60978
210114,10652
235842,11262
210897,1304
234093,50270
25743,46632
229812,60978
128763,50270
178230,1372
183675,35732
186216,48574
216498,35732
165762,1372
65067,11262
197835,60978
153204,1372
153381,1304
207345,39186
220179,11262
221610,60978
153912,1304
207996,30500
212112,50268
206415,48574
206955,10808
212505,33886
223071,44302
227292,1372
197673,33886
198981,1372
203574,46632
153885,1372
184674,1304
184674,1370
192768,48574
128763,11262
192942,44302
210882,60978
203574,60978
212112,50272
213102,44302
154485,35732
203106,44302
206838,35846
212112,46632
223071,48574
149634,60978
154146,1304
163131,50272
183492,60978
197835,35732
206343,124
207345,50724
184113,1304
205815,16358
206418,16358
206745,10652
206979,60978
207345,1370
208341,39186
227295,1304
153312,10652
203106,60978
210114,30500
216981,1304
231162,44302
183492,57804
206343,50272
161058,35846
165762,48574
166029,30500
197673,60978
222906,60978
178230,57804
178818,1370
207345,33886
210843,35846
223389,1304
167316,50270
199242,35732
207114,16358
232266,57804
163377,16358
183387,1372
204093,10652
204093,1304
207219,44302
224631,60978
61692,10652
186216,63188
195372,1304
227829,63188
161208,56714
192768,56696
200964,49888
201852,50718
204483,57414
207498,1304
211524,48980
245631,50716
148782,34092
242430,35846
246627,11262
181593,39186
188331,53406
203106,57414
204057,57414
206952,124
188331,36762
240990,53394
246963,50716
213987,56714
234093,39186
217494,35732
223389,1372
249855,53406
157398,39186
205959,56696
232455,50270
192768,11262
195372,1370
64299,124
204057,56714
208473,63188
210114,62074
221331,50272
208473,1370
191316,1370
62817,11262
155403,56714
205959,50718
208473,11262
247962,59396
200964,11262
246627,57414
153138,33886
200964,35732
209793,33886
211806,50716
228315,56714
178458,61280
198573,44302
200964,57414
203112,50716
222669,50270
224145,50716
228315,62074
238263,53394
246858,50716
246963,61348
206451,56714
227310,35732
234864,35732
246627,10652
178830,63188
183813,54096
187221,33886
247986,57414
192756,57414
224211,30500
230331,57414
234297,57414
247986,56714
247986,11262
205821,30500
232410,56696
246627,44302
176403,61348
181371,62074
186438,53256
228729,63188
181593,33886
153423,1370
154041,35732
161058,33886
211524,30500
211527,39186
231225,11262
62337,50716
192768,57414
245631,56714
210186,56714
232410,56714
249855,56714
62811,59396
203142,1304
208473,33886
246720,10652
63690,57414
201282,62074
248061,35732
181746,50716
205821,59396
213513,57414
153402,63188
231102,50716
249633,35846
183105,11490
206304,50716
249633,1304
187734,10652
227310,63188
153888,1370
154797,57414
178830,53406
203388,50716
206745,63188
66924,11262
207243,55798
210393,30500
238263,56696
238608,50720
249855,11262
181371,1370
153867,63188
240939,30500
161208,1304
188331,51974
240939,11262
240990,10652
178830,57804
192756,30500
198792,56714
203301,50716
206439,63188
223071,56714
241329,62074
154881,62274
246963,1370
161058,1304
240990,50716
187734,39186
198534,1304
208473,50716
64365,11262
204483,11262
207264,39186
218265,63188
219231,50716
62337,30500
62337,50272
206361,63188
206667,50716
208473,35732
157185,56714
246720,35732
60888,53394
156489,1370
178458,53406
212748,32496
221331,61348
236775,16358
238878,1304
246963,1304
204483,1304
205959,10652
206364,1370
186438,57414
206667,39186
206952,50270
210186,57414
186438,39186
209994,56714
225393,53406
178458,34092
221331,59396
224145,55798
62817,63188
186438,10652
199860,56714
209793,1304
243927,63188
244287,54096
245631,39186
246627,50716
207390,50716
63690,62074
157500,53394
178458,50718
204483,63188
221751,57414
232455,57804
203112,34092
244644,61280
204057,50716
204483,1370
205821,44302
249633,57414
63690,1370
231225,50716
246720,56714
217494,16358
242430,63188
64299,50718
214968,56714
248061,11262
246963,11262
247632,1304
206952,34092
153072,11262
153381,11262
226662,57414
198792,1370
223776,59396
194424,35732
210897,57414
211476,57414
212220,52918
228729,57414
246858,11262
68496,57414
153072,63188
187650,63188
206364,63188
241329,57414
200964,59396
211740,16358
244287,59396
246858,33886
154119,63188
206361,57414
211767,63188
228687,63188
244287,44302
60762,50270
62817,1304
212337,62074
226662,50716
192159,1304
223776,50272
232410,62274
206667,56714
243927,1304
186216,39186
187734,50716
212220,10652
206346,53406
234093,10652
188787,63188
206952,54096
227310,61348
233091,50716
246627,56714
195372,34092
203112,54096
203388,33886
210393,50270
60888,57804
206346,63188
207096,50716
246627,33886
246720,1370
64365,1304
64365,53394
210186,30500
231102,57414
191316,16358
200364,57414
249486,50716
231102,11262
208473,49888
65631,56696
154665,1304
246963,62074
161208,57414
154797,61348
206415,62074
206667,57414
239247,57414
246054,56714
185244,1304
186438,63188
217494,50718
72312,57414
157185,44302
198534,62170
203301,33886
205821,50716
240990,50718
211476,56714
246720,57414
163482,62274
207339,63186
248292,50716
230331,50716
248301,35732
163482,11262
199479,56696
238878,63188
246804,63188
154770,63188
66777,59394
184950,50718
186378,57414
206646,62074
211407,33534
61344,57414
183213,51316
153309,1370
158499,63188
162810,36720
210234,53160
232029,57414
161283,39186
219450,56714
60888,59394
191232,59394
248706,1304
162810,54290
198534,33886
211407,1304
244005,10790
172056,1370
227616,63186
247878,35732
238608,50716
249486,1304
162810,50274
227616,63188
242439,53160
162810,30500
162810,63186
249294,1304
186882,50716
194409,35846
162810,3382
162810,35732
186882,62274
192300,34092
207366,57414
206823,62274
221331,59394
206637,34092
241305,1304
242439,63188
206346,63136
191232,53160
172056,33886
198534,30500
207828,35846
209829,1304
221331,50274
247878,1370
162810,36762
155055,57414
66465,39186
162810,35846
229737,62074
139272,63188
197835,10808
206625,1370
225501,10652
72045,62074
246963,56714
207219,50716
162810,48298
72045,62274
162810,39186
186174,53160
209073,50716
237057,30500
72561,56696
207216,33886
207618,10652
64893,30500
198534,57414
207339,53160
248292,11262
207618,63188
176319,44302
195372,35732
64365,1370
72312,30500
162810,53160
172056,56714
227616,57414
207339,59396
225669,50718
243390,49888
206346,53160
217494,50716
162810,50716
162810,54096
199479,44302
219450,63188
213513,50716
206634,1304
225501,50716
248301,10652
72045,54096
155556,44302
162810,49888
191232,54096
203724,59396
208758,62274
72312,3382
208758,44302
206625,50716
187839,56696
224526,50718
243390,50716
247878,10652
214968,30500
199479,1370
198534,1370
186174,62274
203724,59394
162810,124
227616,1370
182292,39186
198210,61280
227988,10652
163131,63188
207084,49888
223782,62074
243390,54096
199479,57414
238218,57414
246804,57414
250221,53160
162810,11262
162810,61280
164457,53160
207219,57414
210633,53160
219450,16358
221331,32496
198534,50716
206745,57414
230331,33886
162810,59396
177474,63188
194409,63188
246099,39186
248292,39186
207219,56714
214968,11262
241389,57414
243390,30500
247029,1370
199479,56714
207828,56696
241305,63188
153888,30500
204483,48574
206928,61542
155403,61552
129135,61542
198801,61558
204483,61364
207078,44302
210846,44302
217293,61542
154665,1370
192735,49888
206697,56714
207222,61364
157185,61542
206673,61364
206799,59816
207822,61672
238875,11262
65058,61364
153279,61542
199854,61542
205332,39186
206673,39186
206928,59816
210633,50716
218121,61542
223776,35732
232665,39186
223389,61542
230028,34092
154803,61542
205332,35732
220728,61672
153888,48574
154509,61542
204189,61364
161787,61542
212301,61364
216495,61542
208092,59396
212448,61542
216495,56714
217293,56714
237804,34092
129135,61558
222621,61542
198981,44302
203796,61672
154374,35732
154665,59816
154665,30500
181371,50716
206856,61364
207222,61672
208092,39186
212448,61364
212448,56714
162624,61542
229620,59822
65067,61364
212211,61364
197835,61364
96138,48574
199854,30500
220302,11262
154032,61552
156024,11262
206850,61348
228741,62074
65067,1370
161208,50716
185244,35732
198801,61672
204483,61542
156057,124
206964,61542
211524,61348
220302,61552
153867,61364
206772,61672
206772,39186
153645,30500
154374,50274
185244,61364
186438,48574
206670,61552
68568,61364
161787,61364
172695,61542
185817,50716
197835,61672
207129,61542
207822,56714
216948,61542
235335,50716
154578,39186
178230,59816
154797,62074
204189,54096
205353,61542
232665,11262
155403,61542
197835,59822
210141,62074
222621,61364
65067,61672
184113,61542
204141,61542
204189,36720
211524,61672
184113,61364
244065,10652
154506,61542
206433,61672
164007,61364
204189,33886
220728,61542
198801,50716
204189,30500
153288,56714
172695,59822
207129,61364
232665,34092
71271,57804
178230,59822
199854,61364
183387,61672
206772,35732
242232,61542
222621,48574
154494,61364
154803,61364
211476,61542
71271,54290
183387,61542
188106,35732
201741,61542
212448,39186
183786,1370
211473,61364
212301,59816
241389,30500
244065,50274
199854,44302
201741,33886
204189,50716
212301,61552
227469,61542
156057,61364
185244,61542
222894,56714
153813,59816
154476,61542
154494,35732
156057,61672
175878,61552
186378,30500
71271,10652
156057,60522
187875,33886
204189,48298
218121,61364
154494,61542
184950,61364
195771,50716
206772,61542
187743,61364
206772,30500
156024,1370
178230,44302
205191,61542
230073,61558
181746,61558
181746,35732
206673,61542
207129,11262
228741,11262
244065,61348
186378,61672
186438,44664
178230,61348
188853,61542
218121,11262
206937,39186
230073,30500
210441,1370
188106,39186
199854,61672
227670,30500
161208,61364
161208,61552
204189,35732
206823,61542
238875,61542
162843,30500
172695,59816
220728,61364
178230,50716
201741,35732
212211,61542
163578,61672
206664,61364
154803,35732
230073,61672
206856,33886
154383,1370
210441,61364
230073,61364
154374,61542
231708,61542
235335,61348
238878,61364
242232,39186
154032,59816
230073,50716
206799,48574
211413,61364
183387,48574
206664,62074
206856,61542
207222,33886
183786,61542
208092,50716
220302,39186
220728,61558
226623,48574
59700,61364
153279,61364
203796,35732
211812,11262
63876,61542
206964,56714
154578,61552
195771,48574
154485,61364
154797,59396
156057,61542
174195,62074
210846,61364
183387,61364
216948,61364
154374,11262
211524,54096
65058,50716
154374,61364
176319,61542
129135,48574
188106,61364
215517,61542
198882,59816
244065,48574
244065,1370
201741,49888
235335,61672
66843,54096
199854,1372
201522,50274
77484,61542
212220,50274
229527,57804
72930,50274
153867,30500
191451,61542
219048,44302
25743,50716
211683,1370
213114,61560
228438,61542
167451,61560
222159,33886
228438,48574
234021,33886
230286,50716
235458,48574
154167,50716
178761,48574
178761,61542
186438,30500
211476,11262
212475,11262
155055,61542
167316,61560
183105,32496
192942,61542
222204,1372
186078,11262
198552,61558
222906,49888
173667,39186
197676,39186
231144,61672
188844,56714
219048,61672
227295,61542
153888,61542
60882,50716
188844,50270
204054,54096
186378,1372
227664,1372
210678,61560
216033,1372
154803,61560
188844,49888
207396,1370
176577,61542
203532,61542
224208,1372
229527,54096
165132,61672
186078,39186
197676,61542
153744,61552
197676,1370
200364,50716
212745,61542
216033,61672
229521,50274
128901,61560
60882,30500
64860,50716
204054,61672
216033,57804
183813,61542
204243,11262
207144,61542
228564,61560
66843,44302
183468,54096
173667,50716
178761,61672
219048,39186
66843,61672
191451,50716
158499,34092
216033,1370
219048,30500
222159,61364
228438,61558
222906,32496
211815,30500
212475,61542
225393,52918
216033,54096
240852,11262
219048,61558
219048,61560
238875,1372
77484,61558
154803,61558
194229,42132
236226,44302
197595,56714
206667,61542
213102,61560
25749,34092
203106,50270
197676,1372
216033,61542
225393,61672
158499,61542
241389,1372
163131,61672
227295,44302
229527,44302
216033,50274
148782,61542
173667,34092
186882,44302
161283,61542
163131,50270
212475,1372
216033,33886
60888,124
191451,61672
192159,61364
208872,1372
66843,39186
172704,50270
183813,48574
219048,1372
68676,61542
183468,11262
197676,11262
220047,1370
224631,61672
211815,50716
212220,50272
235458,1372
236226,1372
210234,61542
211473,61560
68568,61542
148782,33886
206448,33886
216033,50270
66054,11262
72918,39186
186882,61560
153888,56714
206991,1372
156486,61542
172704,48574
183105,61672
219456,33886
88821,1372
226827,39186
192717,52918
203322,48574
211527,61558
187221,39186
178761,1370
197595,61542
197802,61672
198552,1370
224208,1370
211812,61542
220269,61672
228438,30500
156486,61672
227973,11262
235458,1370
153150,61542
172704,61558
183468,33886
206868,50716
72561,33886
153438,1372
154560,61542
176577,48574
201522,34092
211527,61560
199854,34092
206868,42132
220269,54290
211683,61672
213102,34092
206868,48574
216033,48574
228438,1370
229527,34092
229536,1372
183492,61542
230286,11262
242232,61672
197676,48574
219522,30500
88821,39186
164970,1372
216033,50716
154011,61542
219522,11262
153150,48574
188937,61542
192735,61542
206991,61542
209793,42132
211476,1372
183789,61560
229521,61558
66054,1372
70890,34092
72561,61542
230286,39186
66465,61672
204054,10808
208524,48574
220269,59816
226827,61672
171372,11262
192717,50716
206448,61542
236490,61542
236520,50274
72561,11262
158742,61560
153279,61560
188937,61558
210114,61672
201522,61542
216033,30500
198552,30500
222204,61560
229521,50270
183789,1372
197802,50270
192717,50270
225699,50716
183105,61560
178761,50716
234021,61558
183813,1370
216033,44302
148782,50716
210120,50716
211386,11262
211815,61672
216033,39186
183195,62400
234972,35732
66915,62400
154485,1372
203199,50716
208341,1372
231162,1372
234972,50718
167316,62376
205947,1370
176403,61542
153048,35732
210876,62376
244278,61542
194601,1372
66336,16358
165717,35732
194082,62400
194601,59396
200259,61542
203790,59822
153645,11262
192735,34092
228729,50718
166128,50718
191451,62074
25743,39186
205815,62400
187659,59822
233961,62400
234864,62400
242619,50716
238608,62400
205821,56714
210342,61542
153084,11262
181371,62400
205659,50718
210876,62170
66465,61542
210876,62400
153084,44302
187659,62376
66054,49888
66336,30500
203796,50718
153084,1370
187806,62400
128538,1372
187263,39186
244278,62400
182565,50718
157938,57414
194601,33886
219048,49888
172161,62400
225351,62376
153141,11262
225480,61542
66336,56714
158658,61542
162603,30500
205821,62400
25743,59822
176577,56714
238608,57414
66054,36720
165717,59822
212892,33886
72483,62376
182292,50718
194601,61542
242505,59822
64893,62400
210876,1372
194601,3382
225351,62170
204276,61542
72045,35846
183195,124
66336,1372
166128,39186
203733,61542
192564,35846
153084,50716
181371,1372
194082,50718
182292,57414
187263,61542
189009,62400
194601,16358
183573,33886
66336,1370
153084,39186
176607,62400
153912,62400
196845,62400
66336,57414
205947,35732
182565,36720
212112,57414
242430,62400
153309,62400
187797,1372
192159,61280
213885,50716
232455,50718
66054,50716
154167,62400
25749,50718
203178,62376
203796,10652
153084,10652
187797,50718
212892,62170
66924,61542
203166,59822
153048,61542
158685,62400
67335,61542
25743,62074
158685,61558
167316,10652
153141,62400
158685,50718
176403,59816
167136,62400
242619,61540
172056,1304
211473,59396
72918,61280
242430,44664
182565,57804
205191,59396
232455,59396
153138,35732
153084,33886
218061,61542
244278,48574
182565,62074
237804,50716
154008,62400
191451,62400
206304,61542
183492,62400
192564,10652
203820,61542
228729,50716
153084,1372
194601,62400
210876,59822
244278,61558
186933,63186
194904,50716
209799,10652
234951,10808
228438,1304
209799,36720
209799,63188
194904,1304
206868,33886
241026,62074
206940,59394
235299,63188
249342,33886
252774,33886
204144,33886
206799,63186
207267,63188
211533,63218
248064,11262
211533,51974
166002,33886
222759,30500
249342,50274
71274,57804
153642,1370
244380,63188
249216,63186
251766,11262
186933,62944
209697,16358
210141,63188
71274,11490
71274,59396
65598,57414
71271,59396
71274,10652
186933,1304
252774,50272
248064,56714
153312,54096
210615,59396
252774,57414
71274,53386
174279,10652
206955,57414
71274,50274
186933,59396
209799,63186
249342,63186
71271,52918
71271,33886
165927,30500
227295,50716
65598,30500
212721,50274
242130,50274
251766,33886
71274,33886
128763,56714
227295,39186
65598,63188
71274,57414
181860,56714
186933,3382
206991,63188
209829,62074
71271,62944
194904,63218
188637,63188
210114,59394
210114,59396
216981,63188
194904,61280
211473,63188
198792,11262
211524,10652
249342,59394
209829,11262
250275,62944
178257,63188
211527,63218
222759,54096
220011,30500
71271,63188
71271,57414
207267,35846
227973,57414
210615,39186
198855,50716
206433,63218
249216,56714
244680,34092
72117,56714
251442,63218
252774,50274
227295,10652
251142,35732
234021,1304
183105,59396
204144,63188
206988,63188
211524,63218
212301,62944
128763,62944
71274,32496
71274,52918
167316,62944
206748,51974
71271,56714
206940,59396
251142,1304
71271,53386
206748,39186
210615,30500
251766,1370
222759,49888
71271,61348
210615,63186
249930,56714
164337,56696
249342,54096
65598,61280
71274,30500
165927,57414
209799,57804
251442,56714
249342,63188
226662,62074
206988,62074
212301,57804
252774,30500
188637,57414
249633,35732
252774,39186
207267,57414
209799,59396
211533,50716
154797,59822
206667,44302
210840,57414
201741,39186
206670,35732
181149,1304
248064,1370
249342,30500
186438,50716
181149,35732
207129,63188
244680,57414
166002,1304
210615,16358
191226,52918
186933,34092
206433,57414
212301,36720
212220,61552
242232,63186
229521,35732
194904,61348
207129,63186
210615,48298
187707,57414
230073,44302
186933,62074
206427,57414
229521,61364
153150,61364
252774,1304
244971,59396
164064,57414
230073,33886
203133,61364
206670,50716
186933,63188
188100,63188
186933,57414
212442,10652
166005,56714
186933,36720
252774,59396
71274,56714
206991,63186
249930,33886
61908,57414
212301,54096
165927,63188
204144,35732
61908,63188
211527,59396
210615,62944
244380,1304
216564,36720
206940,63188
153885,59822
238875,61364
164661,63186
71274,61280
188100,10652
195249,11262
242232,35846
212220,48980
204144,63218
154578,30500
211236,61364
232065,61364
252774,11262
236490,57414
71274,63188
154494,50716
154665,57414
212301,63188
212220,59816
153642,63188
166002,32496
221115,10652
206988,39186
175239,57414
204093,63188
219381,57414
190776,59822
192144,57414
212220,44302
206823,63188
212220,61364
206670,30500
211527,61280
222759,11262
67158,30500
234951,56714
252774,50716
187743,56714
206772,59816
219381,1304
154077,57414
229536,61364
244158,57414
72558,35846
181101,39186
183492,39186
183492,62376
211812,35732
212220,50716
154578,44302
206772,59822
207129,30500
67158,50716
71271,124
154476,59822
156024,57414
166128,124
154473,57414
206475,1304
208524,53160
211527,53394
244041,39186
61344,30500
211767,1304
164541,1304
206943,61280
220713,34092
234030,11262
237765,1370
247956,1372
203439,10652
244680,39186
244971,56714
183672,57414
243789,39186
194904,53160
206475,10808
208476,62074
71274,61348
235932,11262
65637,1304
198801,35732
178761,57414
198945,50716
208503,1304
212220,60522
232656,1370
166128,33886
190776,62376
229521,59822
203820,35732
231909,11262
220713,44302
72117,44302
153792,61280
206484,1304
224874,57414
183195,61280
194904,34092
211965,10652
247239,1304
153642,57414
157398,35732
194904,53394
203820,35846
241824,1304
205659,33886
206457,1370
227670,1372
242439,62074
242505,56714
191226,61364
244971,39186
72930,59396
206667,61280
206673,30500
223554,30500
154494,59816
243408,52918
154665,61542
175878,59822
186384,59816
231225,62376
232614,61542
61899,34092
194082,62376
153792,39186
153792,48980
206514,11262
206847,57414
61899,59396
198801,61364
238875,59822
226140,50272
245976,124
128604,54096
153792,10652
229737,35846
154578,57414
222204,57414
236775,61364
153792,44302
203796,48980
206991,61364
156024,61364
163101,62376
207129,44302
188787,62074
77484,35846
178761,61364
188787,57414
71271,59816
242412,50716
223104,50716
181101,62074
153888,57414
162960,53160
183492,52918
208476,1372
210186,44302
242151,35732
244680,33886
206667,59816
230073,57414
242151,53160
243477,1304
65067,1372
191556,11262
161667,35732
179853,53160
232656,35846
245976,1304
161667,11262
167256,39186
67158,10652
71274,34092
203175,30500
209154,11262
243789,1304
165045,59816
207129,59822
153792,33886
153792,11262
202638,10652
206955,1304
243477,1370
243927,1372
212220,11490
67158,11262
154797,50272
181101,44302
181662,57414
204243,57414
244005,59396
65637,57414
206988,57414
204375,35732
208206,35732
166437,57414
212721,44302
71274,54290
163482,10652
210186,59396
153279,35732
206664,57414
67158,39186
157416,1304
208206,1304
208506,11262
67335,1304
206484,1372
212112,1304
228060,53160
61692,1372
206484,39186
211947,50716
206763,35732
246915,10652
185244,59822
193323,32496
193323,50274
204483,50718
220728,62376
234156,62074
243789,56714
211125,30500
227295,61364
244005,52918
188787,62170
203820,11262
154494,10652
181101,61364
229536,39186
153867,57414
154707,61280
198801,61542
201522,51974
198867,61542
205332,57414
227295,62074
154476,35732
186384,44302
194082,59822
206670,61364
166128,54096
167256,1372
217620,39186
243546,33886
242571,33886
128604,39186
187806,48298
195771,1304
203295,1372
155055,33886
204483,1372
206979,10652
77484,53394
181101,34092
234156,53160
242151,39186
247239,1370
154167,53160
243546,1370
246033,54096
77484,1372
178458,53160
203511,1304
243789,57414
60864,39186
154551,39186
208506,33886
211524,39186
224280,62074
243789,1370
244287,1372
246099,33886
154707,57414
196455,1304
198210,50716
229527,42132
167256,57414
203517,30500
65637,1372
227988,1304
154890,39186
211527,48980
155337,1304
183195,53160
198210,33886
242409,50716
183195,50716
219021,30500
153792,1372
61344,50716
212220,1372
193965,30500
194409,1370
206484,54096
208521,57414
71274,124
193323,53160
247239,56714
229527,11262
154890,53160
191250,57414
234021,57414
242505,1370
194904,11262
229527,1372
164541,57414
188787,1304
237840,1304
159027,1372
163482,39186
179853,36720
212586,39186
229527,30500
157854,50274
65067,62074
154245,1304
157398,57414
229527,62074
243546,11262
200508,53160
206748,53160
212112,42132
206955,50716
242412,1372
217293,39186
226140,39186
153792,35732
166437,1304
188787,30500
193965,44302
206484,30500
242571,50716
153792,50716
211524,57414
194904,35732
203439,1304
242409,39186
63690,35732
224874,1370
186216,50716
230091,57414
166437,53406
232269,50716
232656,3382
243789,62074
198867,10652
206847,1304
208521,1372
229527,39186
244680,62074
162957,11262
245976,35732
184713,1370
203868,1372
206478,39186
211524,34092
243546,30500
77484,57804
153792,1370
244041,1372
207330,39186
247239,1372
167256,35846
186216,56714
209880,1372
231282,50716
172161,62074
233814,50272
188787,1372
228687,50718
212721,39186
220218,10652
184713,30500
208341,53160
242412,50272
243789,30500
176472,56714
203328,30500
203868,48574
183213,50970
187707,16358
208545,61028
232503,50716
162957,35732
186174,50272
186384,42132
203310,35732
183105,61028
208500,30500
171684,1372
208566,61028
215247,50716
220632,1304
227988,16358
203673,42132
207330,1304
61899,61028
206850,1304
212592,11262
227310,33886
236766,30500
154953,1372
203724,60978
156057,36720
157236,11262
165045,11262
65640,48574
179853,54290
207330,1370
212748,35732
206784,35846
206952,61028
66843,61028
181746,1370
184698,1304
207345,50270
207597,1372
229341,35846
223728,1372
207345,56714
215247,61028
188637,35732
230073,61028
234297,1304
207339,1372
203295,60978
204795,60978
219132,10652
172056,61028
197835,35846
154956,42132
222843,1304
227988,1372
237252,48574
165045,1304
178068,50716
211125,33886
208794,1370
195447,33886
211413,35732
212379,1372
221526,50716
72930,50716
162957,16358
62817,30500
128763,10652
219048,10652
62817,50270
72561,1372
165045,42132
212379,50270
219048,54096
222843,11262
208500,33886
234018,33886
173667,1372
191232,53386
207345,48574
209625,10808
176595,1370
203439,35846
179853,61028
219048,35732
154374,61028
208488,44302
62817,33886
206607,48574
223089,36720
229473,61028
62817,1372
210141,1304
166029,42132
217782,61028
219450,35846
61899,1304
203295,35732
156057,36762
164541,16358
232788,1370
206607,11490
154011,44302
156057,35732
165045,50716
207339,42132
188730,35732
188730,54096
203673,35846
236766,124
66843,10652
156024,1372
176595,50716
188637,1372
191232,51974
206943,1304
218673,1372
221526,11262
154275,30500
210627,48574
207339,61028
197286,51974
207339,51974
183573,50716
237300,50716
128700,1372
172161,44302
188106,61028
203532,48574
207828,61028
154275,1372
207396,11262
232503,1372
129135,35732
164541,35846
165045,1372
212592,30500
223089,36762
223728,48574
219132,11262
208599,35732
167256,1370
177474,1370
191238,48574
207498,56714
206952,50272
237252,50716
187707,61280
196302,1304
203295,44302
207993,48574
205722,11262
72561,61028
154374,1372
184863,10652
207345,57804
239556,50716
165045,35732
208566,1372
230073,1372
206952,48574
209793,50716
232035,61028
66843,60978
161526,61028
197676,1304
206958,1304
217782,42132
187839,30500
206988,48574
159033,33886
208545,1372
210141,1372
210342,48574
212571,16358
61353,1304
206850,1372
203328,1304
208341,60978
212748,61028
25749,32496
187962,1372
165786,35732
191238,11262
196845,42132
203310,60978
203724,35732
204654,30500
208524,61028
72558,35732
154956,61028
219048,50272
239556,10652
155031,11262
203673,60978
206364,57804
206943,53386
215247,11262
72045,61028
236766,50716
72117,35732
187839,1304
207597,50716
157185,50716
227988,35732
215298,11262
208872,35732
239556,44302
128700,1304
197676,50716
219048,61028
220011,1304
188106,50716
203445,124
208566,35732
237195,1372
211965,35732
217782,1372
173667,11262
178257,30500
203532,30500
232035,33886
154887,11262
203532,50716
208599,10652
217782,35846
219132,35732
166437,11262
180801,50270
183492,61028
203454,11490
67158,1370
181149,50716
244731,34092
245976,62170
164871,1370
71271,36722
198522,57414
242439,30500
72900,44302
209697,50718
229539,50270
164661,1304
195378,49888
206952,53160
209796,11262
212688,35732
210171,1304
212526,49888
230286,1372
167571,39186
204657,53160
220269,36722
239577,57414
244731,48980
188331,62170
188331,53160
188637,30500
207129,57414
221610,1370
204657,53394
244380,11262
178761,30500
228948,35846
228948,42132
173940,50716
196311,1370
224787,61280
128763,35732
206955,56714
221610,57414
234972,49888
67158,35732
153279,53160
153084,35732
154011,50274
195378,11262
166362,57414
220269,51974
174513,33886
183213,50720
244380,62074
59700,42132
204657,57804
128469,50718
187806,62170
190113,56714
212301,33886
225276,35732
153744,1372
158742,57414
220302,1372
245976,50716
164661,10652
220269,50720
247002,39186
129135,49888
183213,10808
183213,36762
183813,57414
204657,42132
157500,33886
163101,44302
210171,3382
248064,1304
190113,11262
225672,62074
167676,1304
77484,53406
157236,1304
174513,53160
229473,62170
244731,53406
247974,35732
165786,1304
177474,34092
181149,57414
188730,57414
206952,36722
72918,62170
177474,33886
206940,62170
248178,11262
226140,50270
157854,57804
174513,62170
183813,1304
206772,35846
59700,44302
225672,57414
197835,39186
198882,56696
167676,50716
248205,56714
230286,1304
233559,55632
244092,62170
210171,33886
209799,35732
162960,56696
172056,57414
178761,56714
199854,57414
209697,53160
157185,57414
157767,39186
184713,56696
206478,50716
229473,39186
248064,34092
181149,39186
198981,62170
184605,54096
211527,3382
153084,35846
153744,39186
173940,10652
188937,50716
164661,1372
204093,62170
183105,62614
188937,62170
167571,53160
221610,1372
244971,50270
248205,50716
157767,50270
182442,1372
184605,1304
199854,62074
233091,1370
63873,56696
229473,57414
157767,44302
183213,34092
207387,57414
221610,11262
222711,11262
228948,39186
128763,49888
245154,11262
154011,50272
212442,33886
167571,1304
179496,53394
162624,1372
206772,49888
225351,39186
226140,44302
178761,10652
153744,1304
208206,1370
167571,55798
194904,44302
204093,57414
206760,124
209796,53160
154779,56714
183105,51974
183213,36722
71271,50274
154167,124
206988,35846
154779,50716
179496,56714
212442,35846
222750,39186
206988,1304
204657,57414
71271,53406
167676,1370
220269,48980
206988,62170
212220,35732
190113,10652
247239,48980
220269,32496
229539,33886
204093,53160
208092,54096
209880,1304
164661,50716
181149,55798
210171,35732
210981,57414
222750,10652
226623,10652
72930,56714
157236,33886
154167,61364
187734,48574
242439,1304
198981,11262
153279,39186
154779,57414
219021,1372
221331,60522
243927,61542
203166,39186
206439,48574
210876,61364
198522,1304
223389,48574
206670,35846
247239,57414
183195,62170
186951,62170
211125,59396
162624,1304
164541,62074
178761,1372
71271,61552
209799,62170
203820,48574
238608,52918
224208,54290
248205,39186
61344,35732
186990,39186
153279,55798
206346,59776
212211,35732
220269,10808
61344,44302
162810,57804
162810,10652
186174,44644
206979,61552
172590,53160
192300,54096
206772,62170
207129,39186
203724,10652
207330,61364
220269,57804
153813,10808
181149,56696
190113,39186
204657,35846
195372,61542
203706,61552
207105,50716
211125,50716
166362,56696
184713,10652
188637,33886
209793,51316
212688,39186
229977,61364
230286,61364
231459,33886
220179,56714
222711,50716
224874,50720
229473,35732
242232,62170
244731,57414
221409,61364
183213,53386
162957,61542
177474,48574
187659,11262
216648,59822
242232,55798
187743,50716
221610,50716
225672,1372
204657,35732
231414,1370
167676,48980
204657,49888
219021,57414
178761,1304
220269,3382
71271,35846
245154,56696
173940,57414
178761,11262
212526,57414
128526,57414
186951,55798
206799,1372
71271,42132
75723,49888
206412,61364
207996,35732
231459,56714
242442,59816
183213,44302
190113,35732
206607,54290
172056,10652
187659,50716
203277,59816
60888,61542
61908,59822
186951,53160
224787,50716
245154,1370
209073,10652
233040,33886
209697,1304
248178,1304
229473,50716
191250,1372
206760,57414
206952,53394
210615,61542
166362,16358
212301,57414
171939,11262
219132,61552
244158,59822
165786,1372
179496,53160
245826,1304
221331,124
194601,39186
239247,34092
128502,54096
190776,59816
204375,61558
219420,61542
221331,44302
70890,44302
154707,61542
181110,50274
171939,50716
174513,48574
179853,10808
181110,36720
220713,61558
244173,61364
222669,50716
227829,61542
181110,56714
195507,1370
207996,50716
233040,10808
216648,56714
154032,59822
162810,61542
176472,61552
194229,61348
225654,56714
209976,48574
219132,56714
186378,48574
241389,59822
206346,34092
210615,61552
207105,48574
163131,59822
210141,61364
212469,10652
218673,61542
238068,11262
163554,60522
186174,61348
204375,50716
212220,33886
224925,56714
162810,33886
183468,59816
244173,61542
187806,34092
210141,59822
71271,36762
154560,11262
163101,34092
212337,61364
227295,54096
154887,61364
212220,11262
209976,61364
229521,61542
207390,59822
154275,62074
167652,59822
179853,59816
174513,59822
209976,59822
154827,61364
223968,62074
183195,59816
206346,61280
233040,48574
212220,30500
183468,50716
195507,33886
203166,10652
229473,59822
194601,60522
224208,56714
60888,61364
154275,61364
186174,53406
186174,54290
227295,56714
186327,61364
210114,61364
72918,61364
166437,61364
186174,61542
212637,49888
233091,61558
174513,61542
198981,59822
162810,1370
212211,39186
220269,33886
187659,61364
188844,34092
224208,57804
187659,1370
227988,59822
149634,48574
182565,59822
194601,61558
195372,10808
217494,34092
194904,61364
177474,59822
212220,3382
162810,61364
186174,44664
206451,49888
211533,61552
230091,61348
195582,61542
217494,49888
231459,30500
183213,59816
212637,50716
212721,59816
149634,61542
242442,61364
158499,50716
195582,11262
206346,44302
209073,56714
177873,61542
218673,61364
224208,61364
186378,61364
205662,61364
163101,61558
194601,54290
210186,39186
211383,61542
149634,50716
229977,11262
242442,52918
206346,35732
206412,62074
162810,60522
194601,61364
172056,44302
225501,61552
217002,34092
217002,61280
233091,11262
238608,59822
221247,57804
234093,36720
154032,52918
238293,53406
178458,32496
203502,62170
245868,1372
176319,1372
232455,53394
234018,54096
247956,50718
206412,50718
155403,33886
158766,33886
186657,50718
229521,39186
238293,1370
224145,53394
154770,30500
205728,56696
229521,63188
231057,1304
236115,50270
206349,35846
66054,50718
165312,63188
216948,63188
234018,30500
210342,35732
234018,50718
166599,50716
223968,1372
229521,53394
242610,50270
247962,50272
62817,50718
201852,10652
206415,56714
208812,50716
62817,50272
72108,63188
201852,1372
68568,50716
181593,1370
201852,124
129153,56714
178458,35732
178458,48298
248682,1370
203889,57414
211476,50270
178458,54290
231057,1372
210795,50718
232455,44302
238218,35732
153381,56714
176403,50718
206346,36720
206856,62074
206943,10652
210393,124
244005,42132
208350,57414
243408,56714
203232,57414
244287,62074
247956,50716
164970,63188
172161,42132
129153,57414
206376,48980
232455,124
234297,44302
248682,11262
236115,50718
222204,33886
222204,10652
244005,57414
139272,44302
238263,50718
248202,1372
66054,57414
203127,30500
206415,57414
66879,57414
195372,63188
206346,50272
207390,44302
211383,57414
210393,53406
181746,1372
189009,35846
212748,54096
231057,33886
186882,35732
206364,53406
249216,62074
243546,44302
66843,57414
183675,11262
231900,10652
238293,124
208812,30500
192768,63188
225393,34092
66843,35732
195582,50716
206979,53394
221409,63188
66054,10652
158499,35732
207390,62074
238263,44302
62817,61280
231057,54096
66054,52918
201852,50274
154113,63188
248871,10652
238263,33886
155403,50716
208692,35732
208692,1372
153744,32496
154890,35732
178458,36720
183675,50716
248061,50716
158499,10652
232455,33886
238293,50718
158016,57414
181593,30500
246216,56714
182442,50718
201852,42132
206364,61280
62817,44302
153867,35846
225393,54290
66843,61280
232455,57414
248871,33886
62817,53406
167136,11262
210393,44302
222204,11262
210897,33886
249687,30500
203454,35846
221247,56714
192768,62074
158766,30500
203127,56696
210234,53394
203454,62074
231057,32496
192942,50716
208794,1304
224145,39186
66843,50718
153867,1370
206346,50718
65640,50718
222204,39186
153204,62170
247962,50270
203889,30500
88821,50718
154698,56714
246054,30500
206349,53394
206856,63188
155388,10652
186882,30500
212595,56714
153744,35846
203127,50716
244287,50274
154890,50270
203454,57414
207096,34092
207390,30500
208347,63188
238293,62074
205959,50270
181593,63188
203295,1370
244278,50718
153381,50272
155403,30500
208347,35732
247989,56714
149634,50718
158016,62074
211641,33886
232827,57414
181371,63188
199854,50718
211383,42132
181593,11262
210393,50718
232827,63188
244278,50270
66879,11262
248061,39186
153402,30500
154770,11262
232827,62074
189009,1304
231057,44302
139272,39186
188787,124
204657,16358
232827,50718
149634,35732
153402,62170
225393,50274
229521,53406
249687,1372
203502,57414
210810,1370
195582,30500
206943,33886
231057,62074
212748,44302
234555,50718
181860,57414
200964,34092
206346,62614
206346,56696
208347,1372
210615,1304
211407,56714
223728,62376
236775,44302
242388,33534
232788,39186
200964,56696
212595,1304
181860,1372
232455,62074
242388,50272
206346,52918
158499,57414
200964,39186
209094,62170
242388,124
193323,56696
148782,1304
207999,57414
212595,50716
220269,52918
244278,1372
244380,1372
212748,57414
200964,50270
209184,1304
197799,50716
206451,1372
184698,39186
206346,48980
220632,35846
129081,50270
206364,55798
206349,1370
181860,11262
193323,1372
234297,33886
242130,56714
211407,1370
207144,57414
165927,1304
186933,50270
193323,39186
210810,1372
221115,57414
232455,50716
242388,39186
203784,1372
154698,57804
234555,48980
212526,33886
183489,54290
211407,30500
231663,50716
203784,1370
212526,50718
244680,56696
221115,56696
212256,57414
194424,52918
216498,56696
72645,57414
207828,1372
244380,39186
181860,50716
206376,1372
206418,44302
154698,36720
206760,10652
210615,1372
204411,50274
244278,55798
211527,10652
212745,1304
204411,33886
231663,10652
234297,50716
207222,39186
244278,56696
224145,1304
199860,62170
208350,62074
228024,50716
200964,50272
206451,30500
201282,30500
220269,59822
206760,35846
210615,32496
154797,63510
203796,33886
205995,1304
212595,30500
238377,62944
244404,62074
69060,57414
200964,1304
229341,56696
186657,63188
214968,10652
217848,34092
228024,57414
201852,63510
232065,63218
64299,49888
207387,56714
232065,63188
72483,50274
195723,34092
251619,63188
252375,57414
63582,57414
197673,34092
71301,11262
162792,1304
64272,63188
68676,33886
203133,63188
244680,10652
165717,61280
178458,63510
207102,56714
162792,63188
218265,50718
246150,63510
217848,63218
251619,3382
186657,62074
220302,57414
244680,16358
251619,50272
242388,62944
128469,63188
203301,11262
206376,63510
212442,63510
64218,62400
163101,62400
181149,10652
192300,50716
203301,56714
199242,57414
208554,62074
203532,1372
216033,62170
154167,50970
206496,62400
242409,62170
208518,33886
211965,61542
212337,30500
229812,1370
230073,10652
245631,62074
172704,57414
203388,62170
205995,33886
206979,63510
181860,62400
204411,53046
205662,57414
208518,61558
186657,50274
212592,57414
244404,1304
183105,60522
173940,63188
183459,33886
206304,10652
232065,51974
235458,59816
200964,50274
202959,57414
209793,35846
251619,30500
153885,39186
182295,1372
204780,1372
207222,62400
235458,57414
183459,10652
205995,63188
207387,50718
244404,63188
246627,34092
247374,1304
251829,1304
163101,62170
182565,16358
188685,62376
208584,61542
214968,61542
71301,63510
155031,35732
183672,63510
242388,59396
246627,62378
128502,35846
153204,57414
212448,1304
232065,34092
209796,59396
154770,63510
239508,61280
249855,33886
242415,1304
244287,32496
154041,10652
186657,57414
251619,56714
246150,1370
251619,33886
153885,33886
166002,62400
154035,1370
166437,62074
192756,11262
199860,33534
208812,63510
248796,63510
178230,57414
242415,35732
246150,10808
246711,56714
235458,54096
245631,44302
236520,56714
155097,57414
181149,59822
68496,63510
165684,34092
203301,30500
163101,61542
194229,36720
206415,63188
216822,62274
177951,61542
191553,1372
194904,62400
199479,33886
216033,62400
165726,63188
212337,59822
238878,62074
242388,10652
178257,1372
203574,50718
206418,62074
218121,63186
159033,56714
128526,63218
186657,59396
210882,57414
224526,11262
208788,62376
248871,11262
251829,16358
129081,50716
165717,50274
162795,61542
172719,61542
194718,61542
205959,63188
205995,35846
239508,39186
191892,59396
212571,62376
245631,34092
204411,30500
211950,62400
153765,61542
210186,62400
199242,61558
208476,62376
208488,61542
222438,39186
242151,61280
154890,63188
186657,63510
186078,62376
188730,61542
197286,62400
236115,62400
247989,11262
166029,34092
193965,39186
203133,62074
206415,39186
242556,1372
234021,30500
242415,63510
154032,61542
204795,57414
232068,1372
245631,61542
232068,56714
64272,61542
188844,50718
232035,53160
245631,59396
222438,1372
207216,50718
211950,62376
192756,63510
202959,1304
203127,63510
233970,33886
249486,56714
251619,63218
208740,50718
65640,1372
160770,63188
185244,39186
206346,57414
238263,63510
60864,63188
72645,59822
205995,1370
226662,35846
242388,63510
211767,63510
220632,39186
232827,63510
208488,1372
238377,57414
128502,35732
200964,57804
220179,33534
65640,61542
251619,59396
212337,33886
229341,59822
245706,1372
165684,56714
63582,10652
211638,62400
173613,1372
220302,59822
225393,59396
176403,63218
246711,1370
197802,50274
204141,56714
186657,62944
193323,34092
212448,57414
203055,62376
153792,62400
208518,35732
161526,33886
207102,39186
61344,59396
186174,36762
208788,62400
242442,63510
128469,63510
202959,33886
198867,50718
206346,63218
248796,63218
64272,62944
156063,30500
244404,57414
251619,35846
154887,63188
212595,63188
246150,63188
195507,59822
197595,57414
200508,62376
212337,56714
156486,62074
212592,1370
186174,62400
165927,10652
128901,61364
166128,57414
186174,62074
191892,1304
242151,62376
207105,57414
232065,57414
200508,61542
245631,50274
62337,61280
155031,39186
195507,63188
213885,63218
242388,63218
248796,34092
63582,63510
64299,57414
196302,63218
238377,63510
244971,63510
62337,59394
181593,1304
206418,63186
238887,34092
161526,39186
167514,30500
203574,63510
203706,57414
206856,30500
222159,1304
154275,39186
195249,33886
68496,50718
154890,50718
224169,54096
251619,35732
208788,62074
232068,62376
208599,1372
232827,62376
205995,63510
216822,63510
210129,1370
214968,57414
154797,33886
216822,50274
172719,44302
203301,1372
186378,62944
251619,63510
175878,61542
219021,59822
205995,11262
207102,63510
188730,62400
191238,61542
203082,62074
208524,62400
235458,56714
173940,35732
246627,63510
208488,57414
65640,34092
206784,62074
224145,10652
157224,61542
204522,1372
60864,56714
245631,1370
178830,63510
186882,63510
193323,61540
153600,57414
165927,62400
206376,63188
211383,63186
221751,33886
242442,53048
200964,63510
237252,10652
60864,50718
199854,50716
210690,61542
192756,33886
195063,50718
203889,63510
249855,59396
159033,62170
186174,1372
208482,44302
194229,63186
251619,59394
153792,53160
232068,59822
232827,50716
242151,62400
242409,62400
198867,63510
203301,63510
212595,63510
246150,56714
64299,30500
153204,39186
189045,63510
198279,35732
207105,1370
165927,61558
181860,30500
207390,1372
186657,10652
208572,48980
235335,63510
251619,57804
251829,10652
203133,63510
216648,57414
223728,63510
72483,35732
211989,63188
215457,57414
239508,63188
247374,1370
242151,59822
198279,63510
205959,50720
212445,44302
63582,1304
148782,30500
236226,50274
158610,35732
206481,1304
243954,62074
69060,1304
183813,11262
206670,1372
232065,59396
246150,50718
161526,63510
188331,62618
198210,35732
205995,50716
211812,1304
246804,1372
193965,59396
205995,30500
248013,30500
198279,39186
206670,57414
215517,1370
71301,1370
128526,62944
203127,57414
206406,63218
221751,63510
154494,1372
68676,30500
68676,63510
195507,57414
212595,57414
61344,63188
68568,57414
213885,50274
72045,1372
154506,57414
218121,1304
198981,50716
165132,11262
154770,35732
188106,1372
204276,1304
244041,11262
222306,56714
211140,53406
212445,59396
154509,35732
213885,54290
188853,1370
244041,34092
164457,62618
167364,35732
229737,11262
228687,30500
154494,57414
227292,53160
241389,10652
206481,42132
213987,11262
183492,62618
195378,50716
244005,1372
61482,50272
154476,57414
154665,35846
192756,50716
206481,51974
211140,53160
246150,39186
199044,57414
154494,33886
212688,33534
236226,10652
195378,57414
198210,1372
236226,57414
72108,1372
207087,50272
213114,53160
198210,57414
237804,1372
218121,50716
61482,44302
154275,57414
191892,53394
154374,54096
161787,1304
186990,1372
246711,11262
205995,1372
206481,59396
208545,35732
164457,11262
186438,62074
218121,1372
224874,50716
172590,62274
206481,54096
206673,48980
246150,11262
183450,62376
209799,42132
218121,30500
206943,57414
218121,35846
181746,1304
206481,11262
212448,1372
175293,57414
183363,1372
218121,10652
213885,57804
241389,50716
167364,50716
216366,53046
233091,33886
163578,11262
207129,62074
183450,54096
225393,32496
206481,39186
206481,1372
224526,124
224874,11262
61482,1304
205353,62074
238875,57414
154275,42132
213885,42132
188106,62170
211749,53394
188853,35732
206937,33886
154578,10652
207129,53160
218121,42132
209799,57414
246711,54096
244041,30500
206673,53160
154560,61558
206664,62376
183450,57414
227295,1372
242232,10652
207822,50716
199854,59822
211476,50716
216309,62618
229539,62400
209880,62376
246804,62376
72483,59822
153888,50716
157236,50716
181371,62274
227292,57414
232410,62170
206772,62400
224211,56714
237804,57414
71271,62400
154518,1370
246150,1372
153279,50716
221331,62618
224169,50718
233163,44302
237804,62274
244005,1304
198981,62400
237804,55798
220728,50718
154665,1372
181101,42132
181371,49888
186438,62274
154119,50718
206637,62618
229521,50718
186378,55798
209880,59822
68568,1304
206964,1304
212301,50274
191223,57414
191256,11262
210615,54290
154509,1304
189012,34092
206358,50716
224211,50718
61899,57804
188106,11262
246987,30500
164970,62074
207078,62400
244092,62400
247029,62074
154485,62170
195372,59822
229521,62400
232503,62400
162810,50272
243408,1304
199854,62400
206772,62376
205122,57414
71274,62400
154068,57414
154068,1372
209799,54096
212301,62274
246915,62376
61899,55638
222759,50716
172695,62376
213885,50272
191256,50716
195372,50716
220728,10652
25743,1372
184113,62376
203796,62618
154032,57414
154509,62376
203574,62400
206646,10652
210615,62618
206646,62400
216309,36720
223071,50716
246150,57414
181101,50272
220728,62274
199854,62170
206964,30500
209799,33886
209799,44302
178257,50716
72930,124
198981,10652
206964,11262
96138,62378
198855,1372
222759,44302
172056,50716
198981,62376
227295,33886
154011,62400
237804,62400
204657,59822
64764,11262
157416,57414
166437,50716
206427,1372
210627,30500
165045,44302
191256,10652
197676,35732
241329,62376
154578,62274
231162,57414
247029,62400
182565,10652
211812,50716
64764,33886
161667,34092
181371,57414
221331,1304
191256,30500
242232,59822
154812,42132
162810,1304
166437,53394
205332,1372
211383,50716
181101,50718
183105,36762
212550,62274
184113,62274
187707,48980
213885,62400
246150,50716
210627,62400
235380,1304
194904,50718
212301,50272
216309,35732
61899,54864
199854,62378
205332,62400
210846,57414
233163,62618
206637,44302
209094,62376
246150,54096
206772,1372
216309,57804
246150,1304
204657,62376
191256,54096
213885,62618
187386,57804
183105,62616
184113,62378
191256,56714
210615,3382
210627,62074
224211,1372
181371,11262
72483,62400
164457,62170
208116,57414
222669,62618
198801,42132
211749,62618
154740,59822
198801,62274
162810,62618
183813,50716
153867,50716
209880,57414
206646,42132
206964,50718
162810,1372
203166,34092
188106,10652
227295,57414
184113,50716
223776,54096
243408,34092
62817,62616
229527,56714
66777,35732
192942,42132
165684,57414
175266,62274
236115,10652
206376,62616
238611,1370
212748,39186
153303,16358
153669,11262
71274,62616
188700,50716
222906,62618
246099,1372
165762,57414
165762,16358
166437,30500
192942,124
229527,50716
61935,39186
225393,62618
230028,1304
66465,57414
229527,53160
157500,54096
212640,49888
230286,33886
186384,39186
188685,1304
219420,11262
197835,62400
238293,1372
192756,50718
220269,39186
220269,42132
242409,62274
154008,61558
191232,59822
206760,62618
203673,62616
207219,62274
228060,50716
238032,32496
212748,1304
165726,39186
229527,50274
238293,50274
60762,36720
206367,1372
212283,62274
229539,50718
206988,56714
64218,1372
71271,48980
183492,10808
61824,11262
203058,49888
153792,1304
72930,62074
235299,57414
244680,62274
192942,35732
153048,56714
226662,62618
244278,53160
245046,57414
206346,51974
206940,57414
203502,1304
206418,57414
191232,62616
207219,11262
62817,53160
165762,62274
188685,1372
216498,62274
182292,35732
204519,54096
204762,50716
206418,62274
186384,62376
219048,1304
233970,50716
183489,48980
192942,34092
203214,39186
192942,30500
192942,57414
64299,62376
222906,50718
241824,50718
183573,50718
225501,54096
128901,35732
183489,62618
222906,57414
181704,35732
193965,54096
207828,39186
217782,10808
229539,62618
187806,54864
213987,61558
225351,50716
236115,42132
183489,16358
186882,61558
64734,57414
71271,10808
183450,50716
188100,57414
197802,50272
176607,3382
193323,59822
242409,62376
67764,35732
191232,62618
245631,11262
183489,1304
165684,1370
198573,1372
203502,62074
187806,62616
206955,16358
238293,10652
71409,35732
230286,30500
206367,62074
60870,33886
193323,55632
206442,11262
238293,55798
165744,1372
64299,1372
129153,50716
217782,50274
233970,39186
70890,62618
231900,50716
245631,53160
60762,62618
192549,39186
238293,1304
247002,50272
154797,34092
154797,49888
194883,50274
245046,11262
233961,1304
164007,57414
203058,53160
212379,50716
72645,16358
68676,35846
179853,62616
206442,39186
230604,53160
217782,62616
247002,62618
71271,62616
206376,62618
62817,16358
203232,1372
244278,62616
165684,62074
206415,33886
234120,16358
72930,50272
206346,62274
221115,35732
238611,11262
222159,39186
225351,1304
237057,1304
238032,53160
208341,61280
233961,35732
192159,30500
191256,63360
192942,63360
210171,53160
187707,63136
210168,33886
249297,1370
197673,50716
236226,1304
210171,63360
212220,61348
154485,63188
212220,59394
220269,63360
249297,11262
154485,57414
172719,30500
207600,16358
235842,63188
61482,59394
154803,63188
65328,63188
155481,1304
182565,50274
203112,59396
64959,63188
208758,50716
211527,36762
250434,34092
157500,53160
207339,36762
238032,59396
195771,10652
197673,44302
207498,63188
183105,61348
203112,53160
128526,53160
203661,11262
238032,34092
194883,36720
208881,30500
64365,30500
187974,35732
195771,57414
187974,33534
193323,63360
210168,63188
154146,63188
154494,63188
210690,1370
244287,63360
158274,59394
210690,57414
153084,63188
155097,50274
207339,35732
219048,50718
207339,57414
211533,63360
221526,49888
153084,34092
165045,39186
178068,57414
203112,57414
207222,50274
196845,63360
211527,63136
216948,11262
187707,53160
250653,49888
206433,63360
248301,30500
162792,1370
208881,56714
208788,56696
233961,1370
157500,63360
191256,53160
203820,124
206367,63360
232068,50716
211548,57414
232068,10652
75723,63188
218121,57414
69249,50718
248301,1304
183789,50716
72045,53160
154740,63188
203268,62074
183789,62074
233961,10652
88821,44302
244878,63136
129204,39186
203871,1304
212112,16358
191256,49888
209094,63188
210171,10652
71766,61280
195771,39186
211683,30500
187707,63360
191256,1304
246987,11262
181101,63188
186447,124
203112,56714
206481,50716
249297,1304
207222,63360
236226,63360
237252,124
211683,11262
210171,53394
184113,34092
222204,59396
203661,56714
224211,57414
207600,62074
249063,53160
249063,30500
88920,63188
208575,61348
207828,63360
250434,54096
158274,62074
183789,63188
203460,61348
210690,62074
203661,1304
207339,34092
208758,63360
223518,30500
61692,63188
203259,63360
206481,44302
207222,57414
249063,56714
173796,35732
208488,35846
223968,44302
216498,63188
220269,30500
232068,63188
203268,1304
232068,11262
154797,63186
188787,35732
203256,59396
206481,63188
216948,62074
242556,53160
186378,63188
187974,62074
203259,53394
154740,63360
163251,1304
223518,57414
161526,57414
187707,36720
66033,63188
129204,11262
191256,35732
203268,56714
206367,56696
208575,35846
211548,63188
251391,60
187875,16358
203112,1304
207339,32496
203112,10652
242439,57414
88920,124
203112,63360
206481,33886
207828,56714
203256,34092
206376,56696
206376,63360
172056,63188
249297,63188
191256,57414
219048,62274
188787,63360
203460,57414
203661,57414
88821,56714
66465,50716
208524,61672
208554,61672
157938,35732
203310,1370
191232,61364
163377,61364
225672,61672
163377,56714
203700,61542
212892,16358
188787,61542
239556,61672
217752,48574
165312,61364
186078,61542
208545,61542
208566,61542
212469,61542
153792,48574
227670,35732
224526,61672
197034,48574
163131,59776
212721,61348
155016,61364
162603,50716
203733,35732
237300,39186
198882,61672
208482,50716
230178,61542
182292,50716
242130,57804
177951,35732
212181,1370
212469,30500
153642,48574
203274,61542
186174,32496
208524,50270
237675,61364
196845,34092
237252,61542
155055,50716
153072,35732
208488,48574
187962,61542
194601,50274
155388,61542
205191,32496
215298,35732
208560,1370
234864,48574
162984,10808
208491,33886
172056,61364
206427,61364
208872,61364
175809,35732
66915,61672
222438,61672
192771,61672
208488,35732
176403,61672
206076,1370
155100,61542
172704,61348
217752,61364
175809,61364
207102,61542
242409,48574
153720,39186
153720,61364
186078,48574
153726,48574
153792,61672
191451,35732
88920,61348
153720,35732
191451,33534
206076,56714
208566,48574
200502,61542
212469,50716
203820,61364
240918,11262
237675,35732
88920,61364
172056,59776
230178,50716
206076,50270
241263,61364
205665,61542
206076,48574
188787,61364
2061063,48574
208560,48574
224931,61542
66465,35732
230073,54096
240918,61542
208491,35732
212592,61542
203790,61364
203820,44302
241263,39186
160029,44302
217752,30500
153600,61364
187707,61348
203784,50716
217848,44302
186078,35732
196845,61348
227115,35732
206427,62376
61899,50274
167364,30500
247632,30500
247632,48980
204189,35846
153024,1304
212445,50270
242610,62614
184113,53160
204189,51974
62337,39186
204189,57414
206646,53160
211812,1372
232065,53160
204189,16358
206646,1372
154740,39186
222711,124
212469,1372
232065,44302
248205,1372
233559,35732
243390,1370
161403,50716
184113,1372
206838,30500
212469,44302
61899,53160
206670,39186
206745,30500
25743,61280
210120,39186
153279,57414
184113,57414
65052,1304
183387,44302
206439,57414
154827,1372
242610,36720
217782,48298
245868,60
62337,10652
183213,50272
154518,1372
223776,57414
204189,57804
231102,30500
167364,50270
210114,1370
204189,50274
204189,1370
215985,11262
247632,10652
215985,61280
204189,1304
154665,39186
203073,62074
215985,39186
210954,44302
237804,33886
204189,32496
67158,56714
154578,53160
61899,33886
72918,53160
188730,34092
204189,42132
186438,53160
167364,44302
198981,35732
153888,35732
204189,1372
217782,50272
61899,50270
154518,11262
233091,39186
61899,53406
183387,53160
204189,10652
163578,1372
172590,39186
244731,50272
242232,54096
211125,57804
232065,54290
188937,53160
153888,11262
164457,61280
165762,62074
192735,57414
212469,53160
232065,50274
244731,42132
183213,124
188106,1304
232065,50272
244731,61280
247632,54096
204189,39186
246804,53046
153888,10652
179436,1304
67740,39186
248205,1304
66054,53394
179436,1372
245868,49888
64959,1372
153288,1372
212301,62074
212592,1304
95988,57414
153279,53394
217848,53160
154881,54096
204189,54290
237804,1304
211533,53406
176472,35846
246150,30500
211386,16358
195249,10652
203073,10652
248205,35732
211812,57414
212469,16358
244173,1372
172590,30500
212469,39186
243390,11262
220269,53406
243927,39186
181203,1370
211524,63188
217752,50716
206484,63188
224145,50270
211989,57414
158685,39186
179436,63188
223728,50270
155085,50270
204519,57414
235380,44302
203133,10652
236226,53160
176595,57414
61482,53160
234297,53160
238611,10652
154032,35732
154707,56696
176595,63188
181203,56714
208350,124
215112,50716
228024,39186
239247,39186
217782,34092
140277,16358
203133,56696
72561,39186
215112,50270
234297,1372
166128,63188
198801,61280
206484,11262
215112,10652
236655,63188
248796,1370
188100,56714
71274,48980
206484,63186
247983,44302
204189,63188
157500,32496
197529,63188
215112,39186
201852,39186
211761,63188
233091,63188
238293,59396
158685,56696
176595,56714
244731,53386
248724,57804
72930,53160
238293,48980
244731,63188
206784,30500
68676,50716
155055,62376
249843,56714
247374,35732
220179,10808
235380,56714
216648,53160
247374,11262
71274,36762
177672,54096
204189,3382
242442,63186
201564,63188
203733,34092
247632,49888
211761,56714
245631,1304
201852,59396
224145,62274
153438,11262
213102,53160
215112,56714
248796,50716
213114,16358
153438,35732
177672,35732
244731,57804
166995,33886
204189,50270
235380,11262
176319,39186
236655,57414
225669,50716
234297,54096
155337,1370
191226,57414
217752,63188
224931,39186
247002,33886
158685,53160
211140,53394
155106,1372
206496,34092
207147,62614
198882,55798
210168,1304
234297,53406
208788,1372
204189,36762
242442,48980
194229,53160
2061063,1304
248373,50716
155106,49888
244173,56696
249843,1304
204519,63188
206979,33534
160029,1304
207216,39186
246858,10652
194790,56696
206634,57414
218121,50718
246858,35732
164457,59396
237195,57414
183492,62170
167136,44302
224874,36720
154758,35846
247632,62170
61824,57414
206847,35846
61629,11262
191250,56714
153645,35732
211524,53406
202959,63188
232029,62170
206847,50716
224874,10652
188100,50716
72930,63188
187743,50718
198801,53160
215112,30500
227670,1304
227292,44302
215112,11262
235932,1372
237195,33886
210051,1304
182292,44302
244278,39186
198792,1304
206484,62274
244731,59396
154779,1304
96444,50718
206496,30500
240912,50718
246963,32496
195507,54096
219450,30500
153645,33886
234972,39186
129153,1370
191232,54290
188100,35732
206940,50720
207147,50718
207387,1372
194229,53386
212721,62170
242412,39186
246150,62376
201564,34092
204780,10652
246963,44302
206847,53160
211632,1370
215112,44302
220269,11490
153141,10652
177873,1370
234297,39186
234093,44302
208482,56696
247632,1372
235380,30500
183492,53160
227670,39186
247974,30500
195507,124
216108,39186
246339,1304
61824,54096
206760,62614
249843,11262
195507,62170
201564,50716
208521,30500
175239,1304
208473,1372
211524,53160
234093,62170
61824,50716
219420,34092
129153,35846
61482,50270
212220,53160
227988,56714
206979,63188
246963,49888
220713,62170
224631,35732
206076,11262
206076,57414
246618,53046
246711,62170
192300,59396
208521,50716
248373,1372
191229,1372
249843,57414
247374,10652
62811,55798
159831,62170
77484,53160
232029,53160
195447,56714
206364,39186
188265,1372
208209,57414
211473,62170
210168,53160
212220,39186
247989,1372
203214,54096
206943,56714
209796,48298
217782,62074
246963,52918
89013,50268
197286,50274
242412,57414
207264,57804
246618,53048
246963,61280
242151,62074
153765,1304
223554,62074
246963,36720
229620,60978
236655,33886
206952,62614
206943,54096
212892,10652
246618,1370
246987,39186
129204,33886
183450,60978
201852,60978
203673,1304
231708,1304
234972,30500
208566,33886
59700,35846
206940,50272
207339,10652
172503,33886
61347,1370
61482,60978
220302,35732
206943,124
154953,35732
215985,30500
223728,60978
237057,1372
61347,54096
208209,1370
208347,39186
236766,3382
61347,60522
75723,35732
154887,50274
206952,61348
162984,35846
208521,50270
212220,62074
218121,53160
194790,10652
153402,48574
158499,60978
217752,11262
208692,60978
59703,1370
211524,50720
246339,1372
153024,35732
209793,60978
175878,46632
191247,60978
206955,30500
88920,30500
211965,1372
66336,10652
163251,1370
171939,35732
178068,39186
203271,11262
207999,48574
210393,60978
226662,60978
171939,44302
207999,1372
236655,60978
183468,1370
183459,124
219450,62170
64845,10652
228438,35732
236226,60978
209073,60978
212748,60978
180495,57414
213102,62170
248373,35732
61347,35732
192564,1372
203700,53160
59700,48574
203445,10652
219450,53160
242442,50272
212112,50718
194082,1304
198981,33534
216981,35732
188961,50718
206427,50716
219420,50716
176577,1304
203310,1304
208590,50716
160029,57414
208482,35846
72045,50718
208482,35732
165750,10652
204795,35732
207465,44302
213885,60978
185067,1372
183450,10652
213885,53386
160029,35732
211386,33534
153024,11262
227988,62170
72045,60978
155337,11262
183459,1304
186174,10808
213885,46632
153141,50718
206943,30500
232065,39186
153150,39186
207264,36720
64218,48574
165762,60978
220632,56714
209073,48574
215457,1372
183666,60978
195771,30500
208350,11262
89013,50720
165762,50274
176319,30500
183450,1304
207087,39186
208350,48574
236766,35732
212448,60978
214968,1304
233040,35846
233559,1304
186174,36720
236226,35732
212526,11262
205191,54096
210876,60978
183450,46632
233040,11262
214968,33886
64845,48574
159831,54096
198981,30500
200964,46632
66336,1304
211386,48574
59700,1304
159831,60978
178068,60978
194082,35732
197673,30500
186216,10652
203142,60978
206607,30500
88920,60978
59691,48574
61347,10652
153084,1304
191556,48574
153867,35732
154404,35732
61347,11262
129135,50720
183450,48574
185067,35732
207264,51974
61347,30500
64845,11262
204375,35846
154953,39186
171702,1372
183459,30500
188685,30500
226662,30500
157236,10652
171702,39186
183468,60978
197835,1304
72117,54096
237057,10652
223776,48574
195771,60978
219450,1372
162843,39186
232065,35846
60864,35846
206496,60978
230604,60978
195723,60978
207345,50268
69060,48574
159033,1304
189012,33886
235299,30500
220218,56714
234021,48298
241218,57804
187797,1304
66879,35732
67056,1370
164871,44302
194229,63360
210615,51974
154890,63360
211815,63188
216822,53160
234021,61280
249930,63188
210141,63360
182295,57414
205812,63188
228948,63186
203151,11262
204144,59396
204144,63360
228315,11262
212301,63186
179496,63360
66843,50716
166005,10652
197835,61280
186951,56714
228948,59822
194229,34092
212586,61280
212586,10652
204189,52918
216822,50716
239577,63188
166005,33886
212433,56714
247983,35846
249930,57414
72900,63360
227295,63360
165045,33534
247983,63360
194229,32496
212301,63360
249159,1370
249342,10808
234021,63360
234021,53160
249342,50716
175293,63360
167316,63188
212448,35732
249342,44660
204483,30500
229473,53160
75723,61280
153150,57414
204189,63186
183213,59394
250974,30500
211815,57414
164064,63360
166005,30500
166995,53160
206748,59394
206856,57414
224931,30500
247983,56714
153279,63360
244380,53160
173796,10652
206667,63188
235299,1304
247134,63360
206667,34092
228948,54096
247239,50716
236115,35732
154011,63360
153726,63188
164337,50716
166362,63360
165045,62074
212442,53160
236520,60
166005,11262
212301,35846
249159,56714
250974,10652
154011,53160
166362,53394
204657,61280
166362,35732
209976,50716
166362,44302
212433,50716
157854,63188
203151,56696
206772,10652
236520,57804
186951,11262
201741,56714
229473,63360
188730,61280
199854,63188
216822,63360
212448,63188
165045,63188
166005,50716
212433,11262
234021,53386
196845,59396
249687,63360
172590,50716
166362,53160
249342,1370
211815,35732
247983,53394
159033,57414
166362,34092
204657,63360
154578,49888
229473,61280
207129,63360
216822,11490
206823,30500
165786,63188
153726,57414
203151,63360
249930,39186
182295,33886
63873,10652
205332,50716
212433,1304
219021,63188
249342,39186
165045,10652
206964,57414
236520,59394
198792,35732
210615,53160
205353,63188
229473,56714
195507,44302
211125,10652
212445,33886
129081,35846
204519,44302
212469,59822
232404,50716
249216,57414
123150,44302
237804,63186
244869,1370
163101,63188
248682,33886
203055,1370
210816,33886
163101,36720
203820,56714
204780,63188
167364,1304
235380,57414
242619,56696
208350,50716
25749,53406
204375,10652
164457,44302
195894,57414
159330,16358
244869,30500
244005,50718
25749,63186
203058,62274
206760,61280
231708,35732
162810,48980
72930,50718
209184,11262
213102,53394
211125,50270
66336,63188
218265,57414
245976,10652
69060,53394
181371,33886
195723,50716
203820,10652
177672,50718
231708,56714
187707,62074
210141,62274
247986,61280
63582,61280
157398,35846
220011,59822
153204,63186
247986,1370
181860,39186
211632,1304
247239,10808
154578,50716
172056,53394
210816,11262
211125,35732
220218,50270
250275,39186
66777,59822
171939,56714
154707,50718
199860,55798
167364,56714
248796,62274
181371,39186
212595,50718
250221,50718
244869,1304
248796,39186
65049,124
188853,62274
232455,63188
209184,10652
248724,53394
172056,39186
195894,56714
154551,63188
212445,61348
212469,56696
158658,62376
183576,1370
204375,1304
153885,62074
208872,62074
66924,57414
162843,63186
172161,35846
186177,30500
153756,63188
203133,53394
232269,53394
218265,50716
155556,63188
153315,34092
232455,30500
66336,61280
162843,63188
248724,57414
250221,56696
166437,61280
181860,63188
217848,10652
196311,50270
206460,33886
224169,56714
194883,39186
238878,57414
206955,63186
162810,63188
183576,57414
187707,33886
201798,57414
203058,53394
227292,49888
232656,63188
77484,63188
225393,48980
248550,56696
162843,35846
204519,55798
244869,50716
188106,63188
224169,63188
248796,53394
227343,63188
153756,57414
197595,11262
232269,33886
172056,33534
183645,59822
247374,63188
220218,33886
231708,30500
153756,54096
211125,53386
167364,59396
232269,30500
186177,50274
212445,53256
217872,11262
154797,53394
162603,44302
154881,61280
173613,53394
231708,11262
156024,63188
206358,35846
154032,63186
197595,63188
212235,50716
203511,1370
228729,59822
240990,56696
204657,61552
199242,57804
206460,30500
248724,16358
209184,50716
212586,59816
247239,63188
188106,1370
225393,59816
213885,48980
224841,61542
155085,61364
212235,52918
155388,48574
187650,61364
212211,61560
223554,49888
242856,16358
242856,61552
203178,59816
208500,56714
212526,61542
212526,61672
198873,61672
206637,10652
216498,61028
183675,10652
207264,61028
182565,61028
206613,1304
206343,60978
206478,60978
206943,61028
224280,61542
227670,61672
191556,61364
186078,10652
225654,50968
172704,50272
66879,56714
165684,10652
206478,61028
77484,48574
212526,61560
229527,33886
60762,36722
178458,61560
208821,33886
227670,61542
241389,60978
184863,61364
204375,61542
204375,1370
212235,11262
188937,60978
224280,56714
229977,60978
173940,61560
203268,61672
203661,61542
211749,59816
212211,61672
242151,61672
158685,61672
210978,35732
225390,60978
237804,61028
154518,1304
184713,61364
186078,33886
192735,11262
198873,53046
220047,11262
208488,61552
155085,61672
210978,61672
210981,61542
242856,48574
213102,61552
242151,48574
189009,61558
212526,61364
154665,48574
206343,33886
203178,61552
207156,48574
71301,56714
207345,60978
220047,35732
154743,11262
241389,35732
195507,1304
205665,48574
195447,1370
207828,57804
175266,35846
237195,60978
211533,3382
229977,10808
154821,35732
186327,61542
203295,61542
208500,61552
225393,61552
212640,54096
195507,35732
153303,44302
181371,61028
198210,61028
25749,50272
192618,1304
207102,1370
203259,124
203700,16358
158685,50716
207147,11262
225393,11490
154434,1304
184863,59816
153960,54096
242856,61542
179496,35732
225654,11262
154779,11262
206928,10808
212469,50270
192564,61672
212235,33886
154707,61558
225747,61672
242151,61542
154707,61560
210978,50270
224280,50716
194229,61552
203727,48574
225747,61364
210978,59816
221526,30500
227670,48574
153138,61560
203259,59816
206613,61028
154167,44302
220179,50272
238032,61028
188100,44302
216108,61028
238689,33886
205665,11262
210834,48574
212235,44302
212235,54096
228729,61560
60864,35732
154518,42132
186438,60978
206406,60978
227115,60978
226827,1372
158685,61560
167316,54096
206343,42132
206343,61028
229527,60978
88920,50274
203796,39186
229527,50270
206811,1372
216108,60978
216948,59822
242151,59816
208488,61364
222204,50274
203259,61364
195447,1304
158685,30500
192564,50272
222621,1372
154434,1372
210954,48574
225390,61028
198873,61560
149634,61558
162957,61552
212430,61542
242856,59816
230331,10652
238689,35732
212469,54290
215247,57804
153999,61558
154707,59816
207087,51316
212892,39186
238689,60978
224874,59816
72108,48574
172056,48574
212721,61558
213102,16358
192942,35846
220179,33886
238827,44302
194718,61552
225654,50720
238032,60978
64272,61364
65049,1372
195507,35846
203256,11490
209799,124
226827,60978
203256,61552
237057,61364
77484,61672
208821,50970
128526,61364
186078,61672
224280,48574
232503,61364
212220,48298
224280,30500
227670,61364
194229,61672
204771,61552
195372,1372
206943,50724
220047,60978
207828,51974
207102,60978
211533,11490
221115,44302
153303,50272
206343,11262
222621,1370
65067,61028
212721,61028
230331,11262
186882,61028
206343,56714
206745,1372
210954,1372
65067,10652
72930,57804
163101,61028
154743,35846
238032,1304
206343,44302
154743,42132
71301,48574
219231,60978
220047,1372
167316,61028
238032,10652
188700,61028
203295,10652
25734,60978
158658,1304
186078,1304
206343,33534
207096,1304
225390,1304
229527,61028
154518,61028
183489,60978
211407,51974
60762,50272
195507,61028
209799,50270
210234,60978
206343,10652
232455,1304
212220,50720
228948,1372
210615,60978
236973,1304
206763,44302
236973,11262
200502,11262
208485,11262
71271,60978
176643,1372
197529,60978
203142,48574
208806,60978
236973,48574
208821,60978
208881,33886
212775,11262
197529,42132
210615,36722
232656,48574
161526,60978
172056,60978
165717,124
184863,50274
71271,50724
203142,30500
206763,30500
206943,60978
230028,60978
195771,44302
206799,35846
208506,30500
206646,1304
227310,1372
229977,1304
60864,60978
172056,46632
206646,56714
154041,42132
208485,46632
72930,33534
129081,44302
174468,60978
184950,60978
208485,30500
61902,11262
203073,1304
204276,33886
208485,44302
231909,1372
208572,60978
232455,60978
203454,10652
195771,33886
230028,50270
206937,42132
206937,1304
211533,10652
129081,57804
226662,33886
200502,39186
208488,60978
208476,60978
208485,33886
209697,30500
224169,60978
234972,60978
61629,60978
60888,50268
212469,46632
232455,1372
234018,10652
206670,48574
212220,46632
226662,10652
209697,35846
229977,10652
154041,16358
188937,44302
208488,1304
225396,1304
207078,39186
222621,1304
230028,1372
71274,50724
208722,39186
227310,60978
184863,48574
208806,39186
232656,1304
61902,1372
129081,39186
232455,33534
208473,60978
211965,60978
233961,33534
207330,33886
208485,60978
195378,48574
238263,50272
192714,1304
195378,60978
210171,39186
211533,60978
203073,60978
204276,1372
208566,60978
222621,11262
61629,48574
161526,35732
210876,35846
61629,1372
195771,1372
230028,1370
60888,60978
206763,1372
208806,48574
206646,60978
212256,60978
65637,30500
171939,42132
188730,46632
193323,46632
197676,60978
236520,53406
234297,10652
207999,60978
212448,50270
186384,10808
203322,10652
225747,50272
209994,11262
155097,30500
186216,60978
206955,60978
187839,42132
201522,1372
65052,50268
199854,33886
161667,46632
62817,35732
154275,33886
195723,44302
196302,60978
236520,48574
72900,60978
187839,35846
171939,39186
198882,35846
231459,1304
154275,60978
212640,50268
225672,11262
206451,44302
56868,50270
196302,44302
211761,50268
203517,60978
223776,30500
194082,1372
206451,60978
25734,1304
163482,60978
222906,10652
65052,60978
186384,1372
155097,46632
212586,50268
62817,57804
153675,1372
225747,57804
186384,60978
225747,50270
234297,35732
236520,50270
198981,60978
222906,35732
163131,54096
216948,60978
217002,48298
66777,46632
212430,10808
231459,16358
231162,60978
238608,30500
206346,50724
211638,33534
123150,35732
198882,46632
206346,59822
66777,10652
211761,60978
223776,56714
198882,50724
201741,33534
225672,10652
59703,46632
204144,60978
77484,60978
209184,60978
206748,60978
230286,46632
123150,11262
227343,60978
206964,46632
56868,54290
206433,1372
67335,1372
206958,48574
207144,1304
207345,44302
238293,48574
225672,1304
222852,1304
200964,44302
228438,11262
229521,46632
154635,60978
161208,30500
62817,60978
153720,1370
207345,54096
56868,57804
165045,60978
201564,44302
206748,50270
238293,50272
153675,30500
201522,50272
222204,60978
231102,46632
153072,1372
206346,57804
206433,42132
214998,50274
183213,60978
214998,57804
66777,50268
209073,39186
211476,60978
199854,60978
208473,10652
62817,46632
128538,60978
198882,50268
206748,46632
66465,46632
206787,35732
227292,60978
232035,60978
72900,62074
171372,39186
187224,44302
64734,30500
187224,50716
191223,63188
224925,30500
223518,62274
206958,33886
238032,50720
247986,30500
238032,61348
187224,30500
245154,30500
88920,59396
180195,50720
158610,50716
186078,50716
247986,1304
71274,63136
203259,44302
193323,63136
167256,30500
189045,62074
245154,34092
247986,50716
71271,63136
207618,61280
211683,61280
212430,39186
167136,124
237300,56696
251235,50716
154011,63188
157185,63188
75723,52918
88821,50716
154011,33886
167256,50716
223518,33886
238032,52918
203532,63418
154011,50716
230178,33886
153765,63188
206376,50720
251235,30500
211815,52918
233091,50720
245154,62274
251235,11262
88920,59394
250947,50720
71271,51974
153309,11262
154119,59396
187224,11262
212469,59396
242619,10652
158610,44302
186078,63188
197676,33886
164064,30500
192300,62378
188730,33886
194790,62274
211683,57414
233091,34092
189009,11262
242439,63418
154146,62074
206979,63136
238032,59394
249981,35732
238032,50274
242556,63418
249930,50716
75723,10652
187839,33886
189045,63360
219021,63418
230178,49888
241305,39186
154167,62274
67371,35732
153309,35732
197676,49888
199479,63360
181662,44302
211815,50720
247986,63418
71271,11490
189045,63418
155556,63360
164064,63188
237300,62074
238218,63360
207618,59396
198867,54096
171372,10652
199479,1304
211683,1304
176472,62274
197676,63188
208758,63418
241824,59396
67371,35846
230178,1304
237300,10652
206979,62074
238032,44302
210678,33886
64734,33886
66915,11262
206868,63186
212220,35846
206979,61540
248292,56714
197676,10652
188730,39186
193323,61280
154167,50720
164871,50716
187386,1304
204057,62274
250221,52918
166005,63188
182442,39186
251766,10652
232065,54864
206667,59396
251442,35846
181149,62274
191232,63360
245706,1304
219231,61280
179790,57414
221115,63188
251766,50716
206988,63186
220218,44302
72045,61280
198552,62074
229473,62274
249633,63360
217002,30500
180495,56696
222894,33886
225351,1372
230028,10652
204762,57414
227664,56714
232065,63136
209793,35732
165927,39186
247974,56714
207096,57414
212220,36720
249081,30500
251142,62274
223518,52918
155337,35732
209622,50716
238887,11262
251829,11262
182442,10652
191232,52918
198552,10652
206955,62274
211767,34092
249159,30500
211815,1372
182292,33534
210393,59396
176607,35732
201852,57414
225654,1304
241305,1372
166002,11262
249081,61280
232065,63360
191247,62074
165684,44302
173613,63188
191232,59396
206955,61280
65052,35732
206748,35846
193323,62618
251442,52918
251829,50716
191232,50720
241305,33886
249081,35732
251829,54096
207099,57414
232065,62074
245154,10652
249081,11262
251766,1304
189012,1370
206823,50716
249159,33886
249567,50716
220170,57414
72045,63360
244644,57414
230331,1304
251442,63186
193323,53406
198534,62376
212721,59396
243927,50272
244446,1372
245706,35732
181704,1304
225654,61280
180495,1304
228438,57414
166005,57414
249633,50716
250221,50716
207999,44302
158658,53160
225396,63186
238887,1372
166362,10652
206412,35732
227664,33886
165726,35846
210141,10652
60864,30500
179436,11262
198534,52918
206670,63186
209622,63188
212445,61280
212586,62274
244680,61280
187386,39186
211524,52918
153726,1370
251829,35846
244287,62618
206667,49888
191247,61558
212721,63360
163101,62618
251766,63188
64365,52918
155337,30500
229473,52918
181101,62618
211815,62074
165927,56696
185244,52918
207222,59822
244380,50716
206514,44302
218121,54096
244092,1370
182442,63186
187386,56714
197673,63186
249081,1304
187101,35732
188637,62074
251766,57414
72930,63360
231144,63360
200964,1372
210141,34092
211740,57804
227295,49888
153438,63188
161403,63188
203100,33886
227829,33886
210171,57414
249081,33886
230286,52918
206667,50720
251085,50716
216822,57414
191247,50716
249081,50716
201522,1304
212748,62618
192300,57414
194883,54096
225501,42132
236520,36720
154113,54096
203073,50716
207828,57414
238536,57804
245868,62274
193323,54864
216498,57414
166995,59396
191238,57414
193323,55638
197835,52918
206763,63188
230286,59396
249081,1370
249081,63136
164661,63188
173613,10652
186882,52918
206412,63186
243927,62618
159033,39186
162624,63188
180495,63188
188730,62274
154890,59396
201522,3382
204222,57414
206823,10652
211632,50716
244680,50274
249081,62274
251106,1370
182292,62074
211524,61280
211815,35846
225669,39186
197835,50716
186882,50720
247983,49888
153279,62274
207330,11262
211815,33534
206928,33886
232065,1304
249081,62074
153438,35846
206418,62618
238536,124
251085,50718
158658,35732
248301,63188
192300,1372
210393,62074
220170,1370
177921,16358
236520,36762
129081,1372
230028,62074
191892,62618
65631,61558
236520,50272
207099,11262
195723,62074
187962,1304
201852,62074
165684,11262
243927,35732
65052,33886
166995,63188
186882,59396
188331,62614
175815,35846
206667,52918
250974,63360
128502,63188
194904,52918
206763,39186
171702,54096
187386,62274
198534,50720
201522,50720
206748,50720
212469,63188
72930,32496
206748,63136
211632,33886
223518,61280
201522,63188
223518,50720
245154,62074
251766,39186
192300,63188
212469,61280
249081,63360
251442,33534
249411,54096
185244,50720
219030,11262
153882,1304
244680,44302
191247,56696
244278,50716
154494,60978
211533,50274
63867,48574
212721,35732
161058,35732
166005,1372
237804,44302
207345,32496
71301,33886
153792,60978
154797,57804
166002,35732
183912,1372
232269,44302
218673,30500
154812,39186
187224,60978
231225,60978
216033,11262
241329,1304
206940,61280
207114,10652
237804,35732
65049,1304
206613,30500
166002,42132
204228,60978
64860,11262
241329,1372
192942,54096
207114,42132
153423,1372
154797,50274
221610,48574
237804,10652
216033,56714
165762,11490
231057,50274
207465,50270
216108,48574
197799,60978
211533,50272
231225,30500
237804,60978
216033,60978
185067,11262
186378,42132
238572,35846
167364,1372
153792,32496
188331,60978
216033,1304
211533,42132
221331,60978
183645,1304
210816,1372
230073,35732
156063,35846
166002,60978
71301,1372
192942,61028
206418,61028
218673,39186
221610,44302
155271,1304
207222,54096
165684,1372
210234,61028
207345,61028
64860,49888
183213,59822
154473,48574
64860,30500
183675,56714
216033,10652
68496,10652
163131,61028
207219,61028
25734,1372
210816,35732
221610,42132
207114,33886
214506,60978
163578,48574
197799,33886
25743,35732
165927,35732
166005,35732
192942,60978
223104,49888
165684,48574
203661,60978
207465,56714
157398,1372
192942,10652
233970,60978
216033,61028
72918,60978
212550,55798
154578,62074
241350,50716
246963,35732
240939,44302
246963,57414
162603,10652
187707,62170
211344,50274
212586,57414
219030,1304
246963,36762
158685,35732
212550,49888
214506,53160
229263,62376
244869,48980
232065,55638
243927,50270
246963,39186
203445,50716
217782,53406
246963,36722
204762,50718
212448,10652
63690,44302
204780,39186
241350,1304
155388,1304
158685,33886
199860,33886
206349,33534
227292,34092
128526,62170
242442,50274
247632,50716
199242,62170
204771,42132
163131,53160
197835,32496
199242,56696
203820,56696
183195,50270
232065,62614
237804,56696
247983,1372
63690,50718
158766,50270
203058,61280
246627,1372
204519,62170
239556,53160
128502,50272
246963,1372
248796,35732
172056,124
211344,53160
212550,50716
246963,30500
247989,50716
246963,50270
186438,50718
238827,39186
153885,49888
212448,48980
207243,49888
158274,56714
243927,62170
203502,48980
206481,124
229263,44302
238068,33886
206979,50270
244869,50718
249297,62170
128502,50718
128526,42132
232065,32496
246858,30500
246858,56696
203214,57414
246963,48980
248013,44302
211524,124
225669,10652
238827,49888
207243,1304
248796,62170
229263,10652
248724,50716
181371,50718
191232,32496
212892,53160
203166,1372
212448,62074
219030,57414
187707,53406
206748,48980
222438,57414
206811,62376
249297,35732
183645,50716
222438,50270
232065,124
206481,50270
211344,56714
201564,1372
238068,53160
203661,50716
221151,57414
247989,62376
25749,53160
206376,57522
183645,62170
191232,33886
158499,49888
191232,48298
72645,33886
232065,48298
156024,49888
176319,53160
211344,35732
238068,1304
247983,50270
199242,1370
203796,50270
63690,34092
65049,62170
187797,44302
231144,50716
232068,35732
173667,33886
203661,10652
65067,57414
248796,48298
191232,10652
223554,44302
206304,61560
209994,48574
181203,61560
240924,124
176472,61028
193965,54290
187806,61558
201741,61560
225747,54096
225672,61552
228741,61542
201741,61558
65067,61560
227469,61560
183645,33886
173613,30500
192735,50716
233427,16358
72918,61560
183492,61560
208488,34092
128334,61560
187806,61560
56871,61560
187962,61028
65067,61542
193965,61560
227292,61560
171939,48574
240924,11262
171684,61542
205812,61560
167451,61542
227469,61558
240924,50716
153402,61560
236655,61028
186438,61560
193965,57804
128526,50270
167082,61542
198210,61558
210141,61560
68676,1372
128334,61558
192735,61560
72561,61558
176643,61542
212430,48574
186384,61028
212379,48574
240924,1370
192735,61558
167451,61558
183492,61558
183672,61542
186951,61542
228741,48574
171684,10652
64893,61560
173796,61560
194409,50716
25749,51974
164457,61542
183645,61560
210141,61542
173613,61560
154119,50720
72561,61560
225672,61560
64893,61558
68496,49888
154821,33886
188331,50724
203532,60978
206940,10652
208500,1372
68496,1372
154542,1304
178458,61028
189045,60978
208554,60978
209520,61028
61824,48574
219048,60978
183105,50724
232065,42132
157224,50272
234555,44302
60870,1304
211344,10652
172503,35732
223530,60978
236775,48574
208518,60978
178830,16358
211527,50274
211542,1304
226662,16358
203247,10652
207498,10652
234555,33886
62817,48574
208491,124
241389,33886
207828,33534
234156,48574
211344,33886
212220,61028
457455,50270
154890,60978
161403,30500
178830,61028
198867,61028
208872,60978
234555,11262
59691,60978
184713,1304
215112,50724
154032,60978
155100,1370
203829,61028
207219,60978
207498,1372
192714,48574
195582,1304
211527,60978
231663,60978
234555,60978
194601,35846
457455,1372
88821,1304
154008,1370
174468,33886
207498,60978
208488,10652
211344,30500
238878,11262
66924,30500
75723,16358
154821,1372
220269,36720
181110,33886
200364,60978
224526,49888
63867,60978
154560,35732
154068,30500
174468,10652
236655,16358
217848,61028
66336,48574
69060,60978
182565,53386
192771,60978
198573,10652
236655,35846
232065,11490
166128,42132
212442,35732
236115,60978
227664,1304
232452,60978
198882,61028
206514,56714
211344,50724
69060,30500
198945,48574
211542,48574
215112,60978
236973,60978
203088,61028
208626,1304
234120,1304
191232,61028
232065,16358
166128,61028
181110,60978
208491,61028
208575,33886
208740,33886
232452,1370
187101,60978
162603,1372
206937,60978
207588,60978
212586,11262
217002,61028
205995,10652
222438,48574
181110,10652
207387,33886
162810,60978
64764,60978
233040,1370
60882,56714
66054,60978
75723,1370
154881,60978
166362,30500
208341,1304
208566,56714
223968,35732
155403,1370
205995,60978
210129,1304
206760,60978
230286,60978
231663,48574
234555,56714
156225,11262
227664,61028
60870,1370
188961,1304
198945,60978
176403,60978
234156,60978
205959,39186
66054,54096
155100,60978
457455,50274
188730,61028
203055,33886
172704,61028
194601,51974
223518,39186
203184,48574
215112,50272
175809,1304
194601,60978
197802,60978
457455,57804
75723,124
206514,1372
206955,54096
157500,60978
183489,46632
211344,50272
238608,60978
66465,35846
204762,61028
206484,50724
204762,60978
64353,60978
156225,1372
198882,57804
59703,60978
211542,30500
162843,61028
194601,36722
154821,124
172587,35732
188847,39186
192159,60978
197286,54290
61908,11490
66465,42132
208788,60978
154032,30500
236655,33534
176403,61028
457455,36720
155403,35846
155403,48574
203166,60978
203184,30500
157224,44302
194601,50272
208554,30500
191226,35846
220632,48574
154032,16358
236766,16358
232452,16358
217002,44302
217002,53386
237765,48574
157500,50274
207618,61028
192159,33886
154827,11262
207339,60978
211767,16358
172035,61028
192771,61028
203868,60978
206955,61028
208347,50968
231102,61028
236973,44302
203181,1372
219381,33886
172503,60978
224526,33886
208545,30500
153072,48574
203466,1304
231282,60978
236766,61028
164457,1304
64764,56714
128526,61028
200502,1304
172704,50720
236655,42132
236115,49888
220269,61028
60882,61028
208524,50720
157938,1372
238608,1372
204141,35846
203133,57804
203178,60978
64764,30500
204144,50274
206433,61028
218265,1372
218265,48574
203700,61028
206940,53386
229737,1304
211344,50270
457455,44302
210129,1372
66054,1304
203871,60978
208788,3382
188937,61280
213885,36720
211683,1372
238032,54096
165927,42132
237057,39186
238293,53394
235299,62170
192942,39186
244731,54290
128604,10652
188700,16358
238293,61280
165726,42132
213885,62614
204519,53160
227829,50718
230286,62074
191232,50718
217872,1304
207828,53160
165762,42132
227829,62170
186177,62400
238377,62400
238263,10652
157185,62074
232827,56696
167316,62170
210234,62400
211524,50718
172035,50718
211761,1372
227829,35732
212640,1370
128526,56696
192942,50272
208692,33886
206856,59822
171939,53394
62817,48980
159033,53046
227343,35846
238032,124
244731,50270
191226,62170
183492,56696
199860,61542
248202,50716
204519,61280
188331,62400
244380,62400
198522,61542
178830,53160
230286,62170
225672,62170
208080,1370
211533,60
218265,34092
239247,62170
206448,62400
207105,61542
231144,61280
155403,1372
163101,61364
206406,59822
204141,34092
128502,34092
204189,59816
206367,62400
220269,55638
186384,62170
204141,62400
207996,62400
66777,62170
157710,11262
223518,1304
154245,59822
172035,1372
207828,62170
233970,62400
221115,34092
238293,32496
206784,33886
221115,62170
183492,50718
195447,62400
72312,52918
154743,59822
206850,50716
238293,53160
217848,61348
211524,62400
209073,59396
238572,61542
206346,62376
70890,50270
219420,62400
165726,1370
167316,42132
157185,10652
206868,10652
206955,62170
178830,59816
186177,62074
212469,62400
242442,35732
244731,10652
194208,61542
194904,16358
201852,61280
206358,62400
206748,59816
178830,62074
219048,62400
71766,48980
216498,62170
222204,62170
203142,50716
206955,50718
211527,62400
186384,62400
194208,35846
244287,61280
191226,62400
206952,59816
242388,42132
178830,50716
184950,39186
244479,1372
198867,57414
207144,39186
96138,1372
191232,62400
192771,39186
208812,62376
194883,124
206760,50718
241824,53160
246720,11262
62817,35846
217872,62170
232827,54096
157710,10652
238293,62400
153315,61542
194208,39186
208794,11262
153885,48980
172419,50718
206346,62400
219420,30500
242388,62400
191232,57414
206760,59396
206760,59816
208758,53160
206760,48980
224145,53160
204924,30500
210441,1372
244731,50274
204519,50718
244731,124
207222,53160
215112,61280
186933,53160
208758,62170
238377,33886
231057,39186
128526,62400
206952,61364
154032,50718
212379,62400
230091,61280
238032,62074
154098,62400
204189,59396
60864,62170
71409,62400
208347,50716
194883,61280
203646,1304
248202,53160
248292,62170
183912,59822
231876,53046
210810,62170
183459,59822
206748,52918
163131,62400
208812,62170
212397,50716
198990,35732
243546,62400
67764,62400
128334,44664
208692,30500
206856,1372
166128,34092
207150,62400
207219,62400
172056,55798
208692,62170
219381,30500
166128,10652
238293,57414
176607,30500
205959,62170
218121,53406
203646,11262
156486,50270
206475,34092
66378,53160
238293,42132
203058,55798
222669,44302
188685,59822
206367,57414
209697,48298
192300,56714
232827,1372
206367,50716
163101,59396
206406,34092
206958,62400
209697,62400
225351,61542
208080,61542
157185,39186
192771,35732
209625,39186
227829,39186
211533,61542
235299,62400
194883,62074
209073,59822
244041,59822
172419,59822
206475,61542
208347,10652
211125,50718
188331,1372
220269,54864
244731,61542
154245,39186
206955,59822
207096,39186
211533,59822
219420,10652
222204,59822
206760,61364
206364,61542
215112,59396
209625,1372
154032,10652
206460,39186
240939,61364
166995,61552
60882,61364
229737,61558
154146,33886
64959,35732
165717,61364
194883,61364
163032,10808
206460,61364
179790,48574
129135,61348
227469,50272
206952,44302
211047,61364
188343,11262
154146,34092
183450,35732
223104,33886
243954,1304
239577,61364
243954,11262
154011,61364
154434,39186
211047,61672
243954,50716
174513,61364
234018,61558
154146,11262
209697,61552
206958,1370
210171,61672
241305,61364
162795,61552
172503,61672
216108,50716
222906,61672
205905,1304
233961,61542
220170,124
217293,61364
203073,61672
212475,49888
61824,61364
206367,61364
212475,30500
72918,61672
162795,35732
154473,61364
203829,61672
226623,11262
65313,61364
191232,61348
180195,48574
174513,61672
174513,39186
206952,61552
177474,1304
157224,39186
226623,61672
154146,39186
205959,61672
156063,61552
183450,61542
197286,61364
209697,50970
212475,33886
210171,50716
241305,61542
212112,50270
203454,50716
208449,61364
211527,61348
154011,61348
194424,50716
219450,61364
206496,59816
183450,61672
229737,61672
191223,61364
206484,61364
172419,11262
238263,30500
155556,39186
157224,61364
194424,56714
206484,61552
72930,59816
203274,61672
230091,59396
88821,11490
208722,62944
62817,54096
233163,63510
188331,59394
245976,62074
62817,63218
208482,63510
208722,63218
167256,63188
211533,63510
247986,35732
250434,63510
203328,52918
251610,1370
250947,39186
183492,11490
181662,10652
185067,57414
236655,63510
184113,62944
253098,1304
253098,1370
184113,50718
203295,63218
149634,57414
198534,56714
203316,33886
251610,11262
161787,57414
198210,63510
211533,39186
230091,63188
248250,63510
183492,63510
209880,30500
220632,57414
210408,56714
247986,63218
233163,33886
246150,35732
243408,33886
198210,63188
220632,63188
154167,63418
230091,50274
165726,11262
184113,10652
247986,33886
165726,50718
457455,59394
221526,35846
72900,63510
153084,62944
211047,63510
250947,1370
198945,57414
184950,35732
65058,57414
198945,1304
204795,63510
215247,56696
208491,50718
165726,10652
211683,10652
221331,52620
160029,63510
186078,63510
25743,63510
250947,63510
181203,1304
64959,63510
188844,63218
215247,52918
230091,62944
184698,63188
165126,1304
203316,63218
154146,50718
154167,63510
188265,30500
203295,63188
210408,1370
171939,1304
208722,59396
230091,50718
64734,63188
203316,1370
242556,63510
204795,63188
230091,63510
233163,61280
208806,34092
253098,11262
230091,59394
208545,50718
208806,57414
198210,30500
72930,63510
210408,57414
211533,62944
171939,63188
184113,63188
188844,63510
158610,62944
194904,3382
243390,56714
206439,30500
238875,124
153084,63510
242439,33886
160029,50718
221331,53386
227292,61364
229521,62074
195378,61364
208788,61280
216366,54096
203889,61542
206637,61364
195378,59816
210234,61672
154740,48574
206646,48574
154890,61364
183213,53406
153024,61558
216366,11262
153867,39186
153204,61542
229521,34092
207618,61558
153813,61364
227310,39186
206988,59816
176403,36762
65052,61364
156489,61542
208788,61672
241389,61672
192144,50716
241389,61364
208476,61280
217494,61364
223518,61542
183387,60522
208476,61364
206988,61558
156489,61364
210045,61672
207396,61558
241329,61364
183387,50270
208761,61542
208722,57804
203574,61542
223968,61364
208788,61364
157767,61364
197835,61542
206988,61552
210045,61542
230286,61280
227292,61542
242151,50270
208554,61542
223776,44302
203796,53386
203796,63136
244404,56714
25749,59394
199044,11262
128901,63188
194904,56696
204795,62944
186447,62944
215112,62944
191232,62944
244404,62944
203094,35846
203502,63540
222306,59394
154551,50716
205905,62944
238263,62944
157500,62944
188730,32496
211524,63136
239247,63360
183213,62944
211524,59396
250782,1304
129135,55798
234297,59396
154008,56714
159831,50716
250434,62944
208209,50716
222306,124
238572,1370
181371,62944
194904,63136
250434,63360
225393,59394
204375,63188
232614,34092
249216,63188
184950,50716
187707,62944
229521,54096
162603,63188
210168,10652
238068,35732
250434,39186
203178,48574
71766,61672
196845,62944
210627,57414
224145,33886
250782,11262
193323,54096
226848,61542
203796,62944
216498,39186
244404,10652
179496,50716
201798,50716
205905,33886
206607,50716
211542,61542
217494,39186
231663,61672
240990,56714
244404,63136
250749,48298
64218,63188
188106,62378
196302,63188
211524,62944
218265,11262
243927,54096
196845,59816
227310,61364
153048,63360
244446,11262
249207,54096
249795,50716
223104,59816
154374,50716
250749,62944
203259,50968
240852,62074
188106,54096
194904,62944
206439,50716
154167,61348
250749,11262
60864,61542
183675,61364
206607,50962
201564,59394
244446,1304
210168,11490
209622,61672
243927,60522
56868,35732
61899,61672
162603,61364
236115,63136
183492,59822
191238,50716
194904,33886
191316,61552
222894,35846
215457,61542
221196,61542
201852,63186
203199,11262
208722,61542
208761,35732
232827,61542
201852,11490
232065,36720
242556,49888
251643,35846
216948,59816
167316,34092
88821,48574
210978,48574
211548,48574
211548,50274
198882,59822
235191,11262
72117,57804
215298,61364
231459,11262
154098,61542
210981,48574
206451,1304
251169,11262
182442,63188
66378,62074
244173,34092
196845,59394
210816,1304
191553,57414
203502,62944
205815,63188
211548,61542
233970,62074
153204,63188
250749,1370
212220,61672
201852,63360
250749,39186
209796,30500
210627,1304
231102,39186
249930,62944
154485,61672
194904,59394
206514,62944
246627,1370
191247,59816
211548,61364
215112,61348
215298,61542
210168,35732
154434,48574
65640,39186
128901,63360
188106,34092
236115,44302
153600,48574
207222,62944
165744,61364
207996,48574
162843,35732
211524,63360
167571,48574
217782,59816
166005,61364
216108,61672
212478,61280
241305,48574
68496,61672
223401,59816
217002,61558
203256,61364
234120,61542
187806,36762
241263,61542
241305,50274
243954,1370
129135,34092
184509,1304
203199,61364
240852,50716
61824,61542
246858,124
172419,49888
206451,62074
209796,49888
66843,62944
154098,16358
186882,61280
211683,50716
216981,11262
226623,62074
246963,16358
167316,59822
157224,59396
235191,33886
239577,61280
212469,63360
238572,50718
208572,34092
214998,36720
228315,61364
216981,57414
222750,30500
155052,61558
208350,33886
183492,62944
206349,39186
207150,62074
249795,1370
194082,62944
194904,35846
212478,50716
196302,50716
238572,62074
217782,11490
157224,59394
199860,59396
203112,49888
222306,10652
225501,56696
242442,63360
244404,54096
216981,10652
25743,63188
154113,50716
203796,61280
210168,61280
249207,11262
188730,59396
246963,59396
187707,54290
244287,48574
232035,59822
154167,53406
162843,61672
165762,59816
194904,59822
201798,59822
203166,50274
238572,63188
217002,39186
233970,61672
241305,61672
183450,34092
186447,50718
244404,63360
208209,56714
242442,62944
154797,63188
208524,10808
206418,59396
222669,63360
238293,61542
243927,61364
212256,61672
228024,63188
172503,61542
203502,33534
223728,63188
191316,61542
210876,61672
61824,61672
162792,11262
203256,61672
61824,59816
186174,63360
234972,63188
223401,50716
154551,62944
201564,62944
214968,50716
217782,57522
220269,62944
238263,62074
228315,61542
183450,63360
199860,39186
203502,63360
222306,62944
231102,50718
246150,63360
194904,63360
203796,63188
227469,63360
242442,63136
249795,30500
166005,61542
250434,49888
128502,56714
232035,61364
214998,10808
238293,59822
211683,48574
208536,30500
61824,30500
163482,49888
165744,48574
223401,48574
244278,34092
72117,34092
208350,61552
228315,34092
203256,61542
61899,59816
210978,60522
223104,61280
62817,60522
183195,60522
155106,56696
224211,56696
206421,61280
242439,39186
223518,53160
63876,56696
154494,39186
214998,56714
183195,50720
216309,57414
216309,1304
162810,55798
212586,53160
232665,56696
236823,1370
239508,35732
65058,62376
158610,53160
212586,55798
154119,56696
247983,55798
63876,39186
216309,10808
206481,30500
153150,1372
161283,50716
234021,50716
247029,56696
148782,57414
154167,62614
206664,39186
217620,57414
236823,1372
247983,61280
148782,10652
210627,56696
227223,52918
241824,50716
154743,56696
166437,39186
242610,50274
206667,56696
236226,62170
206637,50718
241824,39186
206673,33886
247983,57804
216309,1372
222711,10652
247983,50274
65058,59822
198945,1372
239508,30500
187395,39186
236823,10652
156024,50716
247983,34092
156024,56696
198945,33886
198873,50716
153204,56696
210840,42132
210234,50274
248301,34092
248301,50716
247983,42132
62337,50270
212550,53160
216309,53160
245826,11262
244065,56696
154476,50716
153024,56696
166437,54096
242409,1304
186987,56696
246804,11262
206637,50270
216309,1370
206823,39186
156024,61280
162843,42132
223782,50718
158499,56696
233559,39186
206646,39186
204144,34092
236226,50272
242439,50716
241329,56696
240918,56696
154740,56696
172590,1372
206346,61560
206943,61558
203673,57804
72117,61028
207993,61542
172590,61028
212448,61558
153867,33886
203106,61552
231057,61028
153675,11262
211638,1372
212448,61028
203673,61552
229620,54096
183213,61560
153675,35732
175239,1370
222843,61560
163032,50274
210633,61542
183213,61558
187743,61542
172590,35732
161208,54096
178068,62376
204657,62274
235932,50716
201852,44302
208524,62618
25749,48980
183489,62274
246627,39186
183912,62376
213513,10652
242556,62274
88920,50272
175809,62376
172161,39186
198573,54096
202959,59822
182295,39186
210978,35846
188844,59822
202959,55798
203451,1370
208491,62274
211632,11262
229341,61558
235932,10652
231144,124
244644,53394
240918,62376
206304,39186
211965,62274
242505,11262
185067,62274
203388,39186
242556,62376
153072,61558
213513,39186
231144,53160
65577,57414
154881,10652
184635,39186
208518,1304
246216,1304
200964,48980
208758,62618
241263,1372
207390,1370
246963,50274
154167,42132
207600,1372
208554,62376
208812,59822
224526,59822
246054,35732
153645,62376
154881,39186
246054,62376
195723,39186
220095,59822
224280,34092
232035,53394
203868,57414
246627,54096
172419,1304
203073,39186
165915,57414
176403,62614
218061,57414
228687,59822
158016,10652
197595,62074
172419,62274
175293,1372
183105,48980
208518,50716
232410,62074
171372,59822
186174,48980
232614,53160
184635,57414
202959,49888
203388,57414
244731,3382
61305,59822
66033,11262
165132,39186
69249,30500
246627,62376
191553,59822
230178,10652
203820,62376
155556,62376
209184,62376
155097,35732
196722,61558
201852,32496
230178,124
189012,39186
238536,10652
187962,54096
65577,50716
208761,34092
155097,39186
211965,53160
77484,54096
184635,48980
212220,62614
226623,39186
219030,1372
206838,59822
208758,16358
224280,62376
67056,62376
193323,62274
241824,62074
208899,62376
201852,62274
244644,34092
246963,48298
196845,62618
208554,59822
227973,50716
230073,39186
186174,53394
193911,1372
129264,1372
186174,51974
203706,61558
211632,10652
203439,62376
208092,50270
222906,63188
156057,57804
243789,35732
203796,54096
211533,50718
234030,1370
204522,63188
249579,56696
208092,53160
249795,1304
232452,35846
206760,63188
248061,10652
172008,1372
198210,50718
230028,63188
155097,53406
208092,53386
219132,1372
203256,50272
212220,63186
243789,11262
233163,32496
215247,48298
203178,34092
249513,56714
249795,11262
204411,50270
222306,44302
246150,10652
65052,50716
206760,63186
208506,50716
249579,1370
172008,57414
183459,50718
203151,34092
203796,53406
210120,57414
198882,53406
222306,53160
196311,56714
208092,36762
208092,52918
154797,50270
187806,53406
128538,50718
206760,62074
222306,50270
184509,50716
208092,36720
179700,57414
210120,1372
65052,50718
172008,1304
188196,11262
66336,53160
249513,1304
208092,48298
202818,56696
192300,62170
192564,53394
188787,50270
232656,57414
163377,50716
177951,39186
231663,57414
203184,1370
203241,50716
203733,53394
211407,62074
242505,50718
184104,56696
208449,50718
203166,53394
232656,62274
64959,57414
153720,63188
208812,10652
249981,1370
203445,1304
208347,33534
208692,44302
61305,50716
157080,11262
203280,33886
153792,57414
194904,50272
242412,56714
249981,57414
208881,50716
153792,63188
182292,34092
208575,34092
227973,1304
249981,44302
61305,1304
242151,59396
161526,56696
211683,54096
65577,53394
238032,53406
242412,30500
154146,56696
208341,32496
242412,59396
208341,53394
171939,30500
154740,1370
250344,56714
163554,54290
249981,39186
64845,50716
210168,56714
249981,54864
250344,1304
203082,1304
249981,53406
223782,57414
249981,62074
229527,63188
249981,10652
64845,33886
72645,50716
205947,49888
204228,50718
249981,54096
196845,51974
196845,53406
229527,10652
61305,11262
213885,56714
203082,50718
203184,35846
211761,35732
249981,59396
249981,63188
234156,34092
206991,39186
61305,54096
210168,53394
163554,50272
227973,39186
227238,11262
153072,50716
203055,61542
72483,49888
66378,61028
220047,10652
153813,42132
66378,50970
217848,57804
203082,124
181101,50270
212475,56714
234018,44302
206868,61364
205821,61364
193323,61348
204519,1304
61215,30500
181101,61552
67740,11262
154119,1304
208722,61364
56868,11262
210882,49888
173613,61364
154167,53386
179088,11262
203574,1370
192942,61552
204189,11490
225747,1304
230331,61672
203574,35732
210441,11262
204189,61552
198792,61542
206868,61552
232656,56714
212112,3382
230331,61364
128526,61672
186177,61348
203166,61364
212379,61348
184485,35732
172035,56714
235932,61364
156486,61552
166356,35846
153885,61348
188100,61542
203670,61672
223089,51316
172035,11262
220047,50716
208524,36720
221526,124
224169,61364
206439,61364
210441,1304
129135,61364
183492,61348
188844,50720
210441,33886
223554,50716
216033,50720
232065,48574
236655,50720
155097,48574
234297,50274
192564,61364
209073,61672
166128,61364
206637,1372
208599,61364
153999,48574
206361,30500
207102,61028
203574,1372
67740,35732
204189,48574
229527,61672
212475,61364
158274,61364
163101,61672
209073,34092
187101,50716
203295,61672
66777,61558
238377,35732
211632,48574
242430,50968
153084,61028
61215,11262
205659,61672
172161,59816
208722,50272
239577,48574
204411,61672
209094,54096
222669,61028
210168,61364
196845,50272
56871,61364
66378,50968
205995,61542
64353,61364
203133,44302
204780,61672
208722,61348
209073,35732
187806,37644
232410,50716
216033,61364
72483,61542
203082,33886
225276,1372
186933,50272
187797,61542
193323,50720
210876,61542
238572,35732
188844,1304
205905,48574
210882,50716
193323,61364
220047,61028
203661,61364
210882,61542
213114,10652
212640,61542
213978,51316
194229,61028
232065,10808
232410,44302
191232,10808
212592,61558
212592,124
61977,61542
182292,35846
232269,61542
212592,61028
206406,61028
154797,56714
212592,61560
212592,50716
191232,61560
208080,54096
128526,61560
231144,49888
203112,1372
208347,61542
77484,61552
207828,50274
128526,61558
155097,61560
218673,48574
155055,49888
166356,33886
155481,35846
173667,50970
208080,11262
203112,61542
211407,54096
227238,61542
154803,11262
242439,61558
75723,61552
187101,61028
218958,33534
218958,61028
212232,44302
166356,11262
155097,61558
166356,61560
77484,61560
212232,50272
212232,50716
212232,50270
64299,10652
187386,32496
218958,54096
212232,10808
72045,50270
235458,11262
201852,59822
191316,39186
172035,57414
183789,30500
234864,57414
217752,61542
203052,61542
234972,61364
203178,52918
215517,61364
66924,124
205659,52918
234972,50716
96444,59822
184104,33886
183105,59822
231162,62074
224280,48980
244065,33886
164661,61364
229527,60522
243477,61542
157938,59822
203736,35732
225012,57414
244446,57414
227973,35732
229527,57414
167316,39186
219021,61364
205812,30500
67056,61542
212112,59816
191316,59396
155097,59822
230178,61364
153309,61364
176403,62376
207390,59396
212337,61280
227973,62074
203259,59396
176577,57414
207243,61364
203724,59822
176577,11262
172008,39186
203214,11262
227973,10652
243927,57804
176577,39186
205659,61364
153048,61364
189009,61542
218061,39186
61692,61364
164661,62074
237675,39186
177951,61364
208341,61348
242409,1372
176403,50970
184104,62074
243477,61364
182295,30500
167316,62074
197802,61280
203301,59822
209697,59822
235458,61542
172035,39186
203820,49888
164661,61542
197802,61348
242409,57414
157938,61364
239115,61364
203829,61364
241263,59822
159330,62074
244065,60522
239115,61542
191316,50274
235458,61364
242505,61542
244065,30500
203445,35732
80925,60978
153084,48574
210585,60978
61353,1372
183195,54290
203445,11262
210585,35732
188265,11262
179496,60978
172704,50724
173667,50268
156063,16358
183366,1304
224526,35732
61908,35732
198279,50270
223401,11262
197673,35846
155556,50268
80925,1304
154383,35732
212337,46632
181662,60978
183366,11262
211548,60978
222225,50268
154560,30500
153885,46632
231144,36722
157767,46632
203445,33534
191232,46632
188685,35732
194883,33886
175293,39186
187962,60978
223401,10652
212592,60978
234129,35732
184863,54096
153072,60978
204519,50274
177474,11262
197286,46632
212211,50720
177474,1372
183366,35732
184863,35732
173667,35732
217782,46632
153888,39186
222225,35732
155556,50274
211407,48574
239508,11262
175293,35732
231225,56714
237252,33886
207396,60978
236490,35732
72558,10652
222225,11262
153312,60978
208575,1370
181662,39186
155556,60978
179853,60978
179853,1372
198279,50272
208821,48574
175293,10652
206343,39186
206367,39186
212211,60978
207156,30500
72558,60978
154383,1372
235191,35732
238827,50720
187962,35732
208503,60978
208893,33886
249411,11262
249411,35732
206364,50270
154743,1370
205662,34092
211524,56696
235335,50718
179838,50718
205665,33886
198552,33534
208821,11262
249411,30500
139272,54096
220269,59396
249411,39186
208821,50718
249411,56714
194790,55798
244404,57804
225012,56696
249411,62274
225012,56714
227988,63188
242439,53394
188844,63188
222906,10808
244404,35846
249411,56696
208488,56696
205662,56696
183492,50274
203322,39186
241305,54096
220713,16358
247374,34092
220269,63186
205722,1370
180672,57414
249411,50716
238068,63188
249411,57414
238293,62274
166128,59396
183468,63188
204411,54096
247374,50716
235335,54096
225012,50716
240918,62074
242556,124
187797,10652
201564,10652
207822,10652
203259,42132
208491,50720
222540,60978
153348,42132
207390,60978
212430,60978
61353,10652
238875,61028
96444,35732
153048,1372
183105,36722
209829,30500
230073,50720
208758,61028
227469,30500
208788,61028
210186,46632
61908,50270
229536,56714
165915,60978
207216,1304
227670,50270
61908,1372
206823,1372
222204,61028
128538,54096
235335,48298
71766,59822
221526,33886
208491,60978
212430,61028
208347,60978
186177,1372
235335,60978
230091,61028
192756,60978
207216,61028
166005,60978
68568,60978
186657,16358
139272,61028
207996,60978
230073,46632
96444,60978
210690,1372
188196,1304
191229,11262
222204,50270
229977,61028
210690,39186
67740,61028
96444,61028
225747,30500
181662,61028
206847,35732
154119,10652
221331,33534
225747,49888
217782,50720
230010,48574
240918,10652
155481,35732
209976,60978
210882,1372
203145,48574
222540,1372
211815,61028
207996,61028
212112,35732
228024,60978
72558,44302
211815,42132
222540,11262
240918,1304
157767,61028
230028,44302
230073,60978
177921,1372
217848,50270
222540,1304
198873,50270
210186,60978
230073,50724
192159,1372
203058,1372
183105,37644
66843,1372
213114,48298
186951,1372
213102,61028
175878,11262
178830,60978
199860,60978
224145,61028
201564,60978
62337,61028
165915,48574
206745,60978
62337,60978
67371,11262
203889,60978
225747,61028
67371,60978
203259,61028
203058,50270
208488,61028
212337,48574
235335,50274
208872,48574
206847,10652
207222,57804
212571,60978
238068,39186
175266,60978
207390,35846
192300,61028
208599,60978
218061,1372
229263,61348
242856,53046
157500,10808
153141,1370
210234,50272
213114,50270
156339,50716
212892,61364
225480,61672
197835,54096
203175,59816
243081,39186
242856,11262
243789,48574
227988,61364
203175,16358
205659,39186
181662,61364
184605,44302
242856,54096
243546,49888
230286,44302
242439,1372
243789,54096
153744,11490
210834,61672
243546,1304
243789,44302
205659,50716
211989,48574
237057,33886
186327,124
208521,61364
208521,61542
156339,35732
202638,35732
203784,61542
225480,11262
230286,50270
153744,61364
186177,61552
242856,33886
208788,53406
203517,61542
210795,61364
242856,50970
237765,61542
242856,61364
206847,61364
171702,30500
203517,61552
203784,61364
128502,54290
203700,61364
208503,30500
165132,61364
172695,50716
153141,61364
242856,35732
203517,59816
238293,61364
243081,50716
232665,1304
128526,61348
202638,61364
210690,48574
211383,59816
224280,35732
60888,61348
210795,39186
196311,59816
155055,61364
232035,39186
161667,61672
194409,54096
230010,61542
188937,39186
210882,61672
72045,59816
206478,61672
156339,61542
208503,11262
171939,61364
242856,30500
229977,39186
65577,48574
188937,61672
243546,50270
60882,39186
181662,61672
186177,48574
210795,61672
61215,1370
210234,61348
243789,61364
222306,48574
238293,61348
229263,61364
183786,61672
60888,59816
183105,61552
210981,61672
210111,61364
242856,61672
238572,39186
198522,30500
191451,33886
204243,50716
245826,61558
156024,10652
211533,62618
225501,35846
232269,59396
246042,33886
182565,62376
212475,1304
206940,62618
156024,33886
207222,61558
128763,61558
157224,62376
61482,61558
212595,34092
206484,56714
165750,50716
246963,53160
154167,62618
203088,1304
192159,34092
194424,49888
60864,33886
64845,62074
203775,1304
206940,32496
174195,35732
192159,63188
218121,63188
64959,11262
203811,50716
156024,39186
202818,62944
207330,56714
194601,57804
210168,49888
246099,1304
211533,63186
199854,63540
178830,59394
199854,49888
154041,61558
204522,11262
244680,124
248250,33886
154119,50274
194601,62944
205905,10652
183105,63186
187839,10652
184698,57414
128901,61280
186657,62618
217872,1370
60888,35846
156057,59394
242442,59396
128526,10652
163131,62074
174513,61558
219048,63188
188637,61558
204717,49888
60888,62618
210186,57804
216108,49888
206484,42132
174195,11262
199854,61280
195771,61558
246963,10652
192564,63186
204717,16358
199854,62944
250020,11262
72561,63188
203274,62074
206457,39186
203829,63188
204762,33886
156057,63540
250020,50716
205905,44302
199854,59396
207222,62274
208341,62944
246963,53394
208575,62944
210045,10652
154146,30500
154146,61348
184698,50716
203829,49888
204717,1370
198522,39186
246042,62618
157398,49888
250974,57414
61908,39186
203277,33886
203820,63188
207330,57414
212283,35732
207600,49888
204717,50716
246099,62274
154041,30500
175815,59822
244479,50716
233814,11262
165762,62376
212595,39186
209622,59822
154098,62074
199854,33534
250974,63188
234555,49888
128526,39186
178830,63186
207147,39186
250020,62944
202638,56714
165744,35846
204717,39186
205662,62944
183666,39186
186990,56696
211947,39186
250020,63188
186990,57414
196722,56696
183105,62944
199854,52918
156057,10808
157398,30500
195771,63188
157398,63188
203673,59396
178830,62944
203241,10652
211533,63188
194883,59396
210129,61364
210810,61364
206979,61542
208491,61364
208482,61364
242151,44302
208788,61542
62337,61364
164541,10652
175266,62376
208503,10652
242439,59816
166029,62376
64299,61364
200502,57414
231459,61542
186177,39186
212475,35732
212475,10808
186177,57414
203328,49888
204519,56714
221526,62074
186987,61364
153438,62074
237300,61558
221196,35732
77484,50274
242412,62074
197286,48980
164064,61364
72918,62074
237300,124
204243,61542
154404,50718
205722,1372
216648,10652
72558,61558
216648,50718
204480,61542
203181,35732
227115,61364
72918,61558
209994,1372
244878,59822
171702,61542
56871,39186
196455,50716
203511,30500
231900,62074
244092,61542
62337,60522
217494,33886
221526,61364
197286,53046
232410,34092
163044,48980
188844,62400
210882,50718
231708,61558
242856,1372
208539,61364
56871,49888
242412,61364
208545,59822
210810,61542
194718,61364
208515,59816
218673,10652
75723,48298
88821,52918
177672,59822
226848,11262
203511,35732
208899,62074
244404,61280
210834,35732
183213,62400
203256,59816
164541,61364
165132,10652
203058,61558
205728,50716
243927,59822
179853,55638
211965,50968
183213,53048
210834,62074
192159,61558
194229,60522
203673,61558
208560,50716
242412,61542
156057,62400
210834,60522
208572,59822
242151,61364
154404,11262
186078,50718
194424,50718
165762,34092
211407,1372
235335,39186
192564,50274
62337,61542
203328,50716
243927,62376
211965,34092
244731,16358
188844,61558
208485,61364
165132,62074
204780,62400
206376,50718
205728,10652
206376,62400
208560,1372
221331,62400
210882,61558
203184,1372
203829,62400
210882,59816
156057,62074
208539,59822
72483,34092
203511,57414
210678,62376
219450,62074
244731,62074
88920,60522
205905,61542
154404,50716
192159,62400
211965,53046
211533,59816
186174,34092
179853,54864
217494,1372
232788,61558
72918,50718
224526,61558
205722,61542
244092,59822
197529,59822
211533,62376
217782,48980
183921,35732
211749,61280
243927,62400
193911,35732
64845,61542
204657,62400
179853,55632
203268,35732
203517,61558
205722,57414
163044,50718
210168,57804
165132,50718
212892,62376
212721,62400
242856,34092
194718,35846
128538,59816
235191,57414
224526,62074
229539,61280
242856,56714
192159,59822
244731,60522
203871,61542
206346,60522
211413,61558
211413,62074
242856,62400
64845,1372
222750,62074
217782,60522
196455,57414
249342,33534
159831,63188
231144,1304
156063,11262
210627,63188
219450,124
247974,53160
249579,35732
224211,49888
236226,63188
153312,50718
249342,53386
154167,50718
157938,49888
249342,44302
249342,57414
210627,39186
187797,50274
249342,36762
249342,51974
250947,35732
210627,10652
210141,50718
249342,10652
224211,10652
231909,57414
249342,62074
238608,53160
249342,35732
187797,63186
184674,62376
184674,57414
183666,62074
231144,63188
163131,50718
128901,36720
203454,62378
232827,61280
159033,63188
235335,53160
237057,63188
163482,30500
72930,63186
249342,57804
231225,50718
67740,10652
247878,1304
249342,50718
173796,63188
220218,11262
194790,62376
206811,50718
249342,52918
247878,50718
225987,63188
247878,11262
198873,53160
157398,1304
209073,62274
198873,53406
201030,50716
210627,59396
232827,44302
249063,63188
249342,3382
72117,10652
247878,56714
212721,48980
128526,63186
243408,50718
229536,50720
249342,124
66843,63188
229620,59394
249342,59396
249342,36720
231144,35732
210120,56714
224211,32496
208449,63188
231144,57414
249342,16358
210120,63188
154167,10652
249342,54290
64893,63188
210627,44302
249342,48298
249342,48980
163482,61280
207828,50718
206616,1304
246963,63188
187659,59396
206811,50716
249342,32496
249342,50720
205659,53406
212721,50718
206745,50718
249633,63188
207240,35846
69249,49888
179496,63188
154827,30500
210120,11262
183492,53406
249633,30500
65577,39186
210615,42132
206847,50272
203166,49888
154827,1304
189012,62170
184113,39186
157854,53406
154119,11262
208479,30500
129081,50718
179496,50718
206646,50716
188937,57414
211524,50274
203268,63188
184113,35732
217848,56696
154821,63188
203829,61280
242412,50718
196722,30500
217848,53406
186384,50718
203247,56696
210120,53394
161787,62170
203166,61280
206637,48980
25749,53394
157500,48980
154119,30500
209793,60
184113,30500
203268,56696
206076,10652
203829,1304
206358,10652
188637,44302
217848,16358
61935,32496
155043,63188
197595,30500
223530,57414
167256,53394
244173,50718
206514,50716
184485,53406
203058,50718
208524,50718
184104,35732
184104,10652
206376,53406
217848,50272
184104,53394
208479,33886
188844,56696
212256,62376
248250,50716
154740,1304
154821,53394
184113,44302
186933,35846
212256,33886
208476,50718
72045,53406
203214,1304
242412,63188
175266,63188
219048,53394
457455,34092
154797,61280
206847,61280
157854,56696
186177,53160
191451,53160
222906,53406
159330,35732
208692,63188
207219,34092
184698,59822
61935,63188
186177,10652
163482,50716
206847,44302
249342,53160
250434,53160
222306,57414
231162,33886
227616,62074
229527,63186
171702,50716
209799,49888
249342,61280
210981,53160
208080,1304
212445,32496
71766,62274
183195,61540
247989,63188
249294,1370
183195,50272
163482,33886
184698,62170
187101,53160
187224,1304
232029,1304
233961,59822
187224,59396
183921,63188
188730,53160
231708,63188
187224,34092
217002,63188
247989,53160
203502,59822
247989,59822
172719,62074
171939,57414
219132,63188
72561,10652
184950,59822
249216,56696
238878,59822
159330,53160
222306,63188
218958,50716
209799,53406
249342,53406
213102,33886
233961,11262
218958,10652
223782,63188
159330,11262
203310,63188
204411,55798
204411,63186
72558,63188
128469,59822
165183,63188
216366,35732
222906,53160
71271,32496
201030,57414
203310,57414
206868,50718
248706,11262
211473,59822
248202,57414
191451,10652
244680,59396
237195,63188
72918,59822
187224,48980
165927,62074
72108,62074
210114,60522
158610,62074
206358,61558
211524,57804
220269,61348
224208,50716
227829,61558
242388,61348
203784,39186
208509,61542
155481,16358
183468,35732
191232,62074
212220,61558
192756,61672
225669,62074
224787,35732
197529,59816
206418,61558
212220,34092
217380,61558
236520,36722
164064,34092
212475,48574
172704,61280
224208,61542
167256,61364
194208,61558
164064,62074
210114,35732
207096,61558
220269,50270
181704,61364
184698,61542
128901,50968
207399,61558
181704,11262
222894,48574
166002,39186
209793,61558
228024,35732
244380,35732
128526,62074
206421,62074
165726,59816
207222,62074
238068,61542
233970,61364
222894,11262
60864,61364
234156,61558
192618,35732
66378,61280
167256,49888
165726,61364
72645,61672
179838,61364
203784,35732
207828,32496
225393,62074
206460,61558
207144,61558
236115,62074
207999,61672
211476,62074
224145,32496
207828,62074
161403,62074
165762,57804
165684,35732
207102,35732
207102,62074
216822,61364
209793,61364
212283,61558
207144,48574
129135,50270
172704,61672
179853,53406
165684,61542
212505,62074
198801,62074
203181,61364
227295,61672
181110,36762
234156,61542
179838,61558
194082,61364
216108,62074
61344,61280
193965,34092
61692,50272
230178,60978
154374,60978
187707,61028
72117,60978
210051,60978
64353,48574
212211,1372
212211,61028
188844,61028
192564,60978
234018,48574
211383,61028
210168,61028
206964,35732
206955,48574
210633,48574
61692,50270
183789,60978
194409,61028
207600,60978
154374,35846
187962,48574
65577,50720
206673,60978
207339,50274
225672,61028
211527,61028
230178,1372
162960,33534
207222,61028
208341,48574
200964,60978
203700,1304
128502,60978
216309,61028
173796,48574
233163,50274
210168,124
162960,11262
186990,48574
215298,60978
196845,46632
207087,50270
205191,60978
234018,60978
207267,60978
61935,1304
223104,60978
188343,35732
224211,62170
244005,62170
215247,50274
179853,53386
64860,57414
204189,48980
197286,62614
154167,35732
187974,50716
72561,62170
206481,36720
207243,53160
249063,34092
167364,57414
248373,50270
71274,57522
167364,62170
245976,1372
176319,53394
155055,35732
188700,53160
247134,50270
242409,30500
242571,53160
204375,50274
242571,53394
248724,1372
187806,50720
203517,35846
224925,57414
248373,57414
204771,56696
242571,62074
193911,56696
64860,1304
155106,35732
204375,44302
64860,39186
204375,50270
155055,11262
167364,62376
208518,50718
208518,61280
205659,56696
188787,61280
232410,10652
204375,54096
242856,48980
167364,55798
242856,53386
155052,11262
206952,33886
249063,11262
203811,56696
207600,56696
71274,53406
164640,1370
155106,35846
197286,53406
248373,54290
242856,32496
181101,35732
210876,35732
204189,50720
129264,50718
209994,50716
154275,10652
206952,55798
231708,50716
56871,53160
196455,53046
227115,57414
230028,57414
249063,1372
173667,53160
215112,52918
196455,53160
203181,35846
204375,61280
208881,3382
232452,54096
248724,10652
248205,50270
249063,35732
242856,50274
72561,50716
64353,50718
154275,50270
206667,61364
206664,50716
154119,59822
216309,61364
228753,61542
206667,61552
206667,62074
244731,61552
235380,48574
183213,60522
244731,55638
164541,61542
154707,62276
235458,50716
206664,44302
167364,62276
154713,50716
209970,61558
197286,52918
158742,61364
243981,61364
206763,10652
77484,61364
129153,61558
206670,62074
154713,61542
164457,35732
184113,59822
212505,61558
154713,57414
223968,16358
244731,57522
244731,61348
243981,61542
206664,30500
128334,50970
187707,49888
190113,50720
176577,1372
186174,61560
203280,61672
203445,61558
240912,61672
155052,61560
203736,61542
203796,50272
208488,61672
210690,61560
205905,61560
227238,48574
225747,61560
211950,61672
205947,61558
157938,61560
208488,61560
203724,61560
203736,61558
203829,50970
208566,61560
211950,49888
203733,48574
208476,50720
194601,61560
237675,61560
203256,61560
217494,61560
69249,50716
203256,61558
236115,61672
184605,61542
184605,10652
219021,61560
212586,50720
208566,61558
225747,61558
211533,61672
232035,49888
64218,61560
158685,56714
61899,51974
203274,61560
207339,61672
224841,61560
203445,48574
229341,61560
210114,49888
155100,1304
187650,11262
184605,61560
207999,61560
164064,61560
66915,61560
241218,1372
242151,49888
197835,50720
206361,61542
203829,50720
211344,61560
164007,48574
197802,61028
203280,61558
236973,50716
154953,61560
205947,61560
211542,61672
225396,61542
241218,48574
208566,50716
184710,61552
207339,54096
211542,33886
210114,50270
88920,61560
186987,61672
203271,61560
204780,34092
198882,61560
208476,61542
187650,50716
64218,61552
155097,50716
224841,61558
232068,61558
203706,61560
203733,61560
204375,33886
207339,124
232068,61672
242151,42132
61692,42132
196722,61560
241218,36720
205191,61672
183468,50720
205191,61560
172704,54290
232035,50720
236115,50272
213885,37644
207156,61542
25743,61364
186933,61364
175266,61364
226848,30500
186933,53406
206355,61542
72117,61542
209073,61542
179838,48574
231663,124
165726,50716
235299,62074
188937,59822
213885,59776
209976,61672
235299,61364
187974,16358
206613,35732
207330,35732
165786,30500
63582,59822
224145,61542
213885,48298
67764,44664
198867,61552
206418,61552
167136,35732
186882,59822
162795,61558
183195,61672
206955,10652
181149,61364
192618,62074
204144,61364
186933,10808
179838,59816
206613,50716
209073,33886
64299,61558
206358,62074
184488,61280
209793,59816
181860,62074
192618,61542
187806,59776
207999,61364
191892,10808
244287,61364
197802,54290
166995,124
166005,59822
206868,59816
206955,39186
187974,61542
211527,48574
234093,59822
206613,39186
209793,61552
199860,35732
235335,10652
212721,34092
171702,57414
219132,57414
244731,51974
219021,50716
224526,57414
249081,34092
208806,1372
211407,57414
234972,42132
172419,57414
233163,50270
181662,62170
210981,62074
235335,44302
244731,48298
75723,50716
176472,62170
162810,51974
205665,50716
249081,10652
172419,53046
249081,44302
235335,124
72930,36722
246339,62170
75723,1372
66777,48980
232656,55798
244878,50270
72930,36762
224931,1372
72930,62376
227988,57414
71766,62170
72930,10808
173613,1304
208536,1372
153999,10652
173667,57414
189045,62170
211473,49888
244158,49888
222438,53160
172419,55798
246339,1370
249081,57414
244731,62614
219021,44302
72561,62400
196302,62400
197673,57414
237765,57414
165750,50718
198210,57804
198882,62400
208485,50718
214506,1372
209994,59822
239556,61558
129204,62400
207588,57414
215247,44302
242571,59822
165762,62400
204222,62376
208539,50718
242442,34092
225276,62376
220713,50718
207240,59822
224874,50718
61935,50718
129204,61558
230604,61558
64734,61558
208572,61558
203829,62170
213114,61558
218121,59822
213114,50718
208740,34092
210678,50718
244041,61558
211527,62170
244878,61558
203460,10652
206760,62400
208485,10652
229341,62400
219021,62376
221610,50718
162960,50716
203166,62170
208488,61558
208761,59822
210045,62376
242619,61542
212442,62400
161058,59822
208521,61558
208521,59396
208572,44302
219021,61558
171702,35732
159027,50716
60870,61558
183213,62616
204222,59822
155052,35732
215247,36762
197286,61558
244041,50718
215247,59396
212745,3382
242151,50718
154887,50718
229341,10652
210045,59822
206481,59816
72045,50274
212256,50718
207588,1370
242412,61558
208722,50718
212721,62616
237765,62400
72045,62400
215247,36720
154707,11490
240918,56714
242412,62400
184488,59396
208722,61558
211950,50718
203178,62400
206421,62376
172035,61558
183573,34092
154890,62400
211047,50718
217293,50718
207102,35846
207240,62170
207219,50718
234093,62376
212379,59396
242505,50716
225351,61558
231144,61558
212379,44302
217872,61558
206442,50716
206760,62616
156486,50718
206367,61558
232410,50718
195723,61558
236115,53160
159033,10652
164457,62400
206418,34092
186882,50718
198522,50718
206433,61558
161403,61558
244869,57414
217293,1372
211815,62170
153867,50718
200964,62616
457455,54096
246054,33886
217293,62376
178830,59822
172035,62376
211407,35846
211815,50718
183813,61558
165684,50718
211683,34092
206439,50718
224211,61558
228024,61558
233091,30500
225669,62170
172035,35846
207105,61558
217293,59822
216108,57414
241824,57414
160770,61558
182565,62400
183492,34092
191226,10808
211386,62376
163578,61558
212283,50718
224211,61542
238068,50718
200964,62400
244869,61542
166029,50718
207099,61558
223728,50718
241329,61558
206406,62376
184635,50718
217293,57414
182565,34092
208794,50718
207498,59822
212640,44302
153600,62170
191247,53160
203871,57414
182565,62170
183213,63188
156057,53160
203871,11262
192564,34092
208893,35732
191247,50270
203256,33534
197286,56696
215247,53160
208893,53160
193965,49888
66033,54096
203790,56696
203700,57414
238293,34092
209994,63188
182565,53160
155100,63188
61629,57414
237300,62170
215247,57414
203871,33534
213885,33886
248373,61280
172419,61280
203166,56696
203868,54096
61629,50716
182556,57414
208761,10652
237300,53160
241305,56696
61629,33886
198882,51974
203868,11262
208821,57414
174468,50718
61629,35732
203460,63188
237765,56696
210051,11262
208515,1304
208515,49888
194718,50716
154869,10652
243789,50716
60882,57414
246618,35846
184713,61558
162960,30500
208515,44302
246915,11262
208539,1304
208872,57414
224169,35846
246618,50716
200502,44302
203259,49888
234951,1304
156057,32496
203199,1304
208476,35846
208806,56714
219021,33886
217782,55638
232503,33886
194718,30500
203175,57414
62337,62618
203868,59822
243789,59396
191232,36762
210882,44302
200502,1372
208500,62074
246963,62618
200502,42132
245976,35846
205662,10652
65640,35846
244092,11262
196845,53160
208893,44302
207243,33886
203796,62614
163131,61280
180801,62618
217782,36762
221331,16358
60882,10652
205662,62618
232503,39186
234951,1372
203796,57414
163131,61348
242409,10652
65640,42132
200502,62618
211413,50272
185244,1372
154956,1372
198573,60978
206697,50272
206514,60978
154890,50272
156057,50724
206484,10652
233559,50724
219132,39186
162624,11262
232827,50268
216309,50268
216309,124
156057,36722
191553,60978
212445,60978
202959,44302
206484,33886
206760,48298
231057,36720
212478,50270
203673,50268
206760,46632
224208,50268
230091,50272
232503,44302
206514,35732
206514,35846
225393,60978
154434,35732
232503,36722
206697,1304
237252,1372
206697,39186
224208,50272
206697,50270
198573,50720
230091,50270
224208,11262
202959,35732
211476,35846
223518,50268
210186,51974
224208,30500
191553,33886
204519,30500
204519,35732
206748,50724
202959,50270
206484,60978
219132,50268
232266,46632
208206,1372
231909,35732
182292,60978
204243,48574
165132,35846
223968,61558
206940,50718
207078,61558
210633,57414
154743,62400
206646,35732
227295,59822
208794,61542
172056,62400
154011,34092
80925,44302
157767,62376
234297,61280
66378,59822
203100,59822
222204,44302
165045,62400
211527,59816
66378,62400
71271,61280
172590,62074
198981,34092
198981,49888
176403,62170
208341,48980
162624,61558
206937,61558
238875,61558
206376,61348
225393,62400
153279,62376
158499,62400
244065,1372
209880,50718
153885,62170
229536,1304
165045,35846
208341,62376
236226,62400
154245,61558
236655,62400
242409,61558
153279,62074
212550,61558
193965,50274
198873,61558
206376,62074
208341,62400
244680,61558
237195,61542
244065,1304
244680,54096
176403,62400
206673,59822
194904,53046
198981,35846
222204,50718
223776,61280
59700,59816
61899,62170
225393,50718
154578,61558
211476,10652
80925,59822
207366,61558
210114,50718
216366,50716
182565,49888
161283,61558
68568,62074
128901,59822
225276,59822
128901,34092
61899,50718
223776,10652
206940,62400
242610,59816
209880,62170
224145,34092
128901,62376
242610,61280
223071,11262
244680,61542
244680,50718
237195,62074
198573,62400
207366,62074
207129,62170
227343,61558
225393,61348
183492,62074
209184,61542
208761,46632
183675,35846
208761,50272
212232,50274
65049,11262
195507,50272
204189,50724
68496,33886
176607,1304
209622,10652
64860,1372
204189,45912
208761,50274
61344,60978
165927,60978
218958,60978
154740,35732
220047,39186
186447,60978
197799,10652
203733,46632
220302,49888
165687,59822
209799,56714
187224,10652
206856,48574
226827,46632
194790,59822
206745,1370
209799,61028
195507,50720
206367,35732
182565,46632
181860,60978
218958,44302
218958,30500
206418,60978
181149,60978
206427,50272
223554,46632
186378,61028
186990,61028
238377,60978
68496,59822
203733,44302
197595,1372
165687,39186
195507,50270
212232,35732
226827,48574
212232,1372
161208,33886
192717,1304
128526,50274
194790,63360
207339,63136
244731,63136
191250,50716
247956,1304
183675,33534
224145,63188
205662,60978
182565,63360
165687,33886
220302,60978
181860,48574
192717,1372
206937,46632
195723,63188
234555,1370
195723,62944
238608,11262
235380,60978
227292,63188
250974,49888
238689,46632
227292,33886
225276,33886
186177,61028
218958,50274
209799,48574
186177,42132
217002,54096
171372,1304
182565,35846
227988,62074
186447,11262
246618,56714
194883,57804
218061,48574
195723,62376
207339,63188
194883,63360
246618,39186
231144,34092
197835,61028
196311,48574
64860,10652
167316,35732
244731,63360
195723,57414
64893,60978
163101,63360
159330,63360
203511,48574
208761,50270
128526,34092
206415,60978
61692,63360
164457,54096
61902,1304
65313,16358
197595,44302
195894,1304
229521,60978
187224,39186
209799,60978
209073,63188
203796,48298
195249,60978
208761,60978
154881,49888
183645,60978
187224,35732
212232,1304
61908,60978
154473,60978
238377,50270
186447,1372
203460,61028
203511,60978
193542,44302
194790,49888
227988,39186
249486,59394
128526,59394
231708,63360
164457,39186
193542,1304
190113,50718
177672,63188
182565,63136
176403,53256
212526,63188
210843,34092
232065,62376
230331,62170
244731,33886
236115,61280
172590,62170
244092,63188
206481,34092
204480,56696
61899,63188
166362,39186
228687,1304
244092,52918
244158,39186
244380,62170
212526,53160
235299,50716
153765,35732
164661,35732
231057,63188
232065,3382
212526,39186
248292,56696
191250,30500
188331,50718
191250,48980
236115,39186
246150,53386
244278,54096
224925,124
166995,34092
203796,53160
226662,53160
219381,10652
235299,56696
234972,56696
203439,53160
249567,30500
222711,39186
206979,53160
222750,55632
61899,35732
235932,56696
204222,56696
195372,53160
218673,63188
61899,50272
232065,53406
205812,57414
185067,50716
235299,10652
232065,48980
204375,1372
248301,59396
207618,39186
207618,50716
153726,63186
221409,35732
68568,48574
128526,35732
154881,35732
95988,16358
232656,33886
232656,50716
208758,35846
158742,30500
61482,10808
95988,35732
154146,10652
158742,61028
200964,50724
204522,1304
222204,48574
229977,44302
128526,32496
188853,50274
153600,61028
154068,33886
153600,1370
95988,11262
208758,48574
72483,62616
186174,62614
72918,62376
208500,62378
220095,62170
225699,62376
241218,62378
181101,59822
155388,50716
237300,62376
128502,59822
172419,62400
173796,1372
64860,50718
88821,53394
230178,62616
128502,62618
154707,62616
173796,53160
205905,50718
207600,42132
210168,62616
183213,51974
203295,57522
189012,35732
203295,62378
203460,62400
206076,62618
220095,62376
208491,62400
212586,62616
216648,44302
227664,62400
155097,53160
154953,53160
229527,62400
231162,49888
204057,59822
191256,62400
210690,62400
210978,61542
186174,62616
204057,44302
231102,62170
153303,62376
210690,59822
224526,62400
230178,62376
241263,10652
203295,53394
203829,62378
210978,62400
77484,62376
88821,62400
229341,62170
67056,59822
208479,59822
213885,55798
66378,62378
2061063,62074
154953,62170
155085,53160
186378,53394
183213,54290
191250,62378
213885,50718
172008,11262
231708,62170
153303,62378
205905,1372
212721,62618
186990,53394
229737,62400
213513,1372
231162,61542
246339,59822
195723,53394
243477,1372
172419,62616
200259,56714
206427,39186
88920,62400
180471,30500
154119,62400
175239,62170
153885,34092
88920,53046
211527,49888
177921,59822
204519,62400
219456,59816
72483,62074
178458,62400
242556,61558
187101,62400
229536,11262
239556,62170
56868,39186
192300,59822
154890,62074
227616,61558
173667,62074
175239,33886
175239,30500
244173,61558
186951,57414
211683,61542
200964,61558
175239,50716
205812,35732
212337,49888
222906,62400
65049,61558
56868,61558
153423,50716
204795,62170
181203,61558
175239,62400
88920,59822
154890,48980
65049,62376
183912,62074
174195,62170
199854,53160
62337,53394
154665,60
241026,56714
248178,34092
64764,34092
212301,53160
206763,11262
64764,50716
181203,11262
154485,1304
199854,42132
64764,10652
61482,62614
183387,53406
194082,62170
223071,62170
63876,11262
154665,42132
206763,54096
223968,62170
227295,62170
192756,1370
211767,50718
154476,1372
64764,39186
244005,35732
154506,1372
204057,1372
207396,1304
229521,10808
179853,55798
193542,57414
233091,62170
244005,53160
247239,34092
181203,35732
229521,53160
206646,44302
154542,62170
154404,39186
154485,62074
192756,39186
227292,53394
227292,62170
247134,30500
209799,55798
207822,62170
195249,1372
60882,49888
181203,1372
209799,50274
232656,1372
247986,53160
187263,11262
192942,62074
206364,63538
209154,62074
208491,63538
211413,63510
236490,56714
231162,35732
249633,63510
251625,59396
187659,63188
199854,63510
207618,56714
187659,39186
204717,56714
252210,30500
207084,62074
210171,59394
184113,63510
203316,63510
217002,63218
224169,59394
227988,62274
252177,62944
210234,63510
250434,35732
155052,1304
187659,56714
206637,63510
230178,63510
246216,57414
187263,63538
246216,11262
248202,10652
176403,63136
187659,124
193965,33886
204483,63510
165750,56714
211413,63188
218061,10652
235458,63510
155337,10652
184950,57414
188937,62944
252210,56714
252210,59396
64218,57414
165717,54096
179838,56696
248202,63188
172056,10808
235458,63188
238878,10652
242439,54096
247548,62074
205188,50718
206637,59396
208722,33886
219450,57414
65052,63510
72930,62944
204375,63510
210171,63510
237300,63188
241389,63510
244479,63510
252210,10652
176403,59394
183675,50718
211524,62860
222438,63218
223401,57414
181662,63510
204375,55798
252210,39186
128469,56714
184950,63220
201837,56714
227616,63510
231708,57414
252210,57414
165744,63186
187962,56714
194883,59394
206625,57414
227469,63510
187659,30500
187707,48298
181101,63538
210171,59396
235458,30500
171702,63418
230286,50274
154167,63186
172719,50718
191247,16358
208554,63510
161058,57414
163131,63510
206346,63510
212112,63510
252210,63510
231459,50718
249633,63538
204189,59394
206364,56696
250749,36720
208485,63538
231144,62944
153999,1304
183786,63538
206625,33534
229620,63510
246915,35732
188844,54096
208566,57414
251625,50274
154998,1304
164064,10652
186378,63510
237300,63510
251829,62944
224169,63510
204189,62944
225501,59394
231057,63218
195723,62378
239556,63510
161526,63188
192300,63510
206514,59396
252210,1370
154032,36720
165750,56696
197673,56696
199854,63360
207366,1370
212688,51974
242412,63510
154797,59394
165744,11262
206847,63218
231144,63220
129264,56696
194229,63510
225501,63418
239556,1304
154890,50274
210882,56714
246618,56696
164661,63510
206748,63510
230286,63510
252177,1370
154998,33886
183675,57414
248202,30500
202638,57414
230286,63538
236115,59394
252210,11262
59691,63510
210690,59396
153720,1304
188844,62944
88821,56696
165744,30500
182565,62944
203820,63510
227343,63510
251610,1304
71766,63510
164064,35846
165126,57414
181101,59394
242151,62944
251829,63510
65058,63188
72930,59394
157416,56714
201837,57414
203796,63510
216366,35846
222204,63538
65058,1304
230286,62944
251625,61280
66054,63510
199854,54096
234018,63188
210141,39186
217002,50274
223401,63510
154494,63510
188700,63510
204717,10652
205659,63510
218673,57414
231057,59396
184950,59394
204189,63510
206364,62274
214194,62074
154167,63360
154740,62074
206346,63538
248202,50718
251253,62274
154146,57414
158742,56714
205662,63510
206838,33534
248202,35732
167514,11262
194229,62944
172161,63510
177672,59396
163251,57414
183912,57414
214194,11262
231708,63510
154275,62944
252480,30500
155403,63188
184113,56714
227988,63510
232452,57414
243927,63360
205662,63188
187707,59394
211413,10652
236115,59396
72045,59396
211524,63538
222438,63188
242151,63188
164064,16358
230331,63510
64218,63538
186378,56696
205662,63538
207330,56696
217002,62944
165684,62944
210882,63538
214194,1304
231057,62944
175815,16358
230286,63188
129135,63510
248202,56714
251631,63510
154434,10652
164541,30500
251106,63510
66879,33886
128526,63418
206868,48298
231057,62276
235458,50274
237300,3382
242439,49888
211533,61540
192735,63510
204522,54096
208341,50274
165687,33534
207330,63186
207999,56696
157938,63510
187707,63510
224169,50274
230604,30500
251253,63510
154434,57414
163131,63360
192735,56714
252480,56714
154890,63510
206406,30500
251253,61280
165744,39186
183912,63188
231144,62274
154770,56714
174468,63510
210876,56696
154542,62944
204243,63510
249342,63418
210843,61558
229977,62400
167514,50716
206991,35732
184509,62400
226662,50718
210633,50718
128901,50718
207129,59816
165717,62616
210633,61558
165717,50718
234129,61558
245868,50274
161787,61558
129081,59822
154665,50718
95988,11490
186438,62400
216366,61558
154167,61558
154518,50716
206979,44302
154485,62376
206745,61558
180495,61558
244065,61558
246150,33886
61908,50718
215517,61558
182442,62376
226623,62400
208575,61558
206811,61558
154032,50716
154578,62400
212526,62376
206664,61558
206928,61558
208575,50718
186987,61558
237804,124
154803,50718
242232,61558
234021,55632
207129,61558
205995,50718
212301,61558
153756,44302
154485,50718
154797,62376
206607,61558
65598,1372
192735,50718
239508,62170
154485,59822
154518,34092
165717,62376
203502,50718
222621,62378
206823,61558
157236,35732
139272,61558
237804,61542
242232,62400
188106,59822
210954,62074
230286,62378
244971,62400
167652,50716
154032,53048
172590,34092
195582,50718
206979,59396
239508,61558
206625,61558
128538,62400
241329,59822
153279,34092
206673,61558
72900,61558
63876,61558
153756,61558
153888,61558
213102,62400
206481,50274
206979,62400
206616,61558
207084,50718
154743,62376
215517,1372
184113,62170
222711,35732
65598,35732
154743,50718
204795,61558
237804,62378
237804,62376
161283,59822
161283,62376
176403,62378
210186,62618
239508,59822
198873,50718
239508,34092
166128,35732
192717,62616
154578,62378
204054,1370
209976,62376
60882,50718
199242,34092
210954,61558
188106,62400
244575,53160
162624,59822
187659,55798
236226,59396
181371,62376
95988,1370
184950,62376
181371,53160
195894,1372
173667,50270
210186,49888
154245,1372
248301,39186
237804,53160
213114,62170
234555,1304
64734,50718
237300,56714
187386,50274
248250,11262
187263,1304
77484,56696
172419,62170
129204,49888
157854,1372
95988,1372
171702,56696
190113,50716
163482,1304
204054,10652
244575,1304
248373,53160
244575,56714
228948,1304
178257,62170
244575,53394
153669,39186
178257,34092
129204,50716
218121,53394
155556,49888
248373,53394
154098,10652
207996,62074
186174,62618
166128,62376
210816,50716
61353,57414
198522,62170
220728,53160
194229,62618
242610,62618
205959,53160
210810,62376
157224,61280
153720,1372
162810,42132
206979,34092
207996,53160
207339,35846
225501,33534
188844,62074
192714,11262
154758,16358
183666,30500
206376,60
171939,32496
212592,39186
204762,62376
192714,16358
212592,33886
162810,32496
242442,36720
218265,30500
204762,1372
191256,1372
230091,34092
242610,44302
180195,57414
225393,62170
242610,53406
154113,30500
206484,50716
186174,55638
247260,56714
179853,42132
186933,60978
206772,48574
200964,124
186933,36722
161208,48574
206787,16358
223728,42132
232827,60978
233163,35732
209994,60978
165183,1372
203724,50720
220632,60978
208758,50272
227664,60978
208758,50270
89013,1304
212748,46632
187806,46632
204375,60978
61908,57804
224787,39186
96444,1372
216948,50268
227343,59822
203724,50272
217620,50268
215985,33886
166599,48574
155481,60978
207240,1304
206952,60978
187806,50268
233163,50268
72117,39186
167364,60978
207390,62618
206943,59822
244173,53046
206943,62170
206943,55798
206943,49888
174468,62378
211965,53256
207390,1304
154167,50962
201837,1372
186216,62074
210678,1372
203178,53160
246627,62618
233961,56714
190776,1304
237300,62274
161208,49888
244005,62618
244173,62170
194904,48980
232035,44302
194409,1304
231162,35846
200502,35846
234030,57414
197286,62618
246627,35732
154032,61558
186174,44662
211950,42132
176319,59822
200502,50274
213513,30500
197835,53160
244005,33886
200502,59396
232035,53406
190776,62614
154797,62170
208473,30500
230028,62618
211806,57414
157500,62618
210393,62618
188700,35732
175815,35732
238032,1372
243546,50716
68676,35732
241305,44302
208473,34092
186177,35732
216108,53160
242388,62618
238032,50272
203052,50716
165750,35732
238263,59396
206451,57414
207222,62618
228024,1372
204093,50716
172704,53160
207243,34092
210393,53160
206346,62618
198882,62618
208476,63188
219030,63188
223518,63188
209793,63188
183195,59822
129081,50274
184104,63188
223518,49888
186882,49888
211527,53406
208485,53160
203073,44302
218121,33886
206427,62074
156486,57414
172419,63188
172587,11262
165045,53160
203247,35732
249633,10652
163377,53160
196845,62274
197286,59822
61908,63186
218121,61540
223518,62074
188787,62274
183195,50274
129081,54096
206943,63188
210834,57414
207222,48980
61305,63188
172008,59396
172008,62944
246711,39186
246711,59394
246711,59396
214968,39186
195723,59822
68676,56714
65598,50716
237840,39186
228948,53046
60864,56696
203673,53394
221115,53406
244971,50272
205821,57414
203673,50718
206748,53406
250275,10652
166362,55798
188730,55798
201741,34092
212586,10808
66336,35732
153744,11262
206772,55798
212301,50718
237840,33886
204657,63188
244278,59396
201522,54096
166362,1304
167571,63188
249930,35732
237840,35732
212448,59396
241305,59396
66336,50716
153744,63188
229473,55798
232065,57804
198873,50272
65598,39186
237840,30500
188847,63188
205821,63188
157854,50718
212448,54096
237840,11262
221331,55632
228948,63188
206799,39186
154434,63188
128763,63188
66336,49888
229473,34092
249687,50716
197802,39186
184713,50716
198873,44302
204657,50270
72045,49888
244278,44302
244278,53394
216564,50718
244446,39186
244446,63188
231708,62376
241218,61280
88920,62616
216309,62378
157500,62074
66054,62400
154869,62170
166599,62074
210813,1370
61824,62376
154167,49888
129135,62400
129135,53160
225654,62616
66054,53160
210813,33886
153999,57414
162603,49888
220269,62618
216309,59822
206427,62400
203700,62400
191316,53160
166599,1304
72918,62616
187659,62378
211632,1372
203259,53160
210813,62400
157500,62616
178761,62400
71301,57414
229527,62618
208116,50716
163131,62618
207996,57414
208116,11262
244644,1372
242442,62378
158658,59822
238068,34092
128538,62378
200964,53160
237057,35732
216309,62170
154869,62376
221409,61542
194082,62378
158658,62378
186447,33886
129135,62616
191316,62378
192564,48980
176643,53160
178761,44302
239556,1372
178761,49888
210813,1372
186447,62616
223776,1372
237804,59822
224211,39186
222204,62618
225654,62274
207618,3382
247548,39186
167364,49888
245154,44302
172590,3382
214506,3382
68568,53160
198981,3382
154740,62170
232788,11262
230286,3382
65640,33534
66924,53160
217782,62618
229521,62618
198873,33886
245154,16358
163554,62618
245154,59822
245154,39186
95988,53160
245154,35732
206943,48298
65049,10652
198534,3382
245154,62376
228948,60
181110,57804
64959,50716
206943,32496
211047,1372
237804,39186
181371,35732
128901,3382
232068,61364
239115,59822
227469,50716
203820,59816
154119,54096
188637,61364
61353,62074
244173,50968
187101,10808
66336,61364
206868,36720
72117,61364
61353,61542
186882,62376
207993,61364
66336,61542
244971,44302
203820,61552
209184,39186
195894,61364
211950,59822
245046,48574
232065,59816
182292,61552
206748,34092
154077,39186
198792,39186
206943,61364
207156,62074
209622,61558
208617,56714
216498,62074
234021,59396
203181,61542
195894,11262
206760,59776
72108,61364
239508,61552
208761,39186
68676,48574
154113,61364
244404,61348
184509,61364
242232,59816
245046,30500
155055,61558
165750,61558
234156,59396
245046,62074
232269,61364
203112,59822
187224,59822
203112,1370
206748,61364
206955,61364
182292,61364
206748,61348
148782,59822
207156,50716
208617,50716
206421,59822
242571,61542
165762,61558
216498,61558
64299,59822
203112,35732
234030,59822
206418,50274
206664,34092
207219,39186
218265,50970
181860,35732
208491,39186
209184,35732
245046,59822
206943,48574
245046,33886
68676,61558
225393,60522
230331,59822
208521,59822
72108,35732
166995,39186
209622,61364
192942,59822
154035,61364
61347,44302
191229,35732
244041,35732
244287,61672
61347,50270
211806,61364
227616,10808
183921,61364
231057,61348
221610,61542
183921,50716
187659,10808
244287,34092
244287,50272
61347,56714
207588,61364
66918,61364
162957,39186
184635,30500
244287,61542
25749,59816
186177,61364
206748,61672
61347,50716
184635,49888
188637,16358
210843,35732
210633,35732
219381,35732
163131,59816
186177,50270
213114,61672
162960,35732
219450,61542
230073,50270
154035,11262
244041,61364
186177,61542
61347,39186
210186,61348
218673,35732
203181,10808
192735,48574
210843,61364
67371,61542
209625,61364
191229,61542
227664,61542
206955,59816
211527,60522
230091,60522
188604,61364
177672,61364
174468,10808
183789,61364
230091,61558
180495,61364
220218,61364
232614,48574
230091,61542
230091,61364
229539,50716
153756,61542
154887,61542
191238,61364
244680,61364
153756,61364
239556,39186
204222,61364
215298,39186
72645,56714
179700,61364
244065,61542
154008,35732
154560,59822
244065,35846
194904,11490
154869,61364
242232,61364
229620,60522
159831,61364
184509,61542
203796,61364
206811,59822
175266,59822
212526,59822
153756,62074
188604,30500
153756,59816
184713,61552
203199,10808
203673,61364
243927,50274
177672,50274
232065,52918
230091,1372
210627,50270
154665,11262
71766,53160
212637,30500
219048,62170
203112,62074
71766,44302
72312,1372
154167,62170
203670,56696
153720,49888
154473,50716
204519,124
238536,35732
206745,39186
206304,62170
187224,50270
207219,53160
206745,50716
222438,34092
246618,50270
242556,50718
187224,54096
203820,16358
203829,53160
129135,55632
227310,57414
72930,53394
192564,49888
153720,57414
157398,42132
203145,34092
204519,10652
220218,34092
457455,59396
210168,63186
66843,35846
188331,49888
188331,53394
128469,35732
194388,53160
194601,48980
244644,11262
194388,30500
207078,50270
192159,56696
64959,10652
457455,50272
244644,39186
128469,124
203736,56696
212595,53160
205959,16358
244644,35732
211683,63188
232410,39186
248013,53160
203646,60978
206442,50272
219030,48574
234864,11262
234864,50270
206496,42132
208449,1372
208617,60978
224526,60978
234864,60978
162624,1370
185244,61028
191238,35732
203088,35732
232452,11262
66054,61028
200502,10652
203088,11262
212688,57804
61692,48298
232452,35732
187875,35732
2061063,35732
208524,60978
229527,124
229527,35732
237300,60978
66054,35732
66915,1304
2061063,1372
219030,35732
212688,61028
65577,35732
153138,10652
218265,50968
234120,35732
232404,44302
208068,56714
229263,1372
129204,35732
191250,1304
208617,35732
223782,59822
202818,61028
229263,59822
216564,10808
231900,124
61824,1372
184605,46632
216309,39186
206076,1304
206433,44302
216309,53386
197799,1304
203082,30500
236823,35732
156057,50720
232065,50268
219048,124
182442,11262
179853,1370
175809,11262
216309,48298
183195,50724
215457,1370
192942,46632
203133,16358
231900,60978
236823,46632
226623,60978
232065,46632
216309,48574
216309,50720
61908,33886
206076,50268
207828,60978
192564,46632
167514,60978
206868,60978
216309,51974
72483,46632
219048,50268
175293,60978
232065,60978
216309,50724
232410,30500
176403,46632
69249,60978
212256,35732
206304,61364
210813,61364
238536,50716
207339,59816
209970,35732
66777,61348
210813,61542
211527,61672
238536,11262
188700,61672
176595,35732
188730,61672
153315,61672
234093,1370
238536,48574
206475,36722
203232,35732
222843,61542
188700,33886
207123,61542
154551,61364
210981,39186
191556,35732
192564,61558
183468,39186
206847,61558
66336,54096
212526,59816
206667,59822
175239,61542
61899,61280
244041,48574
164457,10652
179496,62074
244173,53394
206625,34092
227616,39186
206625,56696
187386,62170
172008,10652
154797,55798
179496,62170
175239,11262
211236,62170
181704,56696
172008,50716
191226,10652
186174,50720
206421,33886
172008,33886
212181,44302
206625,39186
227616,56696
172008,1370
172008,44302
225012,62170
229521,61028
154077,48574
190776,44302
188787,61028
220047,54096
158658,1372
203166,61028
95988,61280
172704,124
183195,33886
179496,48574
154167,61028
154245,61028
190776,50270
207600,61028
222669,61280
190113,30500
158658,61028
178458,50720
154821,35846
154167,54096
192756,48574
174279,61028
179853,10652
181110,124
206376,61028
190113,33886
224169,62400
201852,62376
244446,35732
153885,62616
210678,62378
208092,62400
236973,1370
208899,59822
183213,57522
217002,62170
200502,53160
217002,62378
155271,35732
153402,57414
204054,59822
232656,61542
200502,62378
208722,53160
194601,42132
208524,33886
236973,59822
200502,62400
244731,35846
181203,50718
208788,59822
207216,62376
208566,59822
202959,62170
202959,62376
194601,50718
236973,10652
72900,1372
236973,16358
183213,55638
244446,62400
244731,62616
187707,62616
185244,62378
242232,50718
191226,62074
225669,53160
244158,11262
185244,30500
206772,53160
225501,59822
210234,62618
207828,62618
72645,62274
210000,63188
242442,62376
212430,62616
234972,59822
212448,53160
198867,63188
223776,39186
154032,53160
207822,11262
154098,57414
154542,59822
217872,61540
246858,53160
153204,62400
206667,53160
234972,62376
182565,62378
207084,53160
244158,62616
206664,53160
225501,62376
211806,50718
183387,62618
172008,63188
172695,63188
203724,53160
223554,1370
207927,53160
154542,63188
207828,63188
163101,62378
186933,62170
176403,62616
211476,53160
205728,59822
234156,49888
154578,62376
153423,50718
182565,62616
198867,62074
206943,62616
213513,33886
244158,50716
129081,62376
229536,10652
128901,62616
244278,49888
153438,62378
250629,30500
129081,62378
192771,53160
209970,56714
234093,63188
203502,53160
63690,63188
128334,50718
240939,53160
249216,49888
153423,33886
195249,63188
65052,30500
153885,62376
154542,50716
183789,57414
68496,11262
187839,57414
233559,50962
203118,1304
203871,10652
163101,62074
222204,63188
232065,62616
242232,53160
204054,50716
204054,62376
186384,59822
206346,61540
191226,62616
154068,62376
229521,62616
218265,10652
237252,57414
206406,61540
66843,59396
198792,59822
207087,59394
204762,10652
206952,53406
153381,63188
242430,50718
222669,34092
229536,63188
183105,49888
153138,49888
220728,59822
196311,63186
161058,63186
183105,50718
207996,63188
207828,61558
166128,62074
193323,50968
193323,50970
212301,34092
164064,39186
193323,53046
244065,35732
244065,52918
244065,32496
244065,57804
212301,61280
210141,33886
224169,61672
206076,61542
166128,59816
206484,59816
207102,59822
244065,53406
206481,60522
193323,53048
244065,61672
71301,35732
234021,53046
179790,39186
206481,57804
153885,61280
244065,50270
206361,35732
163032,60522
186174,36722
244065,54290
71301,39186
174513,30500
204519,39186
71301,61542
206484,61542
239577,35732
208476,53386
206979,61364
204093,62074
206763,1304
200364,39186
128502,51974
72117,50270
187839,60978
184710,11262
225699,30500
61629,56714
128604,60978
210825,124
183450,59396
206514,62074
181593,1372
171684,60978
184710,61542
206760,60522
224874,57804
206748,36722
200964,48574
227310,10652
232503,61028
158499,61028
209880,16358
208092,60978
188106,48574
157398,44302
223782,60978
203166,62274
232455,39186
205947,11262
205731,1304
232455,62618
227973,34092
247374,1372
210171,34092
183450,48980
247374,42132
239556,62376
72483,62618
246627,50274
128700,50272
211386,1372
211548,1372
67740,61542
72027,1304
208545,3382
164457,59822
206376,50274
222438,60978
199242,59822
140277,1304
230010,60978
208554,35732
230073,61280
65637,10652
203145,60978
212430,59822
204762,1304
204762,35846
225672,59822
227292,61028
175878,33886
212211,50274
59700,60978
72027,1370
128700,36720
205659,50268
222306,60978
62817,50268
192771,46632
211548,44302
188853,59822
212469,35732
206991,42132
162795,1370
208068,1304
128538,50270
232269,50270
61353,49888
206988,60978
227292,54096
203322,60978
186174,50268
197286,54864
216366,48298
213114,60978
195378,39186
206412,42132
222669,39186
192771,10652
207084,60978
128700,57804
197595,48574
238263,39186
197529,50716
211548,61028
208524,50272
206991,60978
208545,48574
196722,16358
219021,60978
208518,50270
206664,60978
206673,46632
242439,48574
205662,1372
216366,50970
187839,1372
222669,60978
192618,16358
175899,11262
65631,60978
186378,39186
206412,1372
211641,3382
175899,56714
207993,33886
205905,60978
208545,57804
65637,56714
154041,1372
203829,50268
202818,60978
203829,50968
206442,56696
190776,32496
245154,1372
162603,56696
225987,1372
212526,44302
216108,56696
225351,56714
64299,39186
200508,39186
206442,57414
197595,62376
155100,56696
225396,10652
225501,32496
206763,50716
66777,62074
205821,39186
225501,55798
248250,57414
71274,51974
197835,56696
66777,44302
219381,62170
203532,10652
174468,62376
155052,57414
63867,1372
155100,50718
230178,56714
207390,10652
71274,3382
194790,53160
56871,62376
72045,62170
203256,50718
187962,61280
203256,62170
228729,1372
208476,53160
193323,53394
206421,39186
128526,52918
206421,62170
206367,44302
157224,10652
183213,44644
64272,59822
231708,61364
129264,61558
221610,61364
229263,62074
153084,61364
212337,34092
153084,61542
206955,34092
224526,61364
208500,35732
243081,30500
153756,61552
212337,62276
227664,61280
211533,51316
183213,44664
211947,35732
162957,57414
222204,61542
222906,62074
153084,61552
231282,57414
61215,10652
206955,33886
244092,39186
186177,60978
211527,46632
61482,10652
218958,56714
207339,46632
165786,60978
225699,60978
184863,1304
188787,44302
187806,52620
198801,35846
172035,60978
173667,57804
163482,48574
212379,50272
238572,60978
72918,44302
188787,50268
211140,46632
66843,50270
173667,60978
230010,1304
206850,56714
238572,30500
211527,59822
209829,48574
198990,50268
234972,3382
211524,33534
154167,57804
223104,42132
212379,1304
217848,50724
229620,33886
182565,50268
198801,60978
191226,57804
206607,60978
230010,35846
128763,48574
158766,60978
206376,50724
234972,50268
234021,60978
188787,3382
156486,46632
204924,60978
194409,60978
183468,56714
155481,56714
25749,46632
65328,1370
163482,44302
212379,56714
192942,10808
186327,61672
205188,61542
232452,61542
188730,60522
199854,61552
184713,48574
228729,61558
242610,52918
153756,57804
153756,61672
192564,59816
203829,48574
241305,50270
227310,61672
165786,59816
203517,56714
203058,61672
206847,59816
232029,61542
210111,52918
243546,61558
242610,57804
211965,44302
212211,34092
222204,61672
64353,61672
188730,50274
230010,61364
154890,61552
203058,61552
203829,39186
157224,61552
206427,44302
232503,56714
156486,61364
210114,48574
166356,61552
65640,61364
243546,61540
203724,35846
212526,62400
206484,62400
220170,56714
246858,62400
203517,62170
246711,55798
234093,62378
197835,62616
162843,62376
246870,35732
246870,11262
220170,62378
183468,50718
201564,59822
206442,50718
155100,59822
155100,62170
234972,62170
239592,61280
208341,62616
66465,62400
206433,62400
211767,39186
246711,59822
206406,62378
203796,62378
154779,53160
206979,62376
88920,62378
207216,59822
154779,34092
246711,62376
188961,62376
70890,61558
203517,59822
207243,62616
206433,50718
163101,62616
206484,35846
246870,61542
246858,54096
238572,53046
155097,62400
203811,62376
154869,59822
193911,61542
229539,34092
210051,56714
187797,62400
163131,62170
162843,59822
165045,62378
190113,62074
207216,62616
244971,50718
207216,49888
71766,62376
208788,62170
71766,62378
163131,62376
220011,62376
203868,62170
205659,62616
210051,59822
224925,62376
231900,62376
203868,62376
244878,62170
184713,59822
88920,62618
154404,59822
182292,53160
182292,62170
154374,62170
165045,59396
246033,61280
212181,62400
61347,57414
203268,59396
210981,62170
61347,62074
179853,32496
242439,62170
61347,1304
210981,59822
182292,62376
208893,54096
212181,10652
61347,50274
204483,35732
222438,62618
184674,1372
188700,62074
61347,62618
184713,62378
212181,11262
184635,1372
184713,62170
184713,62376
205353,62376
238263,53160
208347,62618
210897,62378
246720,33886
206376,62376
206940,36720
191247,62376
165762,62170
206940,36762
198534,59822
194883,62618
193323,49888
165762,59822
197835,61558
164970,61364
207078,59822
216366,61364
241026,61542
183489,62074
68568,59822
154665,61364
172590,61558
233091,59822
225672,61364
65067,61558
153867,61558
224169,61552
157236,61558
210627,61542
206823,48574
223071,59822
210120,61558
187743,59822
236226,59822
88821,59816
154494,59822
154797,59816
206664,59822
211812,61558
154743,35732
210846,59822
206670,59822
153204,59816
157236,61542
224169,16358
153438,61558
187806,50724
235191,56484
178230,50270
164007,10652
208812,35732
212442,3382
195723,50720
206484,35732
217848,60522
203790,60978
203673,46632
234972,33886
208794,46632
164007,1372
234030,35732
212442,44302
203673,56484
206514,48574
235191,50268
235191,60978
206376,56484
206979,46632
208758,42132
206484,1370
207828,56484
178230,50272
195723,48574
206433,35732
211524,56484
248205,57414
186177,56696
203820,32496
157767,63188
153279,62170
206670,63188
215247,50718
219021,56696
186177,50718
205812,33886
181110,34092
61482,56696
215985,57414
186174,53386
226662,56696
188685,56696
243477,11262
249567,35732
206955,63188
245154,53394
206940,35846
232068,54096
215247,53406
219381,63188
183450,50718
243477,33886
208206,33886
249567,34092
154797,42132
245154,54096
249486,62074
178938,1372
181149,63188
248301,33886
186177,57804
206448,34092
211533,10808
211767,62074
220095,61542
180471,35732
208116,35732
209520,39186
229341,57804
203166,61542
211344,61348
203673,62074
180471,39186
203829,56714
230178,62074
75723,61672
178230,61558
178230,61672
178230,62074
155388,61364
162984,61364
128334,50968
166029,56714
182556,61558
183105,61558
203073,61542
176577,61552
187650,62074
212688,62074
238377,61280
66054,62074
226662,61280
183105,52918
172008,30500
66465,61552
203790,35732
217620,61364
242856,62074
171372,35732
198210,61542
153999,62074
165312,35732
203388,61542
72558,61552
167514,39186
230178,61280
203271,61558
203274,61558
203532,50270
222852,1370
221331,61672
238827,61364
153279,11262
154494,61672
66033,61364
154404,61672
72561,61672
155106,48574
219048,34092
206988,61542
215985,35732
236226,61542
128700,50270
72561,50720
59700,35732
154518,35732
199479,61364
157398,61364
154779,61542
226662,61364
233427,1304
153279,61672
185244,61672
167364,50272
189009,61552
195372,61364
210342,61364
207078,61542
232065,61672
195249,61364
64959,61542
205815,61558
206823,61364
233427,10808
207156,39186
209799,50970
66843,61364
238875,35732
206415,61364
215985,61542
179436,61364
180495,35732
154578,61672
59700,50716
243981,11262
64365,48574
153423,48574
154518,61364
204057,61542
154779,61364
178830,61542
206670,59816
243408,35732
153423,61364
154167,59816
231057,36722
195378,33886
209799,61672
199044,50270
232065,61348
223089,1206
195249,39186
203511,61364
153402,61542
209799,61364
155106,30500
194208,61552
231057,53406
183195,61348
186447,50270
205815,61364
153438,34092
157311,61542
186384,61672
233427,48574
210393,48694
157311,61364
181101,59816
153888,61364
153288,54096
166599,61542
219030,50716
154821,53160
234555,54096
208758,39186
183450,44302
249930,1372
240912,50716
187707,63186
154812,63186
161787,49888
154665,50716
208533,39186
181593,50716
187707,10808
208536,63188
210678,63188
187707,36762
213885,53160
181371,1304
183450,53160
194790,39186
194883,53160
206838,63188
67764,62074
205665,35732
244173,39186
246054,50716
193323,48980
208872,39186
221526,53160
192627,35732
61305,39186
238218,50718
249222,1304
210678,33534
163101,36762
249633,53160
219030,39186
219030,10652
207597,62170
206607,39186
183672,62170
205905,62376
203268,53160
75723,39186
247983,10652
154881,62170
210615,34092
139272,56696
155097,62170
177951,62170
224787,57414
232614,30500
242430,1372
64860,62170
203133,59396
220218,1304
228315,62170
154275,34092
203268,39186
157767,53160
207597,33886
211950,53394
172719,53160
220218,1372
230178,57414
188844,1372
187962,34092
231225,62170
183789,62170
221526,10652
222750,50718
183672,34092
217293,10652
203133,62376
210978,1304
64353,62170
172719,53394
210615,48980
212586,62170
205188,39186
207927,30500
234951,63188
158499,50270
187263,35732
249222,50718
161208,34092
61482,36720
66378,50718
212220,53406
249294,50718
65637,39186
67740,57414
128526,63188
249294,124
238878,50718
212430,53394
192771,54096
240912,30500
158499,61280
210111,63188
65637,63188
239556,50718
203322,56696
241263,49888
158499,53406
71766,53394
182565,53406
157938,62170
237300,33886
203301,1370
75723,53394
187263,53394
61899,57414
206868,10808
210186,42132
183672,53160
172719,61558
183195,10808
197595,62170
212586,49888
189009,35732
183195,61558
154956,124
242856,59396
242856,61280
225396,57414
176403,62618
230091,62618
183195,42132
60888,50272
246711,62074
183672,53394
242856,44302
188730,62074
59703,35732
203151,32496
207147,30500
203151,53394
203073,62170
238827,55798
242430,53256
203733,54096
238611,49888
246711,44302
249297,62074
238611,50716
203151,55798
203133,62170
203151,61280
211632,33534
203082,57414
203727,56714
61899,62074
242856,1304
226623,33886
203151,10652
140277,50716
203151,52918
203151,49888
206346,62170
66378,1372
224145,62170
234297,50270
203727,57414
249297,50716
241350,57414
203151,124
203151,53386
158499,53394
213885,32496
194904,54290
203151,62274
227670,44302
234297,62614
162792,1372
203142,62074
194904,53406
153423,60978
219021,35846
191556,1304
162843,44302
163251,48574
64764,44302
221610,50274
154770,39186
221610,35846
177672,39186
25743,50268
197835,57804
232665,35732
224631,44302
164871,60978
159033,60978
204228,30500
176319,35732
176319,60978
25743,44302
154770,60978
153204,42132
153402,39186
164871,33886
195723,62618
217848,62616
206838,61542
209976,1372
216498,62400
206346,62378
157854,1304
231225,62378
186987,57414
216948,62616
243408,53160
186882,53160
61899,62614
210876,62616
193323,57522
61692,62618
212397,62170
206850,62614
61899,35846
206955,44302
215112,35732
216948,62170
244278,62618
61692,62614
195894,35732
207096,1372
226848,59822
246150,62170
216948,62378
215112,62618
198522,54096
188937,49888
244278,62378
242388,53160
233970,62618
61692,57804
192771,53406
206364,62616
195894,33886
227664,62616
206607,11262
208449,59822
195894,62400
218121,62376
188331,62616
195894,50716
244869,11262
203127,33886
193323,48298
157854,51974
187395,62170
166356,30500
187806,62618
244680,49888
154740,57414
198873,62170
212550,39186
207129,55798
166356,50716
198873,59822
207078,53160
216366,61542
188844,62170
212430,62400
224631,61542
167571,50716
198873,62376
245631,50718
154821,50718
188844,62378
206745,34092
183672,62400
172590,62400
176319,62376
154494,62170
209154,62170
207129,62400
154476,62170
201522,62614
220269,48298
188844,62376
232665,57414
242556,55632
211383,62400
207996,16358
206460,3382
220728,46632
210690,60978
203094,11262
61824,44302
206460,42132
208515,39186
209154,16358
225501,50724
195507,1372
203706,33886
195894,124
195894,60978
210690,44302
198867,50270
207996,35846
153999,1372
217848,46632
225501,46632
203082,35732
208911,1304
153792,124
188847,1304
208911,35846
128685,35732
208572,46632
188847,50724
200502,46632
154758,60978
161667,30500
207996,39186
207996,10652
229527,46632
203709,35846
188730,60978
211950,44302
181860,1304
217494,48574
161667,60978
153792,50268
60882,46632
67056,1372
228060,46632
60882,44302
221115,60978
204276,30500
128685,16358
66465,60978
62817,10808
203706,35732
238032,10808
203301,10652
232404,60978
203700,50268
153960,60978
200508,11262
224280,60978
195507,60978
210051,50274
212397,1304
158658,44302
153792,46632
181149,33886
208911,11262
182565,50272
195894,50268
238608,44302
208575,60978
218265,33886
226827,1304
155337,42132
195894,10652
203295,50270
208476,50270
225501,44302
238032,48574
217494,44302
217494,10652
238827,59822
167571,61558
212748,35846
156486,39186
157710,1370
227829,50716
211683,10808
217872,61542
211524,59822
220632,10652
60864,61552
183492,44644
88920,48980
242442,60522
244380,59822
194904,61552
223089,50962
223089,50968
207219,62074
230604,35732
237195,61364
176403,59822
203127,35732
227829,62074
194904,59816
208692,61364
220632,35732
200964,62074
223728,57414
237195,59822
88920,59816
188100,61364
60864,61558
207096,62074
176403,57522
235842,59822
223728,59822
167571,59822
206367,61348
129081,61552
231144,50274
207267,61364
223089,53256
160770,61364
204774,61542
204228,61364
207150,59822
219132,62074
185817,61558
208584,61552
219132,61558
222750,61558
243789,61542
154098,61672
193911,61558
207582,1370
227988,48574
208893,48574
171939,34092
179838,61672
207150,48574
240939,61558
204483,62074
154383,61558
204375,61552
191316,60522
209073,33534
61482,62074
187707,32496
191229,61364
154404,61364
193911,33886
231414,61364
208539,61542
210981,61558
212475,61672
25749,60522
203460,61364
175899,39186
129204,61364
208536,35732
197286,61552
204375,48574
154635,11262
208626,61558
237252,39186
205188,61558
208893,61542
212469,61348
187386,59776
192756,61542
212586,61542
235335,60522
184713,61672
242505,61364
231459,61672
154383,61542
165744,59816
181101,61672
231459,35732
149634,61672
204228,35732
198552,48574
229536,61280
204411,35732
208881,1304
212526,61028
223776,124
203259,35732
457455,1304
72312,44302
154713,61028
207345,124
153672,35846
153888,1304
153672,56714
207345,50716
153381,10652
161208,35846
181593,35732
154713,1372
153672,1304
186174,61028
209073,61028
214506,50716
88920,61028
198552,1372
153756,50270
183672,48574
72918,35732
156225,35732
232503,35732
241329,35732
207345,35732
153756,51974
198552,56714
200259,35732
200964,32496
220269,33534
241824,48574
183813,35732
222843,35732
183387,61028
201522,61280
72312,50716
194904,42132
153672,1372
205122,35732
186177,33534
153756,35732
197676,61028
203790,1372
206745,35732
153048,35846
77484,61028
230091,48574
154713,1304
216822,35732
242409,35732
153888,50720
153756,61028
221331,35846
222852,35732
194388,10652
212748,44644
226623,35732
123150,10652
229536,1370
153672,42132
198981,61028
208575,10652
206991,61558
210633,59822
65067,1304
236766,50718
65058,62170
223782,62376
206361,62074
236766,62376
228729,33886
206823,57414
197676,57414
210408,30500
210981,63510
166128,62944
167364,61280
199854,63218
206361,62944
198945,63510
239217,57414
250020,63510
252066,57804
225669,35846
253098,63510
253146,1304
155097,63510
228687,63510
198882,62376
208572,10652
251202,63510
60888,63510
153885,63510
179853,56714
203532,59394
220302,63510
163131,62944
166128,63510
167364,63510
207087,62944
208518,63510
183468,63510
225276,63188
246963,10808
129135,62860
183105,63510
203532,63510
206637,62860
208506,63510
61977,56696
195249,30500
220218,63510
231909,59394
232269,63510
249486,33886
193323,63418
204222,30500
208821,63510
233970,63510
222669,63538
225276,30500
239247,62074
242442,59394
203532,62944
206406,63418
237804,54096
212688,61348
250653,62074
129153,63510
198882,63510
203532,63188
234555,62074
252618,63418
203310,50718
203310,10652
208500,63188
212550,62944
208518,3382
249159,10652
88821,62944
186942,56696
208572,54096
157767,63510
242388,63186
251829,63186
197676,63510
251202,30500
198882,63418
208599,63510
250653,63510
212220,63510
248301,63510
60864,63510
208500,63510
208899,33886
229527,62944
210408,63188
222894,63510
183390,63188
192618,56714
208488,62274
210051,57804
217782,63540
227973,63510
88821,57414
187797,63510
203166,62944
206811,33534
251619,39186
61977,62944
206376,54864
248796,63418
166029,63510
208476,63510
209880,10652
198882,62378
234021,63510
212220,63218
251619,124
209622,62274
211236,62074
216498,62944
222306,59396
253146,56696
183468,56696
199854,62274
250653,10652
252618,57414
175239,63510
206664,63418
208503,59396
242439,63510
251619,54096
153867,10652
211749,62944
251625,1370
206637,56714
197802,63510
201030,63510
239217,50718
251643,53256
196302,59822
206427,63418
208872,62944
212283,63510
67371,1370
232455,10652
203322,57414
222306,63510
250653,59396
249795,39186
204375,63186
77484,51974
165045,63510
183492,54096
208572,63188
212220,63136
227310,62944
239217,63538
64893,57414
208572,50274
210408,11262
208503,63510
251631,62944
222669,63510
223782,30500
206940,62074
245976,39186
251142,1370
206664,63510
234021,62274
252066,11262
72483,62944
251631,59396
251643,62274
206811,35846
208572,59394
227310,63510
165045,62944
191250,62944
154245,63188
187962,62944
251619,10652
208758,10652
208821,1370
232269,63418
171702,63188
172056,63418
210408,1304
249930,10652
61977,63418
253098,30500
183789,63510
208518,63538
234555,62860
249795,63510
251619,57414
62817,62944
164064,63186
206673,63510
251202,62944
181203,3382
234555,63510
208806,63188
235335,63360
67740,1304
156063,56714
203145,63418
211761,57414
248292,30500
200259,63188
248796,30500
251202,11262
253146,10652
205191,63510
223782,63510
226140,63360
242412,62944
249486,63510
252066,63510
196722,57414
197529,50718
210978,57804
238608,63510
253146,39186
203166,63510
71766,49888
72918,63510
248796,33886
208518,62378
217848,59394
179853,63360
159330,1304
161526,63538
197802,62944
201030,33886
205191,62944
194229,63418
204228,63510
72930,63418
129081,62944
179853,62944
242442,50718
251619,11262
179853,63220
222438,62944
62817,59394
203532,57414
208476,62860
251619,63418
205122,63510
210978,63510
224211,62944
242439,10652
179853,63510
208899,59396
224211,124
212181,30500
227295,61560
223776,61560
198279,124
217782,36722
154404,61542
212181,61560
60888,61560
228729,34092
230286,61028
71274,54864
227295,61028
207222,61560
224211,33886
217782,61558
212181,42132
212181,61558
60888,61558
181101,61558
212430,61560
224931,61560
60882,61672
178257,33886
212181,61672
212181,1372
194904,61672
198279,61560
208893,39186
235932,63188
249342,63136
252081,56714
198882,62944
246963,63360
244680,35846
75723,10808
203310,59396
212688,63360
197286,62944
205731,62074
252081,57414
172056,62074
71271,33534
154119,61280
208893,50274
153303,62944
251967,1304
154803,63418
157680,63188
220728,56696
231876,30500
204717,34092
241203,56714
212256,56696
244287,63136
191247,62274
206433,56696
207498,61348
249342,63360
183195,62944
210981,50274
242556,34092
203829,56696
208626,35732
66054,56696
211047,39186
212688,54290
248796,57414
66054,34092
71271,63360
207366,62376
223104,63360
252081,50716
252081,44302
198882,32496
206361,50716
208491,63188
251967,10652
202818,63188
208566,10652
252081,33534
71274,63360
206514,57414
154758,11490
208503,50718
222438,61280
225393,36762
250434,35846
154881,57804
181662,63188
238293,63360
191223,56714
192564,59394
163131,63136
229527,59396
204717,33534
208893,62274
229527,59394
238293,63136
71271,63186
176643,56696
239217,33886
197286,62378
208488,50274
251967,34092
212571,1304
239217,50716
208872,63188
206847,56696
154758,63186
250434,63136
153720,33886
208503,35732
217848,49888
232410,51974
71274,33534
203214,63188
193911,11262
207498,34092
222438,63418
203277,63186
249342,62944
128526,49888
206955,56696
230073,63188
207927,11262
203829,63360
206367,50720
207216,61672
160029,33886
215112,63510
250977,1372
225972,33534
172503,63510
215112,59394
204780,61560
247956,56696
203058,61364
227670,50274
228729,61672
173667,61542
163101,32496
171684,50716
227664,62944
250977,63510
211047,62944
209622,16358
220713,61672
183213,61542
193323,61672
177672,63510
250977,56714
192564,62944
227664,50274
178230,63510
242619,63510
208740,10652
60870,61672
201837,63510
227664,10652
88821,61364
203871,63510
237300,30500
231057,61672
173667,61364
173667,1370
211407,34092
182556,61560
221331,61560
154635,30500
212505,61542
211524,61560
25743,42132
204519,61028
207150,30500
186384,61552
194883,61552
178830,61560
203574,61672
184713,61560
64734,61560
182292,61028
65598,61028
208449,61542
234018,61560
163101,61560
166995,61672
182565,61672
189009,61560
232455,34092
219420,61672
225654,48574
222906,61558
173796,61558
238293,52918
457455,1370
226140,54290
222906,61560
178830,61672
184485,11262
153303,61560
182292,61560
183675,48574
194883,61560
25734,61542
203058,61560
187875,61672
191232,61672
457455,11262
238293,54290
204411,61552
61935,61542
240990,44302
165132,1372
173667,48574
187797,61560
153288,62074
248250,60
181203,57414
244404,35732
210141,57414
203133,59822
203328,50718
204243,62074
232068,62170
232269,62170
220011,62170
230073,50274
72117,62274
67740,62170
64299,44302
178830,62614
186384,49888
64299,62274
158658,62170
211047,1304
207243,62170
183645,56714
187734,56696
246915,55798
227469,54096
238377,55798
158658,50716
64299,62170
158658,39186
248061,53160
248301,62170
188961,62074
207243,56696
209976,63188
222894,62074
232269,53406
66918,62074
155556,62074
172008,50270
212748,61280
210981,53394
232269,53160
207243,39186
206979,62614
248550,62170
63873,30500
203133,54096
232614,62074
230073,50272
128901,62274
158658,34092
158658,33886
208479,35732
244404,44302
244278,62170
232455,49888
157938,10652
237057,62170
206433,55798
207243,62074
223389,56696
244404,39186
61344,39186
172161,62618
207240,62376
203460,62614
215247,51974
231225,1304
232410,59396
164871,61558
208722,62618
232788,50716
128604,62074
167316,59396
246618,61558
217782,62614
204483,50716
244041,62376
165786,61558
166356,39186
211344,48980
192564,62618
203460,62376
154404,62376
229341,39186
234018,50716
230091,62376
208572,39186
244878,39186
196845,62376
183195,62614
208722,49888
237840,36720
242439,59822
153744,61558
212445,62614
183195,36762
216948,62274
222750,62376
247134,1372
179853,36762
211344,54864
215247,32496
154434,11262
246618,59822
216948,61280
162957,62376
203460,59396
229539,61558
72045,59822
211344,32496
171702,49888
211344,59396
243789,10652
183390,1372
194904,59396
211344,55638
66336,62376
244878,1372
211950,48980
246618,61540
227670,59396
160029,62376
216948,62376
203232,52918
63867,61560
165744,61552
200964,61560
206646,61542
203232,39186
204189,53256
206616,61542
206760,51974
225501,50270
198981,61672
210141,61672
224787,1372
230286,34092
233970,61560
179838,61552
61482,61672
172056,49888
154041,61672
66054,59776
128469,61560
190152,44302
192756,61558
229737,61552
158274,61560
204375,61560
210120,48574
227973,61672
181704,1372
183576,61560
207102,44302
233163,61560
66054,61558
234093,61672
206484,61560
166362,61672
192756,61560
210585,50270
242442,61552
217380,11262
165744,44302
155271,61542
199854,61560
204762,61672
237840,3382
204762,61560
210843,61542
203232,50716
183672,61672
158274,1372
187743,33886
228438,61560
208788,61560
206955,50270
241329,61542
65640,61558
65640,61672
165750,61552
207099,50716
183912,50716
63867,50716
206748,61552
66336,39186
155556,61558
206823,61552
207099,1370
192942,61558
187707,61560
217536,50274
66054,61560
217620,61542
222843,33886
224208,39186
206748,61560
164640,61560
220728,61552
159831,61560
157767,34092
203073,61558
212283,61560
237840,61672
154119,49888
157767,61560
191238,61672
223518,61672
232269,51974
220632,42132
63867,61672
206412,61552
207387,30500
234297,61672
195723,33886
61935,48574
72930,61672
206940,61552
181593,61672
206616,61560
241329,61560
72108,61560
206838,61560
207102,61552
155556,61560
174513,61560
204228,53046
228024,61560
242442,51974
207330,48574
155556,50720
210120,61542
154434,61542
227616,61552
238572,61552
187974,61672
187974,61552
203073,61560
66336,61672
211407,61560
65640,61560
154008,48574
161403,61560
208509,61560
60882,61542
153642,61542
204762,61542
222306,49888
71301,30500
217536,56714
232665,50716
184635,54096
237252,63510
247974,10652
253146,62170
192768,1370
197286,63218
204762,63510
238572,63510
253146,62376
60888,62944
64959,30500
184635,62944
206940,63218
207618,63510
208515,50718
72930,63218
206358,56714
212256,62944
228564,30500
233559,63188
228741,30500
153792,63186
186177,63360
154011,63418
192564,63510
207243,62274
208758,63188
210834,63510
212448,62944
196455,63136
199242,10652
206481,63510
207999,49888
213102,63136
237195,50718
253308,63510
153303,62074
186177,63136
225393,62274
253308,30500
197286,63510
198945,63188
203454,63186
206481,63218
207618,57414
211047,63188
154881,63510
208515,63510
234297,62944
227670,63510
178938,63188
203454,39186
229527,63218
203256,61540
212301,49888
224169,62944
247002,61280
162957,56714
201030,54096
244869,63510
154821,10652
203829,63418
217848,36720
222750,63510
159831,62378
194883,62944
203055,62944
203700,63510
154098,50718
154707,1304
163101,62944
191556,57414
207243,61280
235335,62944
457455,61280
178830,63218
184635,63510
209880,33886
241305,63510
241824,62944
252177,63188
247002,63510
203214,10652
204411,63360
207822,30500
253308,1370
154476,10652
200502,61280
207102,62944
207102,10652
232068,50718
238878,63540
161403,49888
188331,63218
203454,63510
228564,63510
253308,11262
203820,11490
244680,63510
209796,62944
154707,63510
155403,63510
207243,63220
212445,63510
227295,50718
62817,63360
159033,63510
206856,62944
207102,10808
232410,33886
247002,57804
184950,33886
212448,63136
253308,62074
155031,57414
201030,49888
203673,62944
217848,50274
251493,33886
161403,33886
207102,63188
210129,63188
241263,63188
247002,62274
249342,63510
251625,56714
153792,63218
167316,63186
188787,63540
201030,30500
192564,63136
253146,56714
208758,61280
251493,1370
207999,63510
208524,62944
250629,63510
154404,30500
207102,59396
207498,63510
212337,50718
247002,62944
203055,63510
208524,63510
208515,10652
234297,63218
128526,59396
153792,62944
192768,63510
198210,50274
183672,63360
234021,62860
207927,63510
225393,63136
217848,62944
201030,33534
212301,63510
216108,63510
164640,62944
172056,36720
188730,63220
189045,62944
195723,63510
212445,35732
206481,63186
210114,63510
235335,61280
251619,1304
201030,124
61305,56714
201030,11262
208341,55798
203673,63540
211527,62074
201030,39186
204780,59396
238878,63510
248706,10652
208758,57804
183813,63188
200502,62944
203673,63510
229527,63360
247002,10652
154476,63510
244404,56696
244680,63538
247632,33886
217848,51974
248724,63510
72930,63220
203460,63510
217782,63218
60888,63540
176403,53386
213102,62944
249855,1304
201030,32496
212448,63510
242409,63510
244869,62944
204522,10652
206940,1370
227988,33886
247974,63510
197595,63510
212211,61280
252177,57414
224874,63186
206361,63510
211527,1370
232410,63220
60888,63360
187806,63360
201030,35846
249573,57804
72483,50718
212445,62944
252177,63510
155388,62274
172056,63510
201030,62274
66843,62274
181101,63360
203259,63510
203829,63510
212211,63510
212637,63510
232410,63510
188844,39186
206664,62944
206940,62944
227670,62944
232614,56714
153204,50718
172419,63510
209880,63510
187806,62944
212301,59396
222204,63510
153792,63510
154518,63188
222204,62944
64893,1304
201030,16358
251493,56714
158685,62944
154404,57414
211413,63218
229977,63510
251493,62074
203439,63510
210186,63218
249633,33886
188787,63510
222750,63188
158499,63510
153303,59396
188100,63510
191223,33886
249573,36720
233091,63510
246099,63188
208116,33886
234297,63136
246858,63510
203502,52918
251619,61540
205191,63418
206847,34092
236226,63418
250221,57414
250749,50718
217380,56696
208341,50720
61482,63360
224211,62274
156489,63188
187797,62274
219450,63360
72483,63360
157500,49888
224631,63186
248796,50720
238878,50720
59700,63360
206418,63188
154506,10652
162960,63360
229521,61348
203502,56714
220713,62074
250782,50716
158274,59396
159033,35732
154506,50716
172056,35732
203151,62074
187962,62378
154119,61348
208341,52918
243927,56696
248796,63186
251619,36720
60888,63418
206748,63360
208788,61348
208788,51974
217620,50720
243927,49888
248202,33886
65577,63188
183468,63360
208341,63418
172161,61280
211767,50716
238878,63360
60888,63136
203502,59396
203646,56696
216648,61280
201798,33886
199242,30500
61935,63360
188847,10808
210234,52918
154779,63188
183366,50716
231900,56696
208350,56696
66843,34092
251619,44302
65577,1370
245631,10808
215457,63186
203502,61280
207216,34092
238611,56696
203133,63136
72312,59396
206481,59394
203502,32496
190776,63360
191232,63186
203775,35732
251619,63360
234297,63360
241350,30500
219450,33534
208788,59394
247989,61280
211767,10652
140277,56696
203088,56696
167364,63188
224145,44302
210234,50720
249216,34092
203142,56696
244575,10652
166437,63360
192714,56696
250782,62274
224211,61280
204375,34092
210954,59396
208788,63418
247983,63418
158274,62274
187659,44302
167364,59394
215457,63188
154779,63360
154077,33886
198801,63360
203133,49888
221526,34092
236226,32496
129264,63188
161283,30500
239247,53160
251493,1304
201852,57804
206496,35846
249216,30500
251493,34092
235299,63360
61824,34092
198867,32496
61935,49888
246858,62274
250749,50716
191232,62274
251493,11262
183195,63186
247548,44302
163377,50718
250749,10808
194208,57414
221526,57414
208476,39186
191553,50718
194424,55632
251493,63188
249411,33886
65598,44302
183789,50718
247134,61280
246963,50272
61344,34092
191256,63188
249411,44302
72483,53160
212442,54096
194208,61280
250749,61280
249342,11490
154707,62274
232035,63136
247548,11262
181203,63188
246963,34092
244731,33534
194208,30500
194208,59396
241263,1304
250782,35732
163377,63360
250749,59394
220269,63136
250749,57414
195723,50718
72483,63136
154551,44302
198522,56714
153792,59396
203082,63188
206772,33886
153765,10652
153792,34092
154797,63136
194208,63360
202959,1370
246963,33886
225501,51974
166362,33886
227295,63188
59691,10652
157938,63188
194208,50720
244731,50720
222669,1370
206496,54096
59691,63188
210846,1370
154797,53160
216309,50716
153792,36720
176595,10652
194208,44302
183573,63188
197595,10652
61824,62274
218673,50716
246963,54096
244731,52918
246963,53406
175809,59822
251493,30500
210234,63188
163377,54096
209880,53160
183789,59822
212301,53406
210813,57414
194601,53160
211806,63188
180195,63188
236655,56696
192159,62274
232065,60
155052,56714
250749,57804
153048,50716
206823,35846
182565,62274
216108,63360
244731,36762
204144,50718
154032,63188
163377,57414
249159,50718
176595,56696
181371,10652
176319,63360
172419,53394
248061,56696
250749,53160
246150,53160
246804,62074
250782,1370
64365,50272
206496,1304
250749,33886
155388,39186
249411,53160
64365,53160
247548,50716
211527,53160
62817,61540
61899,50720
209976,44302
211527,61540
229473,49888
249207,1304
61899,61540
212301,33534
157416,34092
206361,54096
206955,49888
249159,11262
128526,48980
208341,59396
249843,33886
250782,63188
66777,49888
183789,56696
188685,63188
154275,16358
206760,61540
206955,61540
154275,63186
226662,62274
249342,61540
179853,53258
206697,59396
61482,35732
203145,49888
203145,55798
215985,49888
243789,62944
179088,49888
252480,50716
203082,49888
243789,50718
251619,61348
213513,63188
208518,57414
203145,39186
66915,50716
208599,63136
153315,63188
186447,63510
206784,50718
154374,63188
166362,63220
61344,62274
72930,63136
232065,62944
61899,62944
246963,63136
203646,63188
217494,63418
162810,59394
203646,49888
211527,63538
216648,35732
191226,63510
203820,62074
210441,63188
179496,63510
249081,62944
219021,63510
128334,62376
204657,63218
207618,63218
246711,63188
203256,54096
206838,16358
237840,63510
215985,50716
165045,63186
204054,11262
246963,62944
174513,63510
212397,39186
239577,1304
251619,54290
244380,63510
163032,50272
206076,59396
61482,62944
221196,56714
210795,63188
25749,63538
154011,59394
250221,36720
194718,33886
252480,62074
181101,63136
157767,62944
183195,63136
208092,59394
208092,63510
222906,63220
159330,50716
231663,63510
238032,61280
183492,63360
252375,44302
237840,1370
72900,62944
179853,49888
172587,10652
249342,49888
232614,1304
209880,11262
183468,63540
193965,63360
203388,63510
203646,59396
206427,63220
240990,63510
164337,49888
186447,57414
237840,49888
186951,10652
163101,63136
192300,63540
203646,10652
204054,63510
232269,62944
161283,57414
237840,59394
249081,63188
208515,62944
162810,63360
251142,62376
154275,63510
204657,63510
208518,35846
203112,62944
251619,63186
220011,62944
209796,50718
186951,63510
211812,33886
61344,63510
198873,62074
162810,63510
183489,63136
216648,62944
207240,11262
211812,1370
252375,50718
128526,63510
203646,57414
208524,63136
60888,51974
242856,63510
182292,62944
208518,1370
67371,16358
193323,63510
208092,61348
203460,62944
210795,35732
237840,61280
193965,63540
229473,63510
155031,63360
212442,50718
204054,30500
217494,1304
246711,63360
251619,62944
224526,63188
204657,62944
246711,57414
193965,32496
193965,62944
209796,50716
164457,63510
211812,56714
162810,62274
188637,63360
161283,33886
154797,62944
227292,62944
175809,63188
238032,62944
128334,39186
209880,62074
61899,56696
210000,62944
252480,11262
190776,63188
208893,62944
220011,63188
221196,57414
246804,30500
244158,63188
183786,63510
210171,56714
232065,59394
232269,10652
215985,63540
187797,62944
61899,63510
222906,63510
210633,63510
206634,1370
244380,52918
223104,63186
225393,63418
245631,30500
250947,34092
63876,1304
242610,61348
192942,63510
224874,63360
88920,63510
221610,63188
183789,56714
210186,62944
216948,57414
221526,54096
205353,33886
186987,63510
251610,63538
210978,63360
88920,62944
156057,52918
181110,10808
206955,63418
251085,56696
72483,57414
207084,56696
223071,32496
251610,35732
251610,10652
161526,16358
207339,62944
212301,56696
62337,54096
191250,63188
248205,62944
192942,62944
230028,56696
244446,62074
251631,61280
242610,63136
162603,63510
156057,63360
238032,50718
210978,56696
253308,49888
156486,63510
203790,63510
241026,50716
212442,56696
209793,56696
178257,50718
72558,56696
206988,56696
203259,62944
165126,63360
203733,56714
228315,56696
249930,34092
155556,59396
188787,62944
208761,63510
213513,56696
249513,1370
206784,56696
225396,39186
128763,59396
210933,51316
186078,16358
206475,63188
211950,56714
155388,61280
213885,36762
153138,63188
211950,63510
242856,63188
251121,63188
208524,61280
248178,56714
251610,56714
66879,50718
251610,62944
210834,50274
219450,56696
206958,63188
204657,63186
219231,63360
251121,1304
206427,56696
61899,54290
206811,39186
156057,51974
178761,39186
251610,63188
61899,59394
206667,63510
216948,63510
251085,49888
250275,56696
244380,63360
162984,63188
198873,50274
208761,33886
61692,62944
200502,63510
201522,59394
221526,63510
209994,63418
251253,33886
244731,59394
208080,63188
231102,33886
229263,49888
206823,56696
207267,59396
212448,56696
128763,39186
230331,63188
242232,63418
167571,33886
190152,59396
204057,39186
59700,63136
244731,11490
209796,63510
231102,35732
165126,49888
154953,33886
210978,63136
225351,33886
251085,11262
212301,63136
244731,10808
242439,63540
245154,57414
206439,62074
96444,63510
225012,49888
187659,63510
206433,62074
157224,62944
203106,59396
206772,63418
231102,124
238032,63510
156057,63136
203256,63510
229263,11262
203256,62944
210186,63186
244731,63186
249294,63510
206928,50718
206484,50718
206940,63186
162957,62074
162984,56696
128502,62944
128502,56696
206484,63510
206811,35732
231102,10652
234018,63510
161526,35846
188787,59396
250362,39186
206514,63510
207216,63510
77484,62944
163044,10652
226662,49888
251121,1370
216309,59396
225396,56696
248373,39186
242439,61280
213885,63186
225012,63418
210846,63510
244731,63510
251631,39186
249930,44302
206940,63510
195582,33886
195771,62944
203268,63510
206514,56696
156486,35732
205332,54096
222759,33886
206637,56696
179853,50274
251610,63510
198873,62944
251631,63188
234864,10652
207828,62376
230028,62944
156486,62944
211950,62944
248178,30500
248178,57414
190776,56696
248373,59396
250275,33886
206928,63538
217494,63510
165183,35732
206811,56696
197286,62376
251631,1304
207129,56696
243477,63188
200502,63186
226662,63510
236226,62944
207216,62944
213513,63510
77484,32496
186933,63510
234030,33886
250020,16358
206928,62860
210186,63510
206646,56696
251631,33886
238068,16358
64959,60978
154560,1370
172719,51974
174279,35732
206076,50274
209154,30500
206433,60978
231057,50724
231663,44302
238608,35732
206076,60978
192735,60978
206475,50274
207996,49888
217494,35846
162810,50270
203145,50270
178830,46632
210690,50270
154032,54096
209154,56714
211815,46632
216108,44302
176607,10652
68496,60978
164631,39186
128502,46632
156486,44302
187743,60978
67827,48574
195894,48574
222906,46632
233163,60978
185817,30500
207129,60978
67158,1304
185817,60978
203574,35846
206475,57804
212721,46632
164631,1304
206076,1372
206439,60978
61692,60978
155100,1372
234864,33534
236823,50274
186174,50724
206439,35732
67158,1372
185817,44302
211524,60978
231144,60978
232266,50274
210234,46632
185817,33886
206475,56714
231057,50720
238068,48574
205659,60978
165132,60978
203574,56714
206076,35732
180195,56714
208626,49888
65052,1372
206076,39186
174279,30500
210114,46632
207927,35732
155097,35846
208449,35732
153912,11262
195894,30500
206940,42132
208626,35846
162810,44302
166029,60978
210114,60978
208626,60978
66777,57804
160029,60978
203181,1304
238875,39186
224631,30500
206421,35732
236823,30500
208482,1370
162810,46632
202818,54096
162810,36722
67827,33886
177672,60978
160770,63510
195249,16358
225501,63360
249930,56696
154779,63540
244380,50718
187101,63510
252405,33886
211125,62944
213885,62944
203151,63510
210141,63510
231876,63510
201564,62860
206484,57414
206979,62944
250947,59396
172161,62944
206484,59396
206484,16358
72558,62944
167571,63510
183573,63510
201852,62944
225672,62944
237804,57804
248292,63510
221151,30500
59703,39186
223776,63510
225393,56696
203724,62944
197529,63510
203100,56714
248796,54096
59703,50274
165312,1304
203058,63188
220728,63510
247962,63510
232065,63510
252618,11262
196302,50718
206451,63510
241305,62944
183387,62944
200964,50718
205728,33886
128538,62860
188331,16358
206427,63218
214506,16358
231225,33886
207102,1304
247962,124
212445,11262
164064,63510
200964,62944
246627,50718
205665,63510
59703,63510
206364,62944
225501,63186
251967,39186
153888,62944
203175,62944
210897,1370
59703,10652
176643,35732
203232,62074
221751,62944
237804,62860
187101,61280
211125,63510
199860,63510
203133,62944
237804,50718
251967,11262
186438,63510
194904,63510
226662,39186
250434,63186
155106,34092
242619,1304
250653,33886
208758,1372
249294,35732
205821,50272
211125,61280
225012,62944
251721,56714
220095,1372
205821,34092
249294,39186
205188,44302
208515,1370
197286,36722
242856,50718
246618,49888
203700,62074
207330,10652
66777,63188
68496,62944
205815,62074
212478,63510
232065,59822
203295,63510
206448,30500
248706,50716
205821,53406
210114,57414
212211,62170
203175,39186
208572,50272
212256,50716
154665,44302
157710,50716
244005,10652
154035,10652
242409,44302
220632,56696
153312,63510
203073,63510
206439,63510
223554,63510
252405,56714
192768,10652
195063,16358
248061,1372
222438,63510
241203,62170
249294,49888
205821,62170
205740,57414
208524,54096
212775,56714
244731,62274
25743,63186
165915,50718
198573,57414
219132,63510
189012,50718
205188,59822
210876,53160
246054,63510
205821,53160
248796,53386
153402,10652
67335,63188
194229,62614
208515,34092
220632,50716
237057,49888
204093,56696
162960,61280
250782,50274
205821,54096
209622,56696
68568,63188
248292,1304
183450,63188
207822,63510
207150,57414
249486,57414
237057,50716
248373,56696
205821,35732
203184,42132
216309,50270
223728,59396
251721,63510
167571,62170
225699,63510
223728,62944
229620,50716
206940,56696
244041,62170
251235,63510
225672,35732
210342,33534
246963,63510
248706,62170
250653,62944
205821,50274
207330,50716
205821,10652
205821,50270
216498,49888
242571,1304
211533,61280
246618,34092
246618,10652
220713,1372
180672,1370
206856,50716
205821,33886
208515,62074
211533,56696
205821,51974
192159,62170
155106,10652
205821,57804
210876,49888
62337,36722
61902,39186
244005,55798
242151,54290
67314,10652
203151,39186
203151,35732
203256,62614
239217,1370
242151,10652
247986,59396
247986,62170
89013,1372
223089,36722
203829,55798
208788,49888
208524,62074
205659,62274
61824,55798
206646,57414
206439,34092
165744,50716
206439,51974
192564,53160
210834,61280
216123,11262
209796,34092
246618,44302
163554,50270
161787,35732
227973,62274
203151,48298
208449,56696
165762,33886
203277,50272
203178,62274
210834,50272
192564,56696
198882,53160
204144,59822
161058,11262
215985,63510
210168,62274
160770,50274
248796,54290
154827,49888
166128,44302
186657,56696
203811,50718
244065,124
158016,63510
238536,30500
247962,62944
248706,56714
64272,35846
207243,63510
253557,63360
248013,55798
154113,56714
194229,50718
207828,59822
212892,56696
198981,63510
155481,30500
238536,62074
225393,63510
249063,55632
216648,56696
238032,63418
238293,63186
251442,59394
64218,62944
72483,56696
166437,32496
196845,55632
196845,57522
248706,16358
244380,62944
253557,10652
232068,63510
66843,50274
253557,124
154707,33534
163482,63510
209799,63510
238536,33886
253557,63418
225351,30500
195063,62944
191232,63510
238293,62944
63582,59396
161058,10652
179853,58504
231414,62074
212574,1370
63582,33534
206358,63510
166599,30500
179853,11490
64218,35732
158274,57414
154011,10652
206358,1372
222759,62944
246711,3382
203052,56714
248796,57804
198873,56696
212748,56696
161058,39186
166437,59394
212574,11262
154167,11490
205188,30500
206952,62944
251085,62944
195507,59396
250434,1372
206952,63510
210114,62944
217752,63510
183105,63538
225501,59396
198873,32496
203052,62074
208533,11262
251235,35732
238032,62274
197673,63510
226140,63510
226140,62944
253335,1304
195582,59396
196845,54864
203142,57414
219048,56696
232827,39186
225351,63510
232827,62944
223776,59394
252177,56714
253557,11262
206076,63510
212574,30500
219231,63510
252177,11262
253335,1370
223530,1370
206667,62944
224145,1372
166356,63510
183489,61348
222759,63510
71271,63510
252177,10652
203073,16358
208533,62074
206358,63418
207222,63510
238878,16358
199242,32496
215985,56696
234093,34092
68496,34092
225747,62376
206667,63418
178230,62274
232614,63188
186657,63360
249486,63418
188331,63540
206979,63186
232035,59396
154506,63510
208584,57414
232410,63360
233559,33886
206670,63418
249297,10652
155388,55798
249486,56696
220728,59396
206664,56696
228060,63418
237840,10652
182295,124
204762,63188
249486,30500
154797,63360
216123,63188
186438,59396
229527,62274
228729,39186
246720,50716
211125,50274
215112,50274
62337,63136
154041,63188
216822,44302
210393,63360
237840,62274
241824,56696
183213,63136
71301,1304
247983,56696
241824,63418
186378,44302
249297,56696
205107,63360
206367,63188
165750,62074
219456,30500
244173,63188
154770,34092
203301,63188
234864,50716
80925,1370
186378,63186
166356,57414
233091,10652
154032,63360
249633,52918
166437,63540
242442,63418
64845,35732
189009,56696
206940,62376
232614,33886
234093,50274
212721,62944
129081,49888
242388,63136
239556,63360
203295,34092
216822,63188
154890,62944
232410,61348
72108,50716
209799,59394
210393,62944
211533,63136
232029,56696
154770,49888
242388,63360
206415,34092
206415,63418
251619,63136
206415,56696
186438,54096
227829,56696
223401,124
208068,10652
212574,33886
206364,63360
77484,63360
155085,61280
211815,33886
246804,50716
184674,59822
206928,54096
164661,34092
230331,53406
154881,50718
154713,44302
155388,63188
157416,49888
172590,59822
212397,63188
206670,63510
157185,62944
179853,62274
191256,63510
207102,61280
191316,11262
154713,10652
72930,53406
203058,50274
203829,62944
204057,63510
211632,35732
156489,59394
209793,63510
210393,63510
252696,11262
184104,39186
212181,63510
183213,56696
209793,11262
246963,57804
222540,63188
161283,62944
222540,57414
246963,63218
206673,63188
154665,63186
232788,10652
183195,51974
244278,53406
244278,59822
235335,63136
161058,49888
203241,49888
249930,59822
206346,63220
212445,63188
246963,51974
220011,63510
177921,124
225012,30500
206481,62944
204657,53406
211413,59822
200364,63510
246963,53386
202959,34092
203142,62274
161208,35732
249486,39186
153792,54096
153141,35732
246627,62944
206799,63188
204093,39186
212892,63188
246963,59394
206361,59396
207156,1370
71274,62944
203829,63538
195378,63188
203052,62944
203058,59394
181746,63510
203889,33886
206952,50718
203241,63510
217848,63510
148782,63510
204222,63188
186987,10652
246963,54290
186882,33886
212526,61280
203142,63510
207102,57414
212445,1304
154665,63188
154713,59396
246804,39186
244092,49888
202959,63510
250749,63418
219420,124
211527,62276
223776,63188
252405,1370
176319,63510
177921,35732
205905,63510
206406,63220
203889,62274
232455,63510
206772,50270
199242,33886
212232,62944
154713,54096
155085,63510
161283,63510
177921,33886
154713,63188
203517,63186
207129,63510
212181,35732
165786,11262
188637,39186
71274,63510
230331,35732
234864,62944
166995,53394
186174,63538
204657,61348
166995,49888
223776,63360
234864,54290
177921,30500
249297,124
66378,63360
153024,1370
242388,59394
153792,63538
166995,62274
186174,50718
252696,30500
203073,63220
229539,63418
66879,63510
207129,62944
190152,39186
210615,63510
221751,49888
62337,62274
166005,63510
212181,63188
166002,63510
207102,50274
246963,3382
195378,63510
203241,34092
232455,62944
250275,49888
212181,56696
206745,63510
220728,62944
221115,63510
158658,63510
181593,63510
212181,61280
249981,62944
251967,63220
56871,63510
251610,33886
212586,63510
156057,62944
203511,63510
203661,30500
153756,56696
154068,63510
159027,35732
167364,62378
192564,63540
203181,63188
204522,63510
234030,30500
155106,63510
208599,63540
224874,62274
165927,61560
238068,61028
167514,61542
203796,59394
230073,63510
156057,63510
207618,63220
211533,63540
249981,63220
193323,63220
232068,63220
249294,54096
96444,62944
203871,1372
224208,36720
157680,30500
203259,53386
210981,62944
206952,3382
154890,61672
154797,63418
154890,61028
203700,56714
221610,61552
206952,63220
172587,61552
251967,57414
251967,1370
70890,61560
179853,63538
206952,63418
210978,62944
220713,62378
211344,34092
249981,63540
232452,50718
165762,61672
249981,11490
187395,63510
154245,33886
220728,61560
238611,61672
246858,63220
208599,62944
226827,33886
186882,61672
204759,61560
153756,63510
209796,57804
227616,10652
154797,35846
187974,63186
96444,63418
249981,63538
251967,30500
210981,63188
203133,61672
209796,59394
211641,61560
243546,61542
154473,11262
187974,57414
63582,61542
72483,63418
195063,61542
216108,33886
72117,61672
211386,61560
159027,63510
209796,56714
184488,61560
211806,61560
249981,61348
203073,61028
208572,63510
188787,63220
210678,63538
208788,50272
208524,51974
237195,50716
212256,61560
224208,42132
203511,11262
203796,63220
252210,35732
208590,50718
179700,63188
242856,63186
242856,63418
56871,63188
237300,32496
212745,63188
61977,49888
230178,63220
179700,61542
165762,61028
187395,63188
208572,59396
185244,63510
209994,63510
70890,50716
252177,33886
154890,61560
188787,48574
206943,59394
216309,59776
209976,61560
216498,61672
203214,63510
210978,50718
207219,61560
156057,63418
198057,1370
179700,11262
199479,61558
165762,61560
238068,54096
199479,61672
181662,61542
222894,61560
183666,61560
61344,16358
167256,61560
176403,34092
183666,61542
196302,61028
205959,61560
220302,61558
167256,61552
203232,61542
212112,61552
181746,3382
165744,61028
206496,50716
188196,61028
203232,61558
212211,54096
222894,61558
206763,61542
206958,1372
211806,39186
248796,62944
188265,61560
195771,61560
128685,11262
65313,61028
210120,10652
233970,57414
71301,63188
247986,62944
154035,57414
59703,61560
236226,61028
251235,39186
195507,62074
176403,61560
185067,61560
247986,62074
80925,62944
153867,11262
240990,48574
153288,61028
205659,42132
251253,56714
238377,61028
183813,50718
187395,61560
195771,49888
161526,61542
206955,61672
210120,33886
157398,61552
206763,61560
238827,63188
72645,61560
210843,50718
208341,63188
223776,62944
226140,59394
233427,57414
158766,39186
197799,61560
206496,63188
206667,33886
222159,61542
72918,62378
164007,50718
181662,61560
66378,61560
227223,61542
157710,61560
61824,61560
231057,33534
211527,61552
157398,61560
172035,61552
129081,32496
207243,62944
246216,35732
194208,34092
207087,61028
201522,39186
246216,50716
223776,49888
216948,49888
222669,63540
203727,1370
213885,63136
207390,39186
153381,59394
205122,61560
220302,61542
188844,55798
238572,61028
201522,49888
187797,61028
206484,61028
161526,30500
225276,61560
65313,61560
128685,61560
194904,61560
206763,61028
192159,61560
246216,30500
239508,50716
176577,63188
246216,10652
206952,53386
234093,62944
213885,51974
220302,50716
192300,50274
225390,1372
164064,35732
184509,11262
232065,37644
154812,61028
189045,61028
229812,35732
220302,62944
179838,59822
198801,50272
207243,61028
164970,1370
211344,61028
207996,1372
226827,35846
229341,35732
160770,35732
191247,61028
154077,35732
154821,48574
210690,35732
231282,35732
218121,61280
203175,61028
234120,61028
211344,11262
221115,49888
187707,53386
223389,59822
153912,1370
167364,48574
232266,56714
208509,35732
208806,61028
238875,48574
181704,35846
153912,35732
229341,44302
227238,1304
62337,36762
205662,61028
186177,49888
206343,50716
212745,35732
212337,35732
155556,32496
221526,35732
203388,48574
234156,61280
158016,39186
235842,33886
61305,62378
158274,54096
224211,63186
176403,61540
226623,50716
247983,59396
153675,50716
153675,63188
154035,63188
210234,49888
213885,61348
190776,57804
208068,50718
200508,62378
234864,33886
238887,57414
178830,61348
235842,50716
167316,53406
242409,63188
241026,60978
215247,60978
200259,49888
198552,60978
153423,35732
173667,61280
229521,62274
208491,42132
222204,35732
198990,35846
232410,50270
154707,35846
195372,57414
227664,35732
158766,10652
158766,44302
201852,50720
207123,56714
61824,35732
206418,51974
208491,44302
203268,1372
188343,1372
206412,48574
210234,62274
61482,49888
158016,63188
59703,44302
200508,57414
227988,60978
234972,10652
249216,59822
248796,59822
218121,16358
25734,39186
61824,60978
211476,49888
212892,35732
178068,35732
154770,10652
203232,63188
166128,63186
200508,59822
212430,62170
212592,35732
205959,62074
203661,35732
207147,48574
192717,48574
210393,61280
242442,36762
236655,48574
242442,59822
167514,63188
181593,10652
167514,1370
226623,124
210393,54096
231144,39186
231909,50272
206364,46632
210678,54096
222225,60978
229521,50272
178830,59396
207243,60978
211527,50718
129153,48980
129081,34092
198279,60978
211683,35732
194883,35846
207600,35732
191223,35732
191223,44644
211047,60978
25734,10652
154068,60978
25734,124
157416,48574
208491,50274
208491,54096
153348,11262
166356,60978
200259,30500
184698,35846
212442,49888
194883,50272
211524,35732
71271,45912
198552,35732
232269,50720
154506,60978
195063,60978
225654,30500
163101,59822
191316,61028
240924,61028
239577,10652
207999,61028
160029,10652
172035,10652
240924,49888
236520,44302
25743,10808
166029,61028
210615,50724
232455,61028
195723,1372
240924,44302
203661,1372
206613,49888
183390,61028
210813,61028
211473,50274
206613,56714
226662,61028
154698,63136
203184,63186
208521,63136
239592,62274
252177,35846
252177,16358
240924,39186
186657,61028
244041,10652
230028,61028
203820,63418
155100,48574
155055,10652
244041,63360
251202,54096
252210,3382
205659,63418
207597,57414
212211,63360
216033,51974
252177,56696
208524,63360
240924,35732
225501,50274
250668,56696
222852,11262
216033,49888
188961,35732
205905,56696
208341,56696
252210,44302
200502,63188
203178,56696
203661,63418
208485,50720
154509,59822
221115,63360
183390,11262
183573,62074
206646,63188
236655,30500
203316,35732
210678,50968
251202,44302
155052,34092
203673,63360
207999,63418
191316,63188
207597,63360
252210,34092
210813,48574
160029,63360
160029,39186
251202,59394
252177,34092
224280,56696
222306,35732
210234,63360
251631,44302
240924,48574
216033,63136
203112,50718
210795,1372
181746,11262
252177,39186
203829,34092
248013,49888
252210,32496
179838,35732
69060,56696
75723,63418
201564,35732
192159,61028
211950,34092
252210,56696
208521,63188
250653,1304
252210,35846
183573,59396
250020,63418
63582,56696
191316,35846
208521,63360
216033,63360
249513,34092
191316,63360
252177,50716
208533,63188
203871,63418
186174,63136
187962,61364
225480,35732
64365,16358
206784,10808
205659,63360
176403,60522
208566,61364
208521,1370
251631,54096
208533,1370
250668,63418
191238,56696
203214,61364
66915,61542
172719,50716
210051,35732
203247,61672
242556,33886
244404,61540
163377,11490
153600,39186
208566,1370
216309,61348
203661,61672
251202,33886
251202,50716
252210,124
213102,61348
252210,50274
252210,50716
206376,61364
197799,56696
153744,59816
153675,33886
236655,56714
252210,61280
183195,44660
210168,56696
210168,63418
219030,56696
203145,61672
252177,63186
153675,61364
60864,63360
252210,1304
208539,39186
250977,30500
252210,59394
154956,61552
162843,59816
211965,62074
208518,44302
241350,56714
63582,63360
241203,63188
162843,63360
203052,56696
212892,63360
182292,61672
212571,61558
153138,61672
153141,61672
252177,44302
153642,61364
182295,61672
241350,34092
203829,61542
56871,61672
211965,33886
70890,61672
157680,62074
204780,61558
192771,61558
210690,61672
212112,56696
207366,30500
229263,61542
209625,11262
234093,49888
205659,35732
206868,61672
241350,49888
212721,61672
153744,61542
199860,61558
153072,61542
233040,35732
244404,33886
244404,61552
233040,61364
204057,61672
154956,61672
216309,61280
192771,61280
211965,61364
234864,39186
241350,48574
209625,57804
208518,61672
203445,61552
244404,59816
210342,61672
210882,52918
154494,62074
217782,61542
243927,61672
211683,50274
226623,61542
206868,62376
245154,49888
203142,1372
157224,53160
176595,30500
245154,32496
191232,50272
72312,62274
203133,53160
212748,53160
220302,30500
184485,53160
167082,124
225654,62376
234555,62170
162843,53160
242430,53160
247632,44302
234555,53160
206868,53160
176595,39186
71409,57414
172035,49888
176595,33886
166128,53160
232410,53160
225654,59822
241350,1370
194082,53406
154113,39186
72312,39186
204141,57414
198882,62274
194082,44302
225669,59822
212586,56714
213114,59822
175239,10652
208560,60978
208740,1304
184863,35846
227670,60978
223968,54096
64353,50270
204771,60978
206847,60978
233163,39186
206613,60978
228564,39186
211950,46632
187101,50274
226848,60978
206745,35846
207339,50724
228564,60978
203868,39186
228564,49888
164064,60978
221331,46632
210843,39186
208476,16358
175239,39186
192618,35846
197595,10808
203829,44302
208617,48574
208617,39186
197595,60978
175899,61542
240939,1372
179790,61560
153381,61542
154035,61542
175899,61560
183195,61028
59691,61560
179700,61560
204780,61028
67371,61552
154146,61560
206406,61560
204780,54096
204480,1372
191247,61560
154881,61028
203439,33886
207114,61542
197529,61028
166362,61560
223968,61028
239577,61542
210843,61560
183450,50270
154041,61542
203502,61560
220632,61542
162843,61558
161526,61560
198873,61028
223968,61560
71301,50716
207996,61560
208116,1372
209880,44302
239247,61542
244404,1372
196302,62170
154035,1372
154245,30500
206367,62170
175899,1372
210816,61028
209625,30500
203502,53394
206361,55632
218265,61280
200259,57414
191256,48574
200259,50716
184698,10652
219381,1372
231414,11262
194883,50968
165750,62170
219048,59822
214968,62170
209625,50716
218121,35732
186177,62170
219048,62376
214968,1372
238263,34092
231900,52918
207105,34092
166029,59822
207150,1372
243408,61540
210393,10652
154245,50716
70890,11262
246711,34092
165687,35732
158016,35732
203502,56696
203796,56696
203796,53394
156489,50270
63582,30500
64893,62170
210120,49888
192300,62074
67314,1304
165132,63188
237804,53394
249297,50718
230286,50718
167451,39186
247986,63188
249795,59822
228060,50720
246150,59822
72312,50272
210114,16358
223728,49888
206484,49888
197529,63186
206811,63188
211047,57414
162843,59396
248796,49888
227829,1370
231102,49888
244479,50718
247548,59822
242409,33886
248061,63188
224211,35732
221151,50718
228060,62274
246150,62274
203388,50718
197529,54096
61824,63186
153048,50718
183645,50718
206406,50718
220728,53394
248796,53160
230286,53160
208068,61672
227292,61672
207828,49888
206937,48574
208899,61542
214968,48574
184713,61028
129081,61028
206937,1372
89013,61542
157224,61560
215247,50270
96138,61560
208485,50270
212232,61560
242388,61672
206937,61542
154665,61552
186174,44914
215247,34092
220713,61560
212469,61028
162810,61028
207600,61672
208485,1372
72558,61672
232455,61672
154275,61560
240990,61672
207387,61560
88821,33886
231876,61028
223782,49888
232455,61558
195582,61552
234156,1372
206937,61028
60888,61552
215247,37644
198801,61560
219132,50716
153048,61552
176472,61560
212232,61558
206427,61552
242388,10808
206940,61028
217293,50716
207096,61560
231876,61560
215247,50272
220713,61552
206937,35846
212232,61672
232404,61560
203502,60978
207084,48574
187707,50268
209799,60522
223089,39186
187797,46632
166128,50268
218061,35732
208449,60978
191232,50268
195507,46632
206637,60978
154797,46632
210882,35732
187797,35846
203733,48694
177873,48574
205122,60978
203112,50270
203100,35732
64860,60978
176403,50268
203502,46632
175239,60978
155034,33886
154077,60978
203106,35732
194904,60522
203118,11262
219030,30500
203796,60978
203118,60978
203532,39186
203118,3382
203322,44302
203118,56714
208473,48574
212220,50268
203532,35732
203460,60978
229341,60978
157680,11262
203214,61028
207330,61542
190113,50270
208485,1370
213513,61552
194883,50720
203259,61558
203310,1372
204144,61560
154698,33886
222438,61560
237675,50716
77484,50270
25743,61558
161667,61560
191451,61560
203670,61542
207828,61552
236973,49888
208797,50716
199854,50724
154698,50716
198873,61542
242409,61542
154827,50716
208476,61558
157398,50720
203241,44644
202638,61542
203214,61560
154956,61560
196845,61560
206634,61542
215517,11262
64272,61560
235191,61560
237804,61560
206442,61028
207588,1372
172719,61560
242556,61552
222516,61542
234864,50272
203673,61028
242151,61558
201564,33886
206442,1370
229737,61560
158685,50272
191316,1372
65637,61028
190113,48574
154881,61560
222159,1372
208515,42132
155016,50716
242151,61028
176577,33534
191451,16358
230178,61560
163101,50270
202638,1372
208482,1372
232452,61560
203175,48574
153726,42132
208515,61552
210795,61542
208788,53160
192564,61028
206304,33886
187875,61560
229521,61672
238293,61672
199242,42132
193323,36720
186438,50968
208449,61558
238293,16358
199242,61552
206667,61560
153756,61560
222750,61560
158742,50716
172161,61552
212442,61560
206421,61672
206625,61560
206637,61672
231225,61028
226662,61672
186438,61028
241350,10652
208080,1372
222750,50716
153423,61672
162810,61560
227664,30500
162810,61558
157080,1372
153888,1372
61305,61560
206799,61028
224211,42132
72558,61560
206304,61672
238293,61552
231225,61672
206823,34092
194229,62400
166128,62400
234297,62400
232035,62400
243789,62400
157500,62400
64893,1372
208503,39186
201852,62400
238689,39186
198534,62074
222306,39186
183213,50718
186078,62400
232035,57522
246711,50718
208488,50718
208485,39186
187734,62400
197286,35846
237765,50716
242409,59822
229341,53160
245631,62400
203316,39186
181593,62170
198882,50718
223401,42132
61344,62618
232455,62400
154077,62400
163482,50718
244479,62170
183576,59822
246618,33886
167256,62400
203460,53160
72045,42132
208209,62378
217002,50718
223104,62378
243789,61558
66336,62400
178068,62378
203175,62378
203790,62170
242571,39186
188961,39186
207465,62618
153381,62170
208575,39186
245631,35732
246618,50718
187707,55798
208539,62400
229341,49888
183576,10652
208626,59822
203259,62376
222750,62400
197286,42132
208476,62170
236775,1304
166128,62618
242409,62378
166128,62616
213102,62616
64893,62376
207216,62400
157680,39186
246711,50716
242556,62170
187707,62400
208521,39186
186657,33886
222894,39186
183576,33886
194718,39186
246720,50718
229341,55798
183789,62376
63690,57804
203184,33886
198210,62378
64893,59822
227310,62614
204243,10652
204276,50718
157398,62400
248061,54096
187743,1372
205959,53394
211815,49888
228060,55798
203106,62170
176643,50716
223728,44302
186438,33886
203388,35732
153888,33886
206361,49888
191232,56696
208482,39186
223071,56696
181371,62170
210393,56696
188331,48980
204141,56696
245154,53160
203058,124
208812,49888
166995,10652
203727,56696
195723,49888
221115,53160
203106,49888
153867,62170
154998,39186
211761,30500
242610,36762
248598,57414
207996,53394
247374,39186
227343,34092
248598,11262
203709,35732
242610,36722
210846,34092
154770,53046
230091,62614
195723,56696
164457,50720
230091,53160
249159,1372
229521,49888
165312,56696
166005,53160
248598,1370
176643,11262
206418,53394
241824,44302
67335,57414
235299,53160
223071,53394
186882,62170
206418,49888
208575,53160
223776,53394
203106,56696
221115,50274
235299,44302
226662,63188
249573,50274
129135,50718
183387,63360
194883,52918
62817,52918
184104,63360
156486,59394
178830,63360
251253,34092
205959,62274
243546,10652
208692,59396
154011,62074
211533,50720
164064,59396
66843,52918
95988,63360
157500,34092
68568,62274
176403,52918
199860,63360
206979,62274
206940,63360
201030,35732
199242,50720
211533,1206
128469,34092
204657,52918
178830,34092
248202,50720
217494,52918
203118,57414
226140,50274
242442,61348
246042,34092
244173,30500
207114,30500
129135,62274
178458,63360
211476,63136
68496,52918
249216,62274
188331,35846
154476,52918
211527,62274
206868,34092
199479,62944
199860,62944
66777,50720
216822,62944
153423,63188
248202,52918
156486,59396
164064,44302
247989,63360
224211,50720
154011,62274
249216,61280
245046,1370
224211,52918
207114,39186
244446,63360
156486,50274
184104,30500
72117,63510
242430,11490
217848,62274
209073,63510
191226,50720
234093,63360
95988,50720
244446,50716
203178,63186
235299,39186
220170,63510
217620,52918
211815,63510
128502,62274
63582,62274
205353,30500
166362,62944
166995,63510
171684,63510
249687,62944
166995,63360
235299,62944
249687,63510
192771,63218
203073,49888
203259,63186
216498,33534
223089,53046
249513,11262
250653,50716
203175,63188
250020,39186
250653,44302
203259,59822
203868,63188
211344,61280
162984,56714
178458,56696
248202,39186
203175,50274
232410,63188
206637,63188
191892,50274
210834,62274
203175,50270
128538,63186
250653,34092
250362,50716
209073,55798
211344,11490
210627,50718
244041,61280
249513,33886
220632,62074
250362,30500
239217,63188
244041,56714
250362,54096
250362,11262
234297,63188
154476,11262
203454,62274
128538,10808
66033,1304
210834,44302
249513,50716
156057,61348
250653,50270
64353,30500
154779,54096
65577,50718
154869,30500
191223,63510
229536,53046
217752,124
155043,63218
218121,63218
64218,30500
183195,63218
210051,33886
154245,10652
153720,30500
198210,59396
223518,63510
64218,63360
155034,1370
194229,63538
210051,63510
179088,61280
208893,63510
195771,124
208881,63510
154881,63218
209970,30500
198210,63220
200502,63218
163554,59394
223518,56714
249513,63510
184113,33886
188700,59396
209970,124
249063,50718
154881,62944
249513,57414
208521,63510
196455,63510
154494,63218
154743,63186
223518,63538
64218,63136
231459,35846
229536,59396
178068,63510
187974,33886
208872,63510
223104,50274
68676,39186
208566,63510
223389,62274
247260,57804
244446,63510
249063,63360
195771,63510
194229,63218
244446,33886
167256,62074
203316,56484
183789,48574
217494,50268
229527,1304
175266,39186
180495,56714
154506,11262
199854,50268
237195,35732
180801,60978
155031,60978
70890,46632
174468,44302
206349,60978
220713,50724
175266,42132
192942,56484
203301,60978
225501,56484
71301,60978
72930,50268
167676,46632
227670,56484
129135,50268
210846,60978
67764,39186
207105,50270
187974,54096
202959,10652
231057,35732
203064,1304
185244,35846
180801,33886
186933,50724
224874,44302
226662,54290
205662,42132
203064,48574
206349,10652
229527,16358
237804,50270
194883,10808
61908,35846
72561,48574
206634,11262
60882,57804
203295,33534
194883,50268
180801,50272
224208,48574
212640,60978
60882,50274
187224,35846
183789,49888
205728,1304
196845,60978
163131,124
154827,48574
208536,56484
163578,1304
198534,124
251382,39186
231909,1304
154953,59396
211236,34092
222906,57804
249294,30500
154473,62074
228687,50716
203145,62274
222906,36720
250221,53386
211236,11262
203271,1372
154494,61558
166356,34092
251382,50716
211236,33886
229812,61542
222906,61348
210954,61028
188961,50716
209880,61542
208509,50274
238293,54864
220632,61558
210843,30500
199242,1372
210843,50716
232410,49888
212478,62944
176595,48574
212745,61558
251382,49888
181101,61028
252210,33886
223776,61028
224211,61028
154494,61560
210954,61560
154578,61560
198801,61028
198981,61552
177672,61552
203232,44302
203673,63186
212256,61552
242412,44302
238293,61028
207618,61542
203310,39186
209976,33886
225276,50718
61824,10652
231282,61542
210234,59394
222516,59822
250362,53160
176595,11262
216981,61542
210441,61542
61824,33886
199242,61028
240990,42132
179838,1372
208560,63186
210954,50272
60864,62074
158274,61542
176595,61542
203460,16358
198573,62274
224874,53160
220179,50716
220632,61560
184698,53046
187707,61558
238293,57804
158685,10652
210981,54096
177672,61560
154434,61560
204519,55632
208590,1370
160029,61280
172161,63186
250362,63186
242442,61672
250020,53160
212478,44302
182556,39186
224631,33886
178830,61364
204771,63186
250020,35732
246339,33886
211815,61364
167364,61542
204189,53258
244878,35732
154707,39186
204189,53048
211683,59822
182556,35732
208806,50274
212112,56714
246339,50718
197286,36762
210978,50274
200502,61552
186657,59822
206355,59822
206958,50270
206868,61028
244878,48574
224631,50716
250668,53160
206364,62074
224787,61028
200964,52918
206868,44302
197286,62170
65577,62074
171684,35732
211815,59822
232614,59822
129204,59822
165744,59822
158499,61364
232035,62376
208881,59816
200964,60522
183468,53046
212748,61672
236520,11490
181371,59822
210186,61028
208740,35732
65577,59822
206346,44664
242412,35732
63690,30500
212748,50970
238032,61542
63867,61542
165915,50716
206433,61560
204189,61542
212637,61560
206856,61552
153912,57414
167364,62074
159027,63186
191553,11262
251202,51974
208506,10652
241203,57414
210234,62944
211344,36720
252210,62944
251631,59394
191553,39186
211344,63360
251829,34092
209622,63186
166029,50716
251202,59396
198279,59396
191553,10652
210978,10808
231282,62944
61902,35732
162957,50716
249633,55798
221331,62944
251967,63136
185067,63360
191553,50716
251202,63360
203181,39186
211344,51974
251631,49888
162957,33886
198279,50274
250362,10652
250977,63360
203868,10652
162957,10652
211344,53386
208722,63188
249633,49888
165684,49888
226848,63188
200964,63360
183573,62944
198279,63188
203673,59394
206427,63188
210978,36720
211344,52918
251631,63360
251631,63136
237300,49888
179088,50716
162957,49888
212445,34092
200964,63540
249633,59396
203268,61560
211950,61560
191238,1372
202638,48574
208617,61560
224526,61560
128502,61560
210825,61672
242856,61560
162984,50716
183921,61560
203175,1372
180495,61560
140277,61560
162957,61560
204657,61672
206847,61560
162957,61672
184605,61558
165045,53046
203142,61542
204768,61560
208617,61558
223104,61560
243408,1372
207240,61560
208539,61552
243408,50716
163482,61028
203142,61560
163131,61560
72045,61672
210981,61560
192564,61552
221331,42132
202638,61560
221331,61552
188637,61560
197529,61560
203175,42132
165045,61028
71271,61558
198210,44302
203259,61552
203214,61542
208806,61672
208533,1372
158499,61672
204924,50274
208503,1370
208206,61560
231282,44302
243408,61560
25749,61028
234972,61672
165045,61560
192714,61560
172704,1304
187839,61552
237252,61560
204924,49888
72045,61560
227988,61560
163377,61028
200502,61028
208476,42132
205815,1372
203790,61552
238293,53386
178230,61560
223554,33886
209073,50272
212592,49888
225747,61542
224874,50274
204483,61560
194229,61558
198210,11490
242130,48574
208515,50270
208521,61560
96444,61542
196455,1372
203511,10652
205659,62170
204657,50720
213987,61542
242505,1372
154032,61560
184713,57414
204657,50272
246870,61552
224526,48574
184713,33534
219450,50716
204654,61542
242571,1372
232410,61280
242505,61560
153138,56696
72483,16358
180495,39186
208881,50718
212469,61552
203145,61542
61215,56696
71271,54864
177474,61542
208797,56696
231414,56696
208893,16358
231057,61560
71271,37644
203868,61028
208560,56696
242412,56696
209796,50270
212592,50270
153756,39186
231057,61558
209796,55798
196455,61542
157398,61542
219231,56696
199854,61028
203388,56696
196455,11262
202959,10808
203511,1372
204228,61560
207078,10652
196311,56696
245046,56696
212526,61558
212448,48574
158685,1372
232656,30500
217293,61560
233091,61560
239217,56696
203517,33886
154167,61552
195894,61542
197835,61560
216822,61542
158685,61028
238536,39186
224631,61028
188637,35846
71766,61558
154740,61542
192717,61542
166362,60978
64764,11490
153141,33886
185244,61560
207078,124
215985,1372
242151,50720
206760,37644
128700,44302
154779,1372
236226,61560
205815,61560
192717,11262
195378,61542
208347,61028
154740,1372
155106,61560
202818,50270
174195,61560
65640,33886
184509,61028
128700,51974
237840,61028
176643,59822
237840,50272
157185,48574
206670,42132
154551,61560
188844,61560
2061063,60978
183387,61560
68568,61560
60888,53406
72930,61560
129081,61560
161283,61560
220269,61560
155556,54096
210120,60978
195372,61560
237840,1372
197676,61560
236226,61558
183387,61558
154167,61560
212445,50968
197835,61552
208482,60978
128538,35732
191451,56714
206763,42132
208821,49888
210171,61028
223401,35732
153792,57804
179790,1372
187743,48574
191451,60978
174513,35846
154779,59822
237840,48574
210678,60978
208545,60978
212469,60978
238536,10808
206367,62376
193323,62400
208116,61558
191226,61558
220632,62400
165726,62400
203064,61558
226662,61558
184488,61558
182292,61558
207999,61558
68676,50718
197529,61558
223104,61558
197799,61558
206607,59816
211683,62170
244005,59816
209793,10808
60864,62376
157398,61558
207087,53160
188700,61558
197529,62170
210393,62400
183675,61558
244005,62376
191226,50718
231057,62400
72645,61558
203106,61558
167364,34092
226623,61558
244380,54096
187974,1372
206607,62400
232269,34092
188700,62400
204228,62074
60864,59822
243954,61558
165726,61558
206358,39186
66378,61672
194883,61558
238611,61542
65313,61672
140277,61542
153381,61364
172035,61672
237300,61672
201852,61672
206496,61364
227616,59816
204093,61560
201564,61672
231909,61672
181593,61364
206952,61672
207387,61672
188730,61560
191256,54290
210000,61542
226623,34092
203820,61672
225669,61672
188637,61552
222750,50720
188787,61560
206952,32496
213987,16358
211524,32496
204228,61672
210171,48574
59703,61672
191256,61364
206952,49888
185067,61558
193323,53386
206484,50270
188787,61558
153312,61672
205815,48574
69249,35732
208599,61552
238536,44302
60870,56484
235842,61672
235458,60978
210876,61552
234021,48574
210168,42132
217782,61560
195507,50274
154011,61672
68676,61552
167256,10652
196311,61542
164064,61558
212586,54096
234972,61552
174513,61552
228060,61672
154542,39186
207267,61552
209697,61672
210978,60978
128901,44644
206355,56714
213114,61552
198867,61364
206823,61672
188787,59822
62337,60
227343,61552
228060,60978
154758,35732
204780,59816
232656,35732
225501,61672
203700,35846
206451,35732
182565,61560
232410,61560
208617,44302
203868,44302
220713,61364
234093,50720
61344,50720
206364,35732
197286,59816
205959,61364
232068,60978
239217,60978
206940,59816
183666,61558
206367,34092
217848,61560
231162,39186
182565,61558
204054,1372
153792,61028
224925,10652
184863,33886
153645,48574
172704,46632
155043,39186
154551,60978
164007,61028
232665,60978
183387,60978
204057,61028
206850,60978
204054,61028
210141,61028
182292,10808
204222,35732
235458,39186
188844,50274
239217,48574
166599,35732
159831,33886
128502,61028
72483,42132
64218,16358
25734,54096
198873,60978
207345,50274
193323,50268
210627,60978
211524,61028
224874,60978
63690,60978
219030,61028
206667,50268
188106,50268
203073,1372
155388,30500
65631,48574
129081,60978
208473,46632
208812,48574
129135,57804
165717,60978
211989,30500
210978,50272
231900,61028
212748,48574
211989,60978
128604,49888
163251,30500
187707,37644
231162,61028
186174,59822
66033,42132
210051,39186
208575,49888
178938,35732
64272,49888
175899,44302
208515,30500
208554,49888
154698,30500
238875,30500
188787,46632
191250,39186
234297,46632
174195,30500
237675,11262
224631,56484
206427,60978
208506,56484
211548,50724
208788,56484
222438,60522
186987,39186
211344,46632
208506,35732
186447,1304
165312,10652
216564,46632
208506,39186
231708,10652
238608,36722
155085,49888
191232,56484
227223,30500
155016,60978
153138,1372
2061063,50268
221331,56484
203820,54096
208500,39186
208485,54096
162603,60978
166437,44302
211947,33534
172719,49888
208545,44302
65631,56484
178818,11262
194082,60978
154578,60978
210678,50268
166356,35732
2061063,50718
201837,50718
202818,57804
194082,61558
215112,61558
153048,33886
153141,1372
208092,55632
208503,57414
184950,34092
208554,61558
189009,62376
243477,59822
229812,57414
229341,1372
191556,61558
205947,62376
196455,59822
242130,1372
189045,61558
221331,50718
246054,34092
155097,62618
153048,59822
203322,50718
158016,59822
231414,57414
211344,62400
209793,50718
61344,48980
206670,50718
200259,61558
200508,56714
243477,62170
153744,50716
158274,34092
230178,62400
208503,61542
192564,53046
243477,62376
158274,124
229812,61558
203532,50718
236775,1372
72561,50718
232503,59396
187386,48980
209796,61542
63876,50968
61899,52918
186933,48980
153279,1372
232503,30500
221331,59816
63876,50970
216366,1372
209796,50274
232503,11262
63690,53046
153024,39186
154578,59822
153048,62376
175878,39186
181110,39186
181746,61542
209796,44302
154770,59822
207822,16358
225351,50718
206964,39186
67158,61542
209796,59816
229620,39186
206616,39186
186933,1372
211413,50718
203574,39186
207366,39186
209976,62074
154812,59816
198801,50718
208503,59822
128526,62376
173796,50716
212181,48980
203820,52918
155055,39186
196311,39186
184713,59816
212181,50716
222750,52918
206427,52918
228687,50274
212181,39186
185817,39186
196311,57414
236973,1372
229473,61364
237057,59822
154404,1372
185067,61364
244065,59816
210816,61364
222843,1372
244878,61542
210813,35732
208560,57414
200508,52918
208761,1372
208515,48980
211767,52918
221610,59816
154374,30500
228687,39186
187659,54096
240912,61542
208740,39186
203184,59822
229737,61364
215298,50716
209622,59816
173796,61364
201798,62074
210690,10652
153381,62276
162984,33886
187797,62376
183645,39186
166995,10808
164337,39186
172587,59822
239577,59822
223389,61364
65049,39186
208872,61280
206406,1372
153792,52918
183366,61542
180195,39186
167676,34092
59691,62376
72117,61348
205107,59822
206838,61364
65049,59822
65058,39186
59691,61364
65328,61364
202959,30500
154167,50968
188730,62376
207498,61364
65058,30500
203775,61542
204762,59822
227115,59822
238572,53256
192942,63188
199044,30500
199044,50716
213114,59394
234156,57414
206484,59394
201852,59394
72930,48298
153960,10652
208521,50274
221526,62378
235191,10652
183489,53160
158685,11262
158685,44302
251169,10652
167364,61348
219381,124
212748,10652
246858,63136
221526,44302
153048,10652
72930,61280
232035,61280
208488,59822
154551,49888
204411,62274
208209,63188
232614,35732
205188,63186
235842,57414
208521,59394
205959,35846
246618,1304
211344,44302
208503,49888
165726,16358
224280,1304
211965,53394
153792,50270
246618,62170
215247,1304
246618,55798
246618,59396
246915,30500
188730,50270
212526,62170
166128,50270
202959,39186
129204,59396
203790,50718
242856,42132
210978,49888
242571,34092
243789,50270
248373,124
244878,55798
194601,63510
208341,63510
218121,62074
220269,63218
205740,63188
243927,63218
210168,63510
61908,63538
197595,62944
207219,63510
250020,33886
158274,63510
210981,34092
243789,49888
154713,62944
202638,30500
205659,63188
232452,63418
153888,34092
220713,35846
226662,34092
223776,63218
244731,63218
210186,59394
203100,34092
183789,16358
244092,50716
204717,50274
203784,63510
230073,62944
244731,62944
250020,30500
210615,61348
222894,30500
215517,35846
61908,63510
155337,50716
194601,63538
243789,63510
224280,62944
187101,33886
191232,63218
194601,61348
250020,56714
203820,62274
194601,32496
208872,59396
187101,34092
238068,50716
158685,57414
247989,53394
72561,52918
230073,50718
203775,56696
249216,62170
191226,53394
153645,1304
246150,55798
248796,50270
246711,33886
246711,50270
162603,59396
61824,62170
167136,16358
249297,57414
154881,44302
246711,50272
249795,50718
203661,42132
203733,55798
246963,124
154578,42132
247002,50718
187839,49888
246627,50270
238068,57414
249297,1372
198867,39186
154509,56696
198867,56696
198801,34092
246858,39186
246858,53394
249795,33886
66378,63188
246627,32496
203733,57804
237804,62170
204141,62170
71271,62614
235299,49888
185244,56696
166002,56696
166002,1372
243546,56696
212526,56696
187707,62614
242610,51316
154383,56696
187101,56696
164337,35732
247239,55798
239577,56696
66777,56696
67158,33886
224787,62074
95988,50716
229737,56696
165045,50270
221409,33886
247239,50718
198792,10652
201741,30500
212430,56696
229737,1372
153765,49888
71274,62614
243477,35846
172590,56696
153744,56696
243408,56696
154560,56696
211767,33534
65598,56696
154665,50270
155337,56696
247239,30500
225396,42132
208206,39186
244644,62170
72930,62170
157185,62376
201741,62400
242409,53394
60882,62400
208347,62400
238887,62376
188481,35732
173667,62616
164457,62616
227469,62400
217494,59822
206943,50718
216033,62378
243390,59822
177474,62400
155556,62378
188481,11262
244173,62400
66843,62400
221331,62614
243789,62378
179436,35732
191556,50716
243789,62618
188481,54096
208722,62400
221331,62616
229620,50272
212337,53160
225669,62376
211047,44302
161667,62400
241350,50718
155556,62170
207618,50718
154275,62376
154167,53394
176319,62378
188481,62616
225669,62378
212337,62616
162795,59822
227616,42132
183645,62400
201564,62616
158499,62376
211527,62618
236766,62170
204141,35732
210141,62400
211527,62616
192714,59822
193323,62616
175266,53394
223728,62074
157224,62616
154245,50718
242610,42132
241350,62378
243390,62378
207150,56696
229341,33886
59703,1372
201564,62170
223776,53160
244869,1372
221409,50274
210393,1372
192756,62170
192771,62170
175293,62170
211476,39186
198057,1304
210897,35732
175293,62074
207114,56696
237840,57414
244404,53160
248796,55798
234093,56696
248871,50716
212595,49888
244404,30500
238263,62170
248871,56696
198990,50716
203166,53160
210897,10652
194208,33534
154032,53046
153381,34092
184509,39186
189009,33886
192300,62376
202959,56696
238827,62170
248871,30500
248796,1304
211812,56696
184509,35732
198057,11262
203058,62376
192300,57804
213987,34092
229341,61280
238377,49888
198057,50718
188331,60
186438,55798
246858,44302
192942,56696
183789,61558
242505,48574
185817,35732
206376,60522
177921,61542
211344,60522
161058,1372
210690,61364
66879,61558
208473,61364
211950,61558
203460,59816
208794,48574
210051,61364
154887,50716
161058,61552
208794,61552
161058,42132
155052,61552
231144,60522
242556,61364
242505,62074
187263,61364
208491,62074
209625,59816
210342,50716
208761,60522
210795,10652
229737,61542
176577,59822
200502,61364
181101,60522
232029,61558
161058,61542
165786,61364
210342,61558
158274,59822
234297,61364
208473,61542
208524,61558
211344,61558
223518,61364
191250,61364
218061,61364
184674,48574
198990,61558
195723,61364
208524,61364
244866,11262
196845,60522
208761,59396
72930,62618
244173,49888
165045,61558
229521,62614
95988,61558
244173,62376
178761,61558
206481,62618
157311,61558
153279,61558
167364,62618
178761,62618
209796,62618
161787,44302
198279,54096
199854,63186
153288,63188
251121,50716
154542,49888
154542,50718
199854,59394
234555,35732
206823,33886
204657,59394
232410,57414
210840,63186
248178,50716
165927,49888
204657,50274
154011,59396
206451,10652
231708,62074
251121,50718
188730,59394
251121,54096
251121,10652
208206,10652
207078,63188
212526,59394
232410,54096
244278,59394
183195,59394
216123,35732
206412,39186
235380,50718
244092,56696
235380,50716
239247,56696
207387,35846
211638,56696
217002,50720
206496,39186
238572,56696
206856,56696
206460,56696
205107,56696
188196,57414
72930,36720
206514,39186
244092,1372
209697,53256
246711,1372
250629,53394
216648,63360
250629,63360
192159,63360
192756,34092
206940,53160
229521,63360
219231,54864
248013,63360
167316,63360
62811,10652
224925,1304
209793,63186
185817,1304
185817,57414
203073,34092
226662,63360
154068,63188
66465,63360
154041,53160
208347,63360
225351,63360
229536,57414
206760,36720
199860,56696
212220,54864
219456,53160
59703,35846
62811,63360
154881,53160
160770,34092
214968,53160
212220,55632
225012,35732
225351,53160
204795,63360
240990,63360
192771,63360
250629,53160
68496,53046
238263,63360
205959,49888
205959,61280
207822,35846
225012,63360
208347,16358
239508,33886
207618,44302
242430,63360
167514,53160
206433,63188
224145,35732
222669,53258
237804,63540
203055,50716
206367,50718
249216,53256
244731,63418
65067,63188
206787,50716
232065,63186
163251,39186
203295,49888
232065,53386
216108,34092
203295,54864
232455,63136
251625,54864
208758,61348
129081,63136
206427,62944
183450,49888
251610,50716
234156,62944
165312,62378
154797,56696
65577,53160
212397,11490
161787,56696
210825,35732
165312,59822
250653,53160
244878,53394
157938,62376
244479,30500
173667,63188
187263,62376
183459,54096
187875,1304
128604,62400
72117,62400
203460,62074
211632,62170
163032,59394
165312,62170
165312,62376
208821,44302
183459,39186
72312,48980
187875,56714
225480,62376
66915,62376
241263,62274
236115,62376
66879,62376
66918,59822
173667,1304
198882,59394
208341,59394
172719,61364
154956,10808
183459,50716
161787,54096
183459,1370
250653,53406
65577,61364
66918,62376
215247,59394
172719,59822
238608,62376
216033,53394
163377,62376
88821,10652
205107,57414
209799,59816
154827,16358
179853,63186
182442,62170
197673,54096
232035,59394
194229,59394
211386,63188
232452,56696
184698,50718
250977,44302
242571,56696
187875,63188
203178,53046
212397,59396
56868,63188
179853,59394
64353,63188
183675,30500
203175,35846
155031,1304
182565,59394
213513,62274
247983,53160
183492,3382
186882,3382
206418,62376
241305,50272
67764,56714
64218,53160
165762,53160
165750,53160
194082,53394
157710,39186
242556,53394
67764,57414
234297,49888
67764,1372
66378,62274
211524,62170
67158,62170
248061,48574
247239,33886
197835,62170
220269,62614
248724,48980
221196,56696
198867,34092
244041,56696
204093,50718
245826,59822
212397,50270
248550,53160
248706,1372
224925,62170
210981,50270
212397,30500
245826,62170
247986,56696
244404,48980
154011,62170
67056,62170
153048,56696
153960,50716
208575,54096
245154,50718
203511,53160
212397,50274
161526,1372
206670,53160
234021,32496
207078,57414
206772,50718
246858,50270
154011,62614
198867,53160
191250,50718
248724,50718
248706,59822
193323,62170
191232,62170
154758,57414
165786,62170
206412,56696
154758,42132
183105,55632
218958,35732
219048,57804
212181,48574
209793,30500
209154,48574
199479,46632
207087,53048
203439,60978
223071,49888
206991,11262
201798,48574
218958,50272
208449,50268
221610,33534
223518,48574
66054,33886
233559,50968
195582,35846
212526,60978
177672,49888
233559,50970
183672,60978
212181,60978
210816,60978
191256,60978
203082,48574
209976,124
208473,44302
220218,48574
201798,49888
161208,60978
206616,35732
208449,10652
176472,60978
206772,60978
153048,49888
210141,35846
214968,50268
212595,35846
153423,39186
67056,11262
155271,59822
212595,42132
245631,62274
212595,33886
128334,59822
177921,35846
198534,1372
241350,61558
224874,39186
153084,59822
212595,1372
153438,39186
72900,39186
242232,34092
157080,59822
212595,16358
183672,62376
167316,62274
153150,59822
181203,59822
239577,39186
195249,59822
229521,54290
243408,61672
232404,61672
154167,61672
220269,60522
207087,60522
176403,61558
206937,61552
208509,61364
184674,61542
181149,61672
211815,59816
232455,61552
243546,39186
61344,50270
154887,61558
192942,61672
207267,61542
243546,61672
207087,61348
242415,62074
206937,59816
25734,61672
25734,61558
206364,10652
205821,62074
206937,61672
205821,61542
225351,35732
232404,61558
165750,59816
206415,61672
175815,61552
188685,61364
211383,61672
244287,60522
207114,61672
157710,61542
167571,61672
60870,35732
232404,39186
212442,61672
209184,61672
206937,61364
157710,48574
206349,61558
206427,59816
207096,61672
207105,10652
207156,61672
208566,63188
210678,53394
206847,53394
199479,39186
204375,63360
249207,35732
208518,62074
210678,39186
167136,50716
208518,39186
154374,61280
207366,63360
163101,53160
176643,34092
64893,10652
208797,61280
227616,63360
206847,63360
203112,63188
212721,59822
205191,62074
153813,63186
232065,53394
193965,53394
205191,35732
190776,59394
204057,53394
211815,56696
249855,63136
66843,53160
246627,59396
154770,50716
187221,30500
231876,53160
227829,34092
206346,59394
181593,53160
242409,59394
66879,50716
196302,10652
154770,50718
61899,63186
232455,62274
223389,50716
194883,44664
172503,62074
184104,16358
221151,63188
232455,53160
232455,10790
203460,59394
204243,59822
235191,49888
173796,33886
191223,59822
208449,49888
203256,61280
203274,54096
244380,44302
250668,33886
205659,63136
246618,53394
153744,54096
250668,10652
211548,124
246987,50716
248373,34092
233961,50716
95988,44302
197286,32496
235191,50718
204228,59822
211548,10652
96444,62170
221115,33886
220170,1372
212442,16358
176319,50718
187707,53394
238032,53394
171939,1372
163131,53406
209073,50270
236775,62170
211524,62614
25743,49888
198522,1370
238032,50270
96444,44302
176403,56696
209622,42132
171939,49888
211524,50272
192627,1372
224526,44302
231144,61028
212475,10652
61482,61028
204657,61028
212301,61028
197034,60978
61353,35846
240939,60978
182442,61028
204522,60978
193323,11490
180672,11262
211524,35846
186933,61028
212442,60978
209976,61028
155106,60978
236115,60522
204144,42132
204144,46632
217002,1304
205332,60978
153438,50720
186378,60978
140277,35732
153141,39186
162624,35732
211542,60978
208500,60978
164007,39186
203133,50274
208740,60978
197802,60522
187395,35846
161283,50724
208080,48574
204228,3382
204762,54096
232452,1372
199854,60522
204228,54096
185244,10652
65052,39186
208080,10652
211812,48574
237804,49888
191232,53406
203166,59394
232455,53406
222750,33886
228060,56696
249486,63188
206847,63186
172695,50718
250221,62074
248205,63188
207828,54290
157500,53406
166995,50718
238611,63188
207243,10808
246627,53160
140277,10652
222750,54096
248796,32496
210897,62074
206457,16358
204243,62400
223518,50718
174513,50718
70890,62400
203088,50716
230331,62376
201852,61558
209697,62376
207102,50718
207114,62400
154998,62400
188604,59822
206457,56714
154041,57414
206457,30500
207156,62400
129135,62376
212640,62400
205905,62400
153381,61348
173667,62400
210876,61558
235932,62400
187707,62376
210876,50718
216498,50718
129135,62170
224145,57804
232065,62400
232404,62400
242442,62400
211683,62376
223518,10652
216981,61558
186657,62400
203133,34092
205107,62400
206364,34092
228060,50718
188604,62170
158499,42132
153303,10808
225393,61280
192714,35732
219021,61028
216309,10652
153084,42132
206928,35732
227664,57804
208350,35732
212574,35732
171939,60978
216309,30500
203784,33886
217536,50270
192714,61028
209697,44664
194904,62170
238263,35732
154383,10652
64365,57414
208092,60
187797,62170
212220,50718
217782,56696
59691,1372
207156,33534
200259,62170
197802,50718
166356,10652
203574,56696
211125,54290
154035,53160
204795,50270
164337,62170
154077,53160
183105,57522
61899,55798
246216,1372
62817,51974
186438,62170
162795,62170
153888,62170
154383,11262
201852,50272
213987,53160
223554,56696
203868,61364
208617,61364
158610,59822
208590,56714
212112,61364
162960,61558
203868,61542
184713,61542
184104,61364
208560,11262
244731,61672
162984,61552
203820,61558
238218,48574
128502,60522
206361,61364
194229,36762
242571,61558
61977,61364
158610,48574
231459,50716
234018,61364
218265,61364
244731,59816
208515,61558
162960,48574
203532,59822
164871,49888
187707,59822
206076,62074
244731,61364
231459,48574
244731,48574
227988,61558
208515,61542
208788,61558
204522,61542
206076,61672
208893,30500
209637,35732
153348,35732
155097,61552
195771,62074
187734,61364
203502,61558
189045,61672
207387,61552
231876,39186
140277,62400
158766,55798
233427,35732
61899,61552
212640,39186
240852,1304
25749,62400
154167,55632
206514,62400
203502,39186
196302,61672
153303,50718
242442,62618
217848,62400
239247,62400
240990,61558
242442,32496
207105,39186
204141,53160
238887,53160
215298,62400
61899,16358
207387,61364
206364,54290
210168,59816
188730,59816
61899,61364
232269,61672
234555,62376
61899,61542
238536,1304
203502,62616
215298,50718
157224,61672
206364,62618
242442,3382
206952,62618
77484,62614
211527,55632
211638,39186
70890,39186
60762,62170
227670,53160
158610,39186
211533,62400
223782,50716
186177,3382
66378,62618
181203,39186
184104,54096
166362,62400
234555,62400
206406,39186
232827,62616
205107,39186
206364,62400
206478,62400
25749,62618
197835,33886
238608,3382
158685,1304
157500,59396
238218,39186
246054,39186
244680,10808
212283,54096
228948,10790
66465,59396
217848,61540
172419,53160
154821,57414
221610,54096
71274,63186
207828,61348
211950,50274
242412,53160
204759,50716
192300,63186
211950,59394
231663,53160
250947,53160
250947,62274
206376,54096
206433,34092
230010,39186
208761,50718
250947,61280
232269,63188
244680,63186
188847,52918
206784,61552
208341,61672
157185,61672
206451,61364
64845,44302
192735,61672
239217,61672
206847,61672
72045,11490
211386,61364
199854,50270
217494,61552
224208,50274
192159,124
203241,39186
183459,61558
194883,54290
206421,61364
217872,61560
243408,50970
69060,61542
66378,61364
208080,61364
214968,61672
187797,59816
164064,61672
192159,61672
194790,30500
183459,61672
183672,61364
203241,61364
231057,52918
232035,61552
154881,61672
165045,61552
237804,48574
238875,61672
203445,61542
187875,32496
225276,50720
153150,50716
184950,61672
206613,61364
183468,124
216822,61028
243789,1372
196311,50716
200502,61560
224874,36722
174195,61558
204054,35732
154890,16358
156057,56696
211524,54290
209622,50718
244731,36722
246963,50718
207597,63188
230604,33886
128526,50718
212469,50718
208554,57414
208521,44302
226848,1372
183468,62170
205188,11262
249411,1304
205188,49888
61692,53406
165762,49888
217782,52918
208788,50718
206847,63188
207582,44302
155403,60978
213114,61028
210981,16358
212592,10652
230010,61028
212574,1372
238608,10652
172695,60978
183666,1372
212379,61028
206937,50720
88821,59822
212181,61028
228024,124
60864,50720
232410,60978
211815,50274
172035,59822
217782,59822
212574,1304
64734,59822
203316,60978
128526,54290
197286,50724
188961,60978
204093,61028
165915,50270
177873,30500
203106,1372
154146,60978
128901,53386
206625,1372
211806,60978
206637,49888
203733,60978
183789,54096
188730,49888
220011,50716
224211,3382
246720,62944
61899,63136
252396,11262
249486,50718
59700,49888
249486,63186
186177,62944
247134,50716
212586,63186
183786,35732
252396,62944
238293,48298
214506,57414
227295,63540
244041,63188
210114,34092
237057,57414
230331,124
248013,61348
252396,33886
72045,63136
165126,50716
225669,16358
206811,10652
211683,39186
153813,63188
204657,59396
198573,59396
212220,62944
206811,57414
206811,1370
252396,62274
236115,62944
244380,63136
206664,63188
206811,59396
206811,62944
248178,63188
176403,62944
206763,49888
181101,62944
220011,49888
197799,1372
219030,61558
176403,54864
197595,61028
204144,61028
238608,61558
211236,30500
192159,50720
65631,1372
194601,61028
154011,50270
232035,61558
215517,61560
197595,50716
208881,32496
204144,61558
172008,42132
242232,61552
209625,61028
222843,33534
210690,10808
206799,61552
188637,61028
172008,54096
205659,1372
206760,61028
167571,35846
187734,1372
203199,61542
234864,61560
159330,61560
155097,42132
232269,61028
210186,53048
208449,61028
242151,124
187224,33886
203166,50272
232035,61560
198279,61558
203274,35732
206952,56714
210627,61028
237300,61028
226827,50716
65640,61552
194424,61280
206763,61552
206991,61560
179853,50272
206646,1370
238032,54864
223554,53160
207096,53160
211812,10652
70890,61280
203106,53160
206349,53160
225669,124
70890,30500
206772,44302
154035,62274
249159,35732
70890,53160
238263,52918
167316,50718
211812,53160
218121,33534
249855,44302
249342,42132
203151,53046
70890,35732
249486,42132
212445,53160
195894,49888
249159,62170
211812,62274
187806,60
203175,62376
209994,62170
212586,34092
215457,59816
206457,54096
197529,39186
212379,61364
187806,62614
200364,61364
221751,35732
207105,35732
162810,61552
190152,50274
222906,50272
215457,61364
211524,61364
210978,62274
229539,53160
167316,50720
222438,61364
158658,61364
190152,35732
207156,35732
212640,35732
64893,61364
192714,61542
212526,61552
208539,50716
175266,61672
207222,53406
157080,61542
191232,34092
206415,35732
61899,61348
224787,61364
72312,61672
207099,35732
172587,16358
190152,61542
206868,39186
203094,35732
190152,50270
207150,35732
206940,61348
71301,61364
235299,62376
244278,62376
234297,124
222540,39186
203112,48980
212232,60522
226827,61364
197676,61364
244278,61364
211683,33886
238263,59822
165762,59396
206799,57414
206613,61280
183390,61542
203112,61364
238068,44302
188937,62376
206304,11262
226827,61542
206418,59822
165927,59822
200964,61542
223728,61364
216498,59822
225351,10652
243546,59822
192717,39186
200964,61364
166437,59822
192942,61364
206304,10808
208515,54096
228753,50716
206928,61552
217620,59822
208617,61542
183213,59776
233559,59822
195378,61558
64734,61364
242505,33886
194904,61558
208572,61364
233559,61364
208560,61364
210840,59822
71274,61552
194082,50720
154740,61364
207390,61364
157236,61560
202959,61364
208617,50274
206979,61672
162624,50720
162624,48574
61899,10808
208473,61672
154743,48574
61629,61542
61629,39186
206427,59822
211950,59816
204483,61672
204519,59822
198210,61672
220269,53386
158610,50970
165762,50718
229527,56696
249207,33886
187659,56696
236520,32496
72645,49888
206937,56696
220170,60978
187806,36722
206928,56696
246987,50272
203268,62170
246618,32496
210408,48574
231414,1372
244287,56696
225699,1372
72312,60978
220713,53394
193323,61028
61215,42132
208515,35732
207243,44302
210813,50718
208806,59822
183666,61028
153720,34092
154146,61028
206421,30500
208521,60978
217848,62614
232029,34092
191226,61028
208584,10652
249207,50716
204519,50272
155556,42132
229527,50720
210840,56696
224208,1304
203256,55798
208806,1370
172719,48574
190152,60978
207498,50716
211548,49888
201798,1304
203178,61028
203175,60978
209625,57414
204519,56696
61305,50718
165045,16358
61305,56696
224208,49888
191256,56696
208584,35732
217782,50724
155388,49888
65640,60978
210408,1372
210627,42132
208584,30500
220269,63510
164457,63360
187743,63510
251721,1370
208758,62944
251106,1304
251106,62944
230604,63510
232269,49888
154035,1304
179496,61280
190113,63188
154011,63510
195723,63218
210342,10652
72558,63510
246711,62378
252774,63510
211524,63510
253053,1370
203445,63510
251619,63538
247986,10652
204762,59396
206748,63220
197799,63510
203502,62378
248013,56714
206868,63510
62817,63510
234156,63510
205959,63510
252396,30500
195507,61280
67371,63510
231144,63218
195723,63418
206364,63136
207219,63218
196845,53386
246711,35732
179496,10652
183576,56714
203502,63510
206772,63510
251967,62274
190113,63510
251721,30500
165744,10652
251625,63510
253053,63188
212595,35732
235380,61280
196845,36720
225480,16358
188730,62944
203733,63510
210678,55798
247002,50270
67740,62274
251619,50274
206748,63418
165762,50270
235380,62170
203280,62944
203796,63218
72561,63510
188730,63360
232068,62944
196845,63136
233040,63188
251721,39186
203574,63218
191247,33886
203502,63218
246987,63510
210114,63188
238218,10652
203811,63218
207219,62944
206421,57414
61482,63136
212595,62170
149634,63510
188100,39186
249294,10652
159831,63510
252774,50718
203811,63136
241824,62376
96444,62376
172590,63510
195507,63510
153960,62944
153960,63510
203673,63418
158274,63220
200964,59394
204780,62274
248706,30500
153999,63510
72645,63510
204717,59396
249063,63220
247986,50270
207993,63188
251625,10652
203574,62944
203733,63188
203280,63510
204717,54864
194229,63220
196722,33886
251493,50718
250974,53386
69249,63510
206418,63510
249081,63218
250020,61280
250020,62274
71271,57522
219048,63510
96444,63218
204762,62944
211524,63540
222438,54096
248706,63510
190113,57414
203274,124
212112,33534
212595,59822
212595,62376
247986,63510
203058,59822
231876,1372
206514,62170
244479,11262
183576,61558
176595,1372
198945,61558
209880,39186
234093,1372
212637,62274
194424,53160
204924,39186
154473,61558
154551,61558
246711,62618
220170,44302
160770,39186
209880,35732
204924,50716
216108,62376
186933,62618
177873,11262
226848,50716
154146,61558
238293,62618
240990,62274
204243,61558
153381,59822
212688,56714
226662,53406
206952,60522
203811,34092
183645,61364
206367,10652
154011,39186
154245,61364
198873,60522
220632,59816
201852,60522
203811,33886
154011,59822
236775,61542
65052,59822
216033,59822
212688,50716
206496,59822
65598,61364
212688,59396
196302,62074
200259,61552
165132,48574
198873,61280
155556,59822
234156,50274
154041,59822
239247,59822
206442,30500
206952,62074
203811,61542
166362,61552
154011,61558
154077,59822
162957,61364
195063,44302
207996,59822
199479,30500
206433,59822
61908,61558
155100,61558
154869,61558
158610,62376
237675,10652
245868,59396
203073,62376
197676,62074
210795,62400
209697,36762
243546,62376
221409,61348
166599,61558
206697,61280
203259,1372
166995,62074
193965,48298
210981,62376
61692,61558
158016,61558
201282,50718
234021,59822
208812,50718
197676,62400
203310,61558
203256,62400
221409,10808
201852,62170
208812,61558
203145,61558
237195,61558
246033,50274
210168,50274
183105,62400
212586,62400
154881,33886
61824,61558
220218,61558
245631,54096
205191,62400
162957,44302
203310,30500
246033,48980
154881,62400
153600,56714
203790,61558
223401,1304
246033,30500
208692,61558
158610,62170
212112,62400
176319,61558
193965,124
187806,55638
208626,30500
176319,34092
232452,61558
228024,50718
244092,62376
186177,59816
207222,34092
205191,36720
80925,61558
244287,62400
158499,50718
158274,62376
220218,62400
229812,62376
203439,61558
205728,61558
181203,10652
173796,56714
206838,62170
171939,53160
164457,54290
156024,1304
181203,50716
229473,54096
225672,44302
244575,1372
66915,35732
206616,11262
225747,59822
191256,50274
226662,50270
179853,48574
207102,50270
187263,1372
232452,30500
230178,61028
231663,50270
208491,10652
69060,35732
195372,61028
231663,53386
238608,61028
192627,61028
155100,50716
210342,61028
210585,1372
153309,35846
210120,35732
206427,46632
194904,46632
222540,33886
154665,60978
230331,60978
153348,1304
228024,46632
203574,44302
222225,1304
211125,46632
60882,50270
207222,46632
183573,60978
221151,1370
197286,57522
189045,35846
208788,50268
148782,60978
227469,57804
237300,50268
206358,59822
222225,33886
220218,60978
203259,50270
80925,30500
160029,46632
203145,46632
207222,50272
222225,39186
210342,46632
221526,60978
210585,33534
128526,50272
72483,50724
174279,48574
61347,60978
153867,60978
61347,48574
240924,60978
240924,30500
212379,35732
229263,1304
176403,50724
211386,35732
237057,44302
212220,50724
198855,49888
191556,59822
203790,49888
221151,50716
157224,62378
207330,62376
207330,53394
206418,62400
212478,50274
180195,62378
198990,56714
209625,62400
206346,62616
225393,61558
128469,53394
177672,16358
216498,53160
178830,55798
209625,62170
211407,50718
62817,62376
158610,56714
178830,62616
212220,62616
216108,62400
207114,1372
216108,62616
238032,62400
207339,62618
80925,56714
206979,62618
165726,53394
191553,62074
220713,50274
60762,1372
194409,42132
227670,62170
216948,3382
247239,11262
158610,53394
247983,61540
205905,62170
188844,33886
72930,62614
247239,35732
158610,1370
244404,62618
203670,39186
246627,35846
212283,1372
208491,53394
187707,62274
220713,50272
247239,39186
185067,39186
227973,1372
203310,63510
186657,61672
128526,59822
198573,62074
205995,34092
188700,61364
179790,61672
176472,61672
217380,61542
207387,34092
154797,60522
197286,60522
205995,61552
186657,61558
166362,61542
210234,53406
210141,50274
187806,59822
181110,1304
227616,59822
155043,61364
194082,61672
178830,60522
203673,60522
207222,61348
244404,59822
166356,61672
155556,61364
238377,59822
226623,61364
203727,59822
212637,33886
188844,124
206625,59822
61482,59822
153999,61364
200508,61364
204657,59816
159033,61542
188331,48574
197286,59776
206763,61672
206748,60522
203784,48574
154032,61364
61977,59822
158274,61672
207150,61672
217848,59822
216366,39186
206958,34092
225501,34092
206613,62074
211524,59816
201852,50270
225501,59816
238878,61558
209637,62400
154551,50718
218265,44302
232827,62400
199479,62400
175266,62170
162843,62074
171372,61558
179700,35732
237252,16358
228060,34092
184635,62400
224208,62400
167256,1304
156489,62400
66777,62376
156489,11262
172056,62170
230091,62400
161526,50718
128469,1372
184635,61558
203673,1372
208206,61558
211047,61558
156489,50716
224208,59396
235932,50718
210816,62400
238032,57804
203820,59822
205740,62376
197529,62376
224208,61348
224145,62400
156489,50718
224208,57414
244680,62400
162843,50718
218958,1304
218958,1372
231900,59822
212235,61028
72027,11262
72930,59822
203829,1372
238377,44302
156063,1372
212235,60978
232503,60978
210441,49888
203502,1372
198573,61280
198873,50970
186933,61348
232065,61542
223071,62074
68568,39186
61629,49888
161283,61364
206979,59816
208599,39186
208515,33534
206991,59816
233163,61672
210954,61672
157236,39186
165045,54096
192717,61672
243981,35732
186933,61542
187659,35732
226662,35732
207087,1304
220218,61542
89013,62074
64959,61364
234021,61672
210627,61364
241305,35732
154275,59816
184113,61558
220218,35732
236655,34092
243954,35732
243954,39186
187974,61364
204144,61672
178818,61364
175815,61672
230028,54290
203445,61672
72483,61364
153150,35732
238608,61364
173796,61542
243954,61364
177474,35732
72045,61558
217494,124
176319,50970
243954,30500
245046,34092
179088,3382
129081,10808
243408,50968
210186,60522
206760,61552
166362,50716
204093,61364
211683,61364
243954,59822
231876,44644
72930,60522
233961,61558
67371,59822
165915,11262
241305,62074
156489,59816
185067,59822
171939,59822
188637,59822
207330,36720
185067,36720
207330,59396
204243,36720
186657,36720
204243,61364
244971,61364
244971,61542
244971,57414
185067,59396
204243,59396
244971,36720
214968,54096
187962,124
184698,62376
235335,56714
198279,33886
234297,32496
249342,57522
252696,56714
206427,63510
251610,1372
251235,10652
252081,63510
195582,63510
217002,63510
201564,62274
249342,1372
232035,62944
77484,63538
247983,62944
249342,54864
234297,3382
203106,56714
211476,54096
210846,39186
68496,56714
250668,30500
251610,39186
206637,62944
210234,63418
240939,63510
88821,54096
238689,62074
251619,1372
153303,33886
234093,63538
209829,35732
234297,61348
183366,30500
251442,1372
123150,62944
246216,63510
206376,59394
206955,63510
248202,63510
208692,63510
250221,35846
247983,63510
246804,10652
252480,63360
209880,63360
25743,59396
243390,63360
246804,33886
250977,16358
204717,30500
204717,62074
64365,63360
220728,63538
25743,63360
235932,30500
246711,61348
250977,33886
211761,33886
197286,55632
249294,57414
242856,62274
229620,62074
252210,63360
186378,63360
249342,34092
208473,62860
252774,61348
242556,54096
244971,62944
240939,59396
249342,55632
65058,33886
190152,62944
252480,63510
182565,63538
153999,62860
251643,62376
253146,62944
252774,59394
154779,63510
251442,57804
247260,50274
65058,63510
203268,62944
214194,62376
187386,61280
206868,57804
225393,63360
251967,61280
183195,63360
212430,59394
248796,63360
154740,34092
216498,63510
203661,62944
229536,63510
204717,54096
211548,62944
198882,11490
206937,63510
194409,32496
211383,1372
88821,48298
161526,34092
208899,63360
181101,63510
248373,59394
208806,63510
204717,57804
154881,62074
192618,57414
252375,63360
61344,62944
182565,54290
190776,62944
213978,63136
253335,11262
191556,10652
253506,11262
207219,54096
192618,34092
62817,63136
192942,50274
204717,62944
208893,59396
253506,1370
204717,35732
203178,63360
153792,63360
211140,62944
192618,63510
165726,33886
192942,59396
208524,54290
208491,63510
237300,34092
253683,11262
222906,63360
253683,1372
246042,56714
210615,63360
59700,63510
253683,62860
246711,32496
253683,10652
253683,63510
253683,33886
253683,34092
253683,62274
222906,63136
253683,1370
166437,53160
154167,59396
204519,62274
178830,48980
199242,63360
211386,34092
253683,57414
246711,57804
231057,63510
158766,63510
251442,48980
153072,10652
187224,62944
207087,34092
203058,63540
253191,10652
253191,62944
198867,59396
217872,1372
227829,1372
153138,63510
252081,63540
129081,63360
186657,53160
246627,63540
253191,54096
153138,57414
195507,62944
252081,53160
253191,30500
253191,57414
252081,48980
238032,48980
248796,48980
249342,63540
231057,53160
187650,53160
253191,11262
251085,63510
253191,56714
244092,63510
222669,53160
229527,63510
253191,1370
232614,57414
234864,61348
244680,62860
248796,1372
182565,124
253191,33886
154881,48980
253191,63510
248796,62860
251442,62074
174279,63510
246627,59394
208473,63510
253191,1304
206364,63540
182565,63540
61482,63510
250749,59396
203724,63540
229521,1372
183195,48980
206928,39186
181149,63510
212448,63360
198573,63510
253866,59394
253866,63136
194790,63510
250434,48980
224526,34092
182295,34092
154758,56696
253866,63510
66777,34092
232656,63510
128763,63510
227295,63510
66777,53386
234129,30500
66777,32496
207267,62274
191556,63510
204144,63510
251121,39186
253866,63360
187734,16358
153675,54096
155100,33886
204657,63136
157224,33886
64353,56714
253866,11262
186177,63510
186987,63418
157224,48980
154542,16358
208206,30500
197802,59394
128763,1372
164337,62944
227664,63510
163131,63538
154374,63360
230178,63360
66777,63360
154758,63418
153675,63510
246858,49888
253866,35732
251106,1372
183492,63186
154890,61280
188637,63510
190776,63136
253866,10652
224526,63538
164337,1372
234972,63510
64353,63510
154374,63540
210678,48980
220713,53160
251235,124
251106,53160
211533,48980
226662,62944
185067,33886
250275,1372
209799,63360
211548,63510
251631,48980
154146,53160
155052,48980
182295,35846
210129,57414
251121,63510
129264,34092
167082,63510
65577,63510
220713,63510
251121,11262
25749,57522
154707,62860
167256,63510
160029,53160
228687,1372
248301,1372
192159,53160
216033,63510
211950,61280
88821,53160
72930,63538
203274,63510
203328,1370
209622,53160
208572,53160
154494,53160
224631,62860
66465,53160
206361,53160
248301,53160
89013,53160
211947,33886
253416,35732
186378,53160
183666,63510
161667,63510
246915,53160
203247,57414
154119,33886
157398,63510
167256,34092
244680,62944
203328,63510
167256,33886
209799,63136
64959,39186
208590,63510
244680,53160
221526,62944
205731,57414
211047,53160
220218,53160
253416,62944
198882,124
198882,48980
203328,57414
253416,34092
188700,57414
203073,53160
64299,53160
205662,53160
253416,56714
185067,63510
225747,53160
227973,62944
186384,53160
244680,63540
154476,53160
245976,53160
161667,53160
202638,63510
209976,53160
224169,62860
63873,63510
207240,33534
139272,62944
227292,62860
235458,53160
203796,61348
154803,53160
210408,63510
203811,53160
205353,63510
227292,48980
192549,53160
212721,63510
251253,57414
203574,53160
203673,63538
206637,53160
211140,62860
211344,54290
235335,34092
175266,56696
164064,53160
176472,62860
192549,35732
248178,63510
63873,33886
153303,53160
203175,48298
186174,62860
232656,62074
164661,53160
204222,53160
208515,57414
172008,56696
187659,53160
235458,61280
183492,48980
203502,63136
207084,63186
223104,62074
232827,53160
96444,53160
172008,61280
210408,35732
253578,53160
213114,62944
235458,59394
249579,53160
251625,62944
203175,34092
242556,59396
253671,11262
183573,53160
253671,57414
225672,56696
253671,1370
248373,48980
251442,53386
235458,34092
203820,53160
187659,62944
251253,59396
210141,59396
242232,63538
211344,55632
61344,59394
248205,63510
249207,53160
187839,63360
219132,30500
207219,63360
222906,62944
172008,63510
253671,56714
173613,63360
207243,63360
210978,34092
187734,53160
162603,16358
154797,63538
67827,62074
176472,53160
251721,57414
211476,59394
246963,42132
208341,54864
203784,62944
187224,53160
198210,62944
67740,48980
153423,11262
154578,63510
210120,53160
25749,63540
246711,53160
246711,63136
205959,63540
191892,62944
176403,52620
224208,63510
253557,59394
206952,48298
253557,63510
206952,52620
241350,63510
253578,33886
66777,59396
206943,63538
206979,16358
252696,1304
206364,49888
206478,63510
253578,1370
237804,63510
186882,1372
253557,50274
253557,48298
155016,57414
253557,56714
204228,33886
233814,62944
207102,32496
69060,1372
208572,62944
179853,63136
192564,63360
208893,63136
253557,48980
182556,1370
222306,62074
206952,63538
206979,59394
202818,63510
251610,59396
252081,62944
210627,63510
183675,39186
236520,1372
196302,63510
204228,10652
194229,63136
153642,62074
253557,1372
251631,54864
251631,57522
241329,56714
250362,63510
241824,63360
208584,1372
242571,63510
186174,63418
251619,61280
242388,63538
252081,59396
183675,1372
188343,10652
226848,63510
203175,63510
212430,63136
184698,63510
252081,1370
155016,1370
249216,1372
186933,62860
186933,59394
211761,53160
154890,63136
195582,10652
188961,53160
208812,48980
253464,63360
210954,53160
253464,1304
253866,59396
253866,30500
186378,48980
253866,16358
128901,53160
198882,63360
207618,62074
208341,62074
129081,53160
252696,1372
165717,10652
156024,63186
241824,48980
244404,124
206451,16358
173940,53160
244404,3382
212550,63510
253866,33886
188106,57414
203151,53160
166356,56696
253578,57414
223728,53160
228060,63360
253464,63186
253866,39186
160770,53160
248796,62074
248013,59396
253464,57414
253866,11490
247989,34092
96138,53160
253578,35732
251967,53160
253464,63510
253866,124
225501,53160
253866,56714
165717,62074
63690,1372
252618,30500
129081,61280
253578,63510
129081,61348
252177,1372
252618,1304
154551,57414
194883,56696
206952,48980
208341,124
228024,53160
248013,33886
253464,1370
253866,62944
253464,35846
253578,11262
66843,62074
253866,50274
176319,32496
211473,33886
253464,11262
154665,56696
251391,56696
216309,63508
246915,33886
253935,1370
247002,35732
216309,63360
190113,1372
229341,1370
234555,10652
253935,1304
224925,53160
251391,63360
188331,63508
247878,30500
251391,53386
190113,1304
157185,56696
248292,10652
162810,62860
216309,56696
183489,56696
187797,56696
234120,33886
206478,63508
210615,62274
183576,56696
59691,56696
155403,56696
251391,39186
253557,30500
186174,63508
251202,53160
251643,1372
211386,63540
248205,63508
204411,63510
205188,62074
253557,33886
251202,63508
242232,48980
194904,63508
204411,63418
253557,56696
253557,39186
157224,63508
157224,63360
253146,1370
188637,62860
167316,56696
253146,1372
209697,63360
188937,33886
177474,56696
245154,63510
66918,56696
167316,53160
253146,11262
172008,63508
66378,48980
206304,56696
171372,30500
251106,56696
188844,62860
230331,56696
244446,30500
209970,53160
203106,30500
209970,56696
236520,61348
208347,63510
234864,56696
186882,56696
220011,33886
253998,1304
188787,56696
154068,56696
183789,63538
253671,35732
72930,63508
154167,56696
250974,34092
208794,30500
66378,63508
243927,63508
253998,11262
153024,10652
203295,63360
210846,1372
216648,63510
154032,63510
251235,1372
62817,61348
153402,56696
204057,63540
165045,63508
157398,63538
232827,63136
200259,10652
207828,63510
207828,34092
253671,1372
199242,62074
167082,56696
254118,39186
207828,48980
212283,56696
233970,63538
254118,63510
183789,39186
254118,34092
250974,62860
208794,33886
254118,1370
219420,56696
234156,10652
200964,63508
194883,33534
244446,61280
254118,11262
254118,35732
166995,63540
203145,62860
220011,39186
222204,63360
254118,33886
244446,50274
128334,56696
205905,30500
206811,63510
211413,59394
253647,1304
195771,63508
206856,10652
249579,10652
203256,63508
214194,1370
191892,63508
208515,61280
249579,62074
207600,33534
212433,63510
253647,32496
204717,57414
253647,10652
251631,34092
253647,63510
238878,124
248706,33534
250974,63538
253647,63186
237057,62074
212220,63540
247548,63510
250653,63508
219021,62074
249579,11262
204717,1304
206427,63186
178458,63508
253647,39186
205821,63510
203073,35846
196845,63538
224931,16358
253647,61280
206928,63508
225747,62378
206928,1372
204717,1372
253647,57804
166128,63508
231057,63360
253647,34092
253647,1372
88821,124
187386,30500
203733,63508
205995,50274
241389,62074
251121,33886
253647,50274
205905,56714
211413,59396
248706,62074
187707,63508
253647,62074
248301,61280
222759,63508
253647,36720
206664,63508
207222,56696
251631,63508
72900,10652
66465,59394
250434,63508
72045,62860
232035,56696
253647,56714
208515,59396
253647,54096
184113,63508
185817,63510
238875,63510
249081,63510
253647,11262
203277,54096
231057,63136
231057,61540
253647,33886
254118,56714
206349,59822
247983,62860
206346,63508
207096,51316
249342,63508
158766,63360
158766,63136
128502,63508
253677,35846
128502,53160
253677,1304
61977,61280
254118,62860
153303,63508
206673,34092
207096,63360
183195,56696
206481,53160
216123,1372
215298,56696
253557,62944
232827,63540
253557,54096
154956,63510
155085,62274
207600,53160
221526,63136
211641,63360
242409,53160
242610,63360
242412,62860
194229,62860
224280,63360
253416,59396
209625,62074
192564,62860
232827,33886
204189,63360
253416,11262
210186,53160
183573,56696
242409,62860
251631,53160
215112,53160
244287,59394
195723,63360
250275,30500
252210,36720
165687,62074
204189,61280
232068,53160
154953,63510
231162,63510
211641,53160
250749,63136
220713,63136
250653,63360
245976,63360
188604,56696
189045,53160
184698,63360
179496,30500
206514,36720
223968,56696
251382,63510
251625,62860
218121,63360
250749,62274
232827,63360
212688,56696
253416,33886
253416,63510
61824,53160
227973,33886
242412,63136
184698,33886
206481,63360
208806,63508
171372,63510
251625,1304
229620,63360
232269,63360
244680,57804
253416,1304
210186,63360
253557,62074
179496,56696
215112,63360
242571,56714
250749,1304
154953,56696
234972,53046
231282,34092
207243,62860
229620,53160
253416,1372
222906,63508
186657,63508
201030,62944
253935,63510
210342,56696
253308,57414
60864,33534
154821,62074
189045,63508
247962,63508
208893,10652
228753,62074
212448,63508
187962,48980
217782,63508
253308,1372
222306,62376
230091,63360
223776,56696
250221,54096
253308,53160
235932,57414
251619,53160
157938,16358
222306,61280
217848,32496
253935,33886
250434,57804
203871,35732
231162,63360
66843,63508
208518,33534
250434,54290
253935,30500
204795,63508
245631,56696
72930,61348
162960,39186
207999,63508
221331,63508
216498,63508
183105,63508
253935,56714
155097,54096
72930,34092
208584,33886
153072,56696
