25743,1304
25743,1370
25743,1372
25743,59822
25743,61364
25743,61542
25743,62074
25743,62170
25743,62376
25743,63188
25749,1304
25749,1370
25749,1372
25749,59822
25749,61364
25749,61542
25749,62074
25749,62170
25749,62376
25749,63188
56868,1304
56868,1370
56868,1372
56868,59822
56868,61364
56868,61542
56868,62074
56868,62170
56868,62376
56868,63188
56871,1304
56871,1370
56871,1372
56871,59822
56871,61364
56871,61542
56871,62170
56871,62376
56871,63188
59691,1304
59691,1370
59691,1372
59691,59822
59691,61364
59691,61542
59691,62170
59691,62376
59691,63188
59700,1304
59700,1370
59700,1372
59700,59822
59700,61364
59700,61542
59700,62170
59700,62376
59700,63188
60762,1304
60762,1370
60762,1372
60762,59822
60762,61364
60762,61542
60762,62170
60762,62376
60762,63188
60864,1304
60864,1370
60864,1372
60864,59822
60864,61364
60864,61542
60864,62170
60864,62376
60864,63188
60870,1304
60870,1370
60870,1372
60870,59822
60870,61364
60870,61542
60870,62170
60870,62376
60870,63188
60882,1304
60882,1370
60882,1372
60882,59822
60882,61364
60882,61542
60882,62074
60882,62170
60882,62376
60882,63188
60888,1304
60888,1370
60888,1372
60888,59822
60888,61364
60888,61542
60888,62074
60888,62170
60888,62376
60888,63188
61305,1304
61305,1370
61305,1372
61305,59822
61305,61364
61305,61542
61305,62170
61305,62376
61305,63188
61344,1304
61344,1370
61344,1372
61344,59822
61344,61364
61344,61542
61344,62074
61344,62170
61344,62376
61344,63188
61347,1304
61347,1370
61347,1372
61347,59822
61347,61364
61347,61542
61347,62170
61347,62376
61347,63188
61353,1304
61353,1370
61353,1372
61353,59822
61353,61364
61353,61542
61353,62170
61353,62376
61353,63188
61482,1304
61482,1370
61482,1372
61482,59822
61482,61364
61482,61542
61482,62074
61482,62170
61482,62376
61482,63188
61692,1304
61692,1370
61692,1372
61692,59822
61692,61364
61692,61542
61692,62170
61692,62376
61692,63188
61824,1304
61824,1370
61824,1372
61824,59822
61824,61364
61824,61542
61824,62074
61824,62170
61824,62376
61824,63188
61899,1304
61899,1370
61899,1372
61899,59822
61899,61364
61899,61542
61899,62074
61899,62170
61899,62376
61899,63188
61902,1304
61902,1370
61902,1372
61902,59822
61902,61364
61902,61542
61902,62170
61902,62376
61902,63188
61908,1304
61908,1370
61908,1372
61908,59822
61908,61364
61908,61542
61908,62170
61908,62376
61908,63188
61935,1304
61935,1370
61935,1372
61935,59822
61935,61364
61935,61542
61935,62170
61935,62376
61935,63188
62337,1304
62337,1370
62337,1372
62337,59822
62337,61364
62337,61542
62337,62170
62337,62376
62337,63188
62811,1304
62811,1370
62811,1372
62811,59822
62811,61364
62811,61542
62811,62170
62811,62376
62811,63188
62817,1304
62817,1370
62817,1372
62817,59822
62817,61364
62817,61542
62817,62074
62817,62170
62817,62376
62817,63188
63867,1304
63867,1370
63867,1372
63867,59822
63867,61364
63867,61542
63867,62170
63867,62376
63867,63188
63873,1304
63873,1370
63873,1372
63873,59822
63873,61364
63873,61542
63873,62170
63873,62376
63873,63188
64218,1304
64218,1370
64218,1372
64218,59822
64218,61364
64218,61542
64218,62170
64218,62376
64218,63188
64272,1304
64272,1370
64272,1372
64272,59822
64272,61364
64272,61542
64272,62170
64272,62376
64272,63188
64299,1304
64299,1370
64299,1372
64299,59822
64299,61364
64299,61542
64299,62170
64299,62376
64299,63188
64353,1304
64353,1370
64353,1372
64353,59822
64353,61364
64353,61542
64353,62170
64353,62376
64353,63188
64365,1304
64365,1370
64365,1372
64365,59822
64365,61364
64365,61542
64365,62170
64365,62376
64365,63188
64734,1304
64734,1370
64734,1372
64734,59822
64734,61364
64734,61542
64734,62170
64734,62376
64734,63188
64764,1304
64764,1370
64764,1372
64764,59822
64764,61364
64764,61542
64764,62170
64764,62376
64764,63188
64845,1304
64845,1370
64845,1372
64845,59822
64845,61364
64845,61542
64845,62170
64845,62376
64845,63188
64860,1304
64860,1370
64860,1372
64860,59822
64860,61364
64860,61542
64860,62170
64860,62376
64860,63188
64893,1304
64893,1370
64893,1372
64893,59822
64893,61364
64893,61542
64893,62170
64893,62376
64893,63188
64959,1304
64959,1370
64959,1372
64959,59822
64959,61364
64959,61542
64959,62074
64959,62170
64959,62376
64959,63188
65049,1304
65049,1370
65049,1372
65049,59822
65049,61364
65049,61542
65049,62170
65049,62376
65049,63188
65052,1304
65052,1370
65052,1372
65052,59822
65052,61364
65052,61542
65052,62170
65052,62376
65052,63188
65058,1304
65058,1370
65058,1372
65058,59822
65058,61364
65058,61542
65058,62170
65058,62376
65058,63188
65067,1304
65067,1370
65067,1372
65067,59822
65067,61364
65067,61542
65067,62170
65067,62376
65067,63188
65313,1304
65313,1370
65313,1372
65313,59822
65313,61364
65313,61542
65313,62170
65313,62376
65313,63188
65328,1304
65328,1370
65328,1372
65328,59822
65328,61364
65328,61542
65328,62170
65328,62376
65328,63188
65577,1304
65577,1370
65577,1372
65577,59822
65577,61364
65577,61542
65577,62170
65577,62376
65577,63188
65598,1304
65598,1370
65598,1372
65598,59822
65598,61364
65598,61542
65598,62170
65598,62376
65598,63188
65631,1304
65631,1370
65631,1372
65631,59822
65631,61364
65631,61542
65631,62170
65631,62376
65631,63188
65637,1304
65637,1370
65637,1372
65637,59822
65637,61364
65637,61542
65637,62170
65637,62376
65637,63188
65640,1304
65640,1370
65640,1372
65640,59822
65640,61364
65640,61542
65640,62170
65640,62376
65640,63188
66033,1304
66033,1370
66033,1372
66033,59822
66033,61364
66033,61542
66033,62170
66033,62376
66033,63188
66054,1304
66054,1370
66054,1372
66054,59822
66054,61364
66054,61542
66054,62170
66054,62376
66054,63188
66336,1304
66336,1370
66336,1372
66336,59822
66336,61364
66336,61542
66336,62170
66336,62376
66336,63188
66465,1304
66465,1370
66465,1372
66465,59822
66465,61364
66465,61542
66465,62074
66465,62170
66465,62376
66465,63188
66777,1304
66777,1370
66777,1372
66777,59822
66777,61364
66777,61542
66777,62170
66777,62376
66777,63188
66843,1304
66843,1370
66843,1372
66843,59822
66843,61364
66843,61542
66843,62074
66843,62170
66843,62376
66843,63188
66879,1304
66879,1370
66879,1372
66879,59822
66879,61364
66879,61542
66879,62170
66879,62376
66879,63188
66915,1304
66915,1370
66915,1372
66915,59822
66915,61364
66915,61542
66915,62170
66915,62376
66915,63188
66918,1304
66918,1370
66918,1372
66918,59822
66918,61364
66918,61542
66918,62170
66918,62376
66918,63188
66924,1304
66924,1370
66924,1372
66924,59822
66924,61364
66924,61542
66924,62170
66924,62376
66924,63188
67056,1304
67056,1370
67056,1372
67056,59822
67056,61364
67056,61542
67056,62170
67056,62376
67056,63188
67158,1304
67158,1370
67158,1372
67158,59822
67158,61364
67158,61542
67158,62170
67158,62376
67158,63188
67314,1304
67314,1370
67314,1372
67314,59822
67314,61364
67314,61542
67314,62170
67314,62376
67314,63188
67335,1304
67335,1370
67335,1372
67335,59822
67335,61364
67335,61542
67335,62170
67335,62376
67335,63188
67371,1304
67371,1370
67371,1372
67371,59822
67371,61364
67371,61542
67371,62170
67371,62376
67371,63188
67740,1304
67740,1370
67740,1372
67740,59822
67740,61364
67740,61542
67740,62170
67740,62376
67740,63188
67764,1304
67764,1370
67764,1372
67764,59822
67764,61364
67764,61542
67764,62170
67764,62376
67764,63188
67827,1304
67827,1370
67827,1372
67827,59822
67827,61364
67827,61542
67827,62170
67827,62376
67827,63188
68496,1304
68496,1370
68496,1372
68496,59822
68496,61364
68496,61542
68496,62170
68496,62376
68496,63188
68568,1304
68568,1370
68568,1372
68568,59822
68568,61364
68568,61542
68568,62170
68568,62376
68568,63188
68676,1304
68676,1370
68676,1372
68676,59822
68676,61364
68676,61542
68676,62170
68676,62376
68676,63188
69060,1304
69060,1370
69060,1372
69060,59822
69060,61364
69060,61542
69060,62170
69060,62376
69060,63188
69249,1304
69249,1370
69249,1372
69249,59822
69249,61364
69249,61542
69249,62170
69249,62376
69249,63188
71271,1304
71271,1370
71271,1372
71271,59822
71271,61364
71271,61542
71271,62074
71271,62170
71271,62376
71271,63188
71274,1304
71274,1370
71274,1372
71274,59822
71274,61364
71274,61542
71274,62074
71274,62170
71274,62376
71274,63188
71301,1304
71301,1370
71301,1372
71301,59822
71301,61364
71301,61542
71301,62170
71301,62376
71301,63188
71409,1304
71409,1370
71409,1372
71409,59822
71409,61364
71409,61542
71409,62170
71409,62376
71409,63188
71766,1304
71766,1370
71766,1372
71766,59822
71766,61364
71766,61542
71766,62170
71766,62376
71766,63188
72027,1304
72027,1370
72027,1372
72027,59822
72027,61364
72027,61542
72027,62074
72027,62170
72027,62376
72027,63188
72045,1304
72045,1370
72045,1372
72045,59822
72045,61364
72045,61542
72045,62074
72045,62170
72045,62376
72045,63188
72108,1304
72108,1370
72108,1372
72108,59822
72108,61364
72108,61542
72108,62170
72108,62376
72108,63188
72117,1304
72117,1370
72117,1372
72117,59822
72117,61364
72117,61542
72117,62074
72117,62170
72117,62376
72117,63188
72312,1304
72312,1370
72312,1372
72312,59822
72312,61364
72312,61542
72312,62170
72312,62376
72312,63188
72483,1304
72483,1370
72483,1372
72483,59822
72483,61364
72483,61542
72483,62074
72483,62170
72483,62376
72483,63188
72558,1304
72558,1370
72558,1372
72558,59822
72558,61364
72558,61542
72558,62170
72558,62376
72558,63188
72561,1304
72561,1370
72561,1372
72561,59822
72561,61364
72561,61542
72561,62170
72561,62376
72561,63188
72645,1304
72645,1370
72645,1372
72645,59822
72645,61364
72645,61542
72645,62170
72645,62376
72645,63188
72900,1304
72900,1370
72900,1372
72900,59822
72900,61364
72900,61542
72900,62074
72900,62170
72900,62376
72900,63188
72918,1304
72918,1370
72918,1372
72918,59822
72918,61364
72918,61542
72918,62170
72918,62376
72918,63188
72930,1304
72930,1370
72930,1372
72930,59822
72930,61364
72930,61542
72930,62074
72930,62170
72930,62376
72930,63188
75723,1304
75723,1370
75723,1372
75723,59822
75723,61364
75723,61542
75723,62170
75723,62376
75723,63188
77484,1304
77484,1370
77484,1372
77484,59822
77484,61364
77484,61542
77484,62170
77484,62376
77484,63188
80925,1304
80925,1370
80925,1372
80925,59822
80925,61364
80925,61542
80925,62170
80925,62376
80925,63188
88821,1304
88821,1370
88821,1372
88821,59822
88821,61364
88821,61542
88821,62170
88821,62376
88821,63188
88920,1304
88920,1370
88920,1372
88920,59822
88920,61364
88920,61542
88920,62170
88920,62376
88920,63188
89013,1304
89013,1370
89013,1372
89013,59822
89013,61364
89013,61542
89013,62170
89013,62376
89013,63188
95988,1304
95988,1370
95988,1372
95988,59822
95988,61364
95988,61542
95988,62074
95988,62170
95988,62376
95988,63188
96138,1304
96138,1370
96138,1372
96138,59822
96138,61364
96138,61542
96138,62170
96138,62376
96138,63188
96444,1304
96444,1370
96444,1372
96444,59822
96444,61364
96444,61542
96444,62170
96444,62376
96444,63188
123150,1304
123150,1370
123150,1372
123150,59822
123150,61364
123150,61542
123150,62170
123150,62376
123150,63188
128334,1304
128334,1370
128334,1372
128334,59822
128334,61364
128334,61542
128334,62170
128334,62376
128334,63188
128469,1304
128469,1370
128469,1372
128469,59822
128469,61364
128469,61542
128469,62170
128469,62376
128469,63188
128526,1304
128526,1370
128526,1372
128526,59822
128526,61364
128526,61542
128526,62074
128526,62170
128526,62376
128526,63188
128538,1304
128538,1370
128538,1372
128538,59822
128538,61364
128538,61542
128538,62170
128538,62376
128538,63188
128604,1304
128604,1370
128604,1372
128604,59822
128604,61364
128604,61542
128604,62170
128604,62376
128604,63188
128685,1304
128685,1370
128685,1372
128685,59822
128685,61364
128685,61542
128685,62170
128685,62376
128685,63188
128763,1304
128763,1370
128763,1372
128763,59822
128763,61364
128763,61542
128763,62170
128763,62376
128763,63188
128901,1304
128901,1370
128901,1372
128901,59822
128901,61364
128901,61542
128901,62074
128901,62170
128901,62376
128901,63188
129081,1304
129081,1370
129081,1372
129081,59822
129081,61364
129081,61542
129081,62074
129081,62170
129081,62376
129081,63188
129135,1304
129135,1370
129135,1372
129135,59822
129135,61364
129135,61542
129135,62170
129135,62376
129135,63188
129264,1304
129264,1370
129264,1372
129264,59822
129264,61364
129264,61542
129264,62170
129264,62376
129264,63188
139272,1304
139272,1370
139272,1372
139272,59822
139272,61364
139272,61542
139272,62170
139272,62376
139272,63188
140277,1304
140277,1370
140277,1372
140277,59822
140277,61364
140277,61542
140277,62170
140277,62376
140277,63188
149634,1304
149634,1370
149634,1372
149634,59822
149634,61364
149634,61542
149634,62170
149634,62376
149634,63188
153024,1304
153024,1370
153024,1372
153024,59822
153024,61364
153024,61542
153024,62170
153024,62376
153024,63188
153048,1304
153048,1370
153048,1372
153048,59822
153048,61364
153048,61542
153048,62170
153048,62376
153048,63188
153072,1304
153072,1370
153072,1372
153072,59822
153072,61364
153072,61542
153072,62170
153072,62376
153072,63188
153084,1304
153084,1370
153084,1372
153084,59822
153084,61364
153084,61542
153084,62170
153084,62376
153084,63188
153138,1304
153138,1370
153138,1372
153138,59822
153138,61364
153138,61542
153138,62170
153138,62376
153138,63188
153141,1304
153141,1370
153141,1372
153141,59822
153141,61364
153141,61542
153141,62170
153141,62376
153141,63188
153150,1304
153150,1370
153150,1372
153150,59822
153150,61364
153150,61542
153150,62170
153150,62376
153150,63188
153204,1304
153204,1370
153204,1372
153204,59822
153204,61364
153204,61542
153204,62170
153204,62376
153204,63188
153279,1304
153279,1370
153279,1372
153279,59822
153279,61364
153279,61542
153279,62170
153279,62376
153279,63188
153288,1304
153288,1370
153288,1372
153288,59822
153288,61364
153288,61542
153288,62170
153288,62376
153288,63188
153303,1304
153303,1370
153303,1372
153303,59822
153303,61364
153303,61542
153303,62074
153303,62170
153303,62376
153303,63188
153309,1304
153309,1370
153309,1372
153309,59822
153309,61364
153309,61542
153309,62170
153309,62376
153309,63188
153312,1304
153312,1370
153312,1372
153312,59822
153312,61364
153312,61542
153312,62170
153312,62376
153312,63188
153315,1304
153315,1370
153315,1372
153315,59822
153315,61364
153315,61542
153315,62170
153315,62376
153315,63188
153348,1304
153348,1370
153348,1372
153348,59822
153348,61364
153348,61542
153348,62170
153348,62376
153348,63188
153381,1304
153381,1370
153381,1372
153381,59822
153381,61364
153381,61542
153381,62170
153381,62376
153381,63188
153402,1304
153402,1370
153402,1372
153402,59822
153402,61364
153402,61542
153402,62170
153402,62376
153402,63188
153423,1304
153423,1370
153423,1372
153423,59822
153423,61364
153423,61542
153423,62170
153423,62376
153423,63188
153438,1304
153438,1370
153438,1372
153438,59822
153438,61364
153438,61542
153438,62170
153438,62376
153438,63188
153600,1304
153600,1370
153600,1372
153600,59822
153600,61364
153600,61542
153600,62170
153600,62376
153600,63188
153642,1304
153642,1370
153642,1372
153642,59822
153642,61364
153642,61542
153642,62170
153642,62376
153642,63188
153645,1304
153645,1370
153645,1372
153645,59822
153645,61364
153645,61542
153645,62170
153645,62376
153645,63188
153669,1304
153669,1370
153669,1372
153669,59822
153669,61364
153669,61542
153669,62170
153669,62376
153669,63188
153672,1304
153672,1370
153672,1372
153672,59822
153672,61364
153672,61542
153672,62170
153672,62376
153672,63188
153675,1304
153675,1370
153675,1372
153675,59822
153675,61364
153675,61542
153675,62170
153675,62376
153675,63188
153720,1304
153720,1370
153720,1372
153720,59822
153720,61364
153720,61542
153720,62170
153720,62376
153720,63188
153726,1304
153726,1370
153726,1372
153726,59822
153726,61364
153726,61542
153726,62170
153726,62376
153726,63188
153744,1304
153744,1370
153744,1372
153744,59822
153744,61364
153744,61542
153744,62170
153744,62376
153744,63188
153756,1304
153756,1370
153756,1372
153756,59822
153756,61364
153756,61542
153756,62170
153756,62376
153756,63188
153765,1304
153765,1370
153765,1372
153765,59822
153765,61364
153765,61542
153765,62170
153765,62376
153765,63188
153792,1304
153792,1370
153792,1372
153792,59822
153792,61364
153792,61542
153792,62170
153792,62376
153792,63188
153813,1304
153813,1370
153813,1372
153813,59822
153813,61364
153813,61542
153813,62170
153813,62376
153813,63188
153867,1304
153867,1370
153867,1372
153867,59822
153867,61364
153867,61542
153867,62170
153867,62376
153867,63188
153882,1304
153882,1370
153882,1372
153882,59822
153882,61364
153882,61542
153882,62170
153882,62376
153882,63188
153885,1304
153885,1370
153885,1372
153885,59822
153885,61364
153885,61542
153885,62170
153885,62376
153885,63188
153888,1304
153888,1370
153888,1372
153888,59822
153888,61364
153888,61542
153888,62170
153888,62376
153888,63188
153912,1304
153912,1370
153912,1372
153912,59822
153912,61364
153912,61542
153912,62170
153912,62376
153912,63188
153960,1304
153960,1370
153960,1372
153960,59822
153960,61364
153960,61542
153960,62170
153960,62376
153960,63188
153999,1304
153999,1370
153999,1372
153999,59822
153999,61364
153999,61542
153999,62170
153999,62376
153999,63188
154008,1304
154008,1370
154008,1372
154008,59822
154008,61364
154008,61542
154008,62170
154008,62376
154008,63188
154011,1304
154011,1370
154011,1372
154011,59822
154011,61364
154011,61542
154011,62170
154011,62376
154011,63188
154032,1304
154032,1370
154032,1372
154032,59822
154032,61364
154032,61542
154032,62170
154032,62376
154032,63188
154035,1304
154035,1370
154035,1372
154035,59822
154035,61364
154035,61542
154035,62170
154035,62376
154035,63188
154041,1304
154041,1370
154041,1372
154041,59822
154041,61364
154041,61542
154041,62170
154041,62376
154041,63188
154068,1304
154068,1370
154068,1372
154068,59822
154068,61364
154068,61542
154068,62170
154068,62376
154068,63188
154077,1304
154077,1370
154077,1372
154077,59822
154077,61364
154077,61542
154077,62170
154077,62376
154077,63188
154098,1304
154098,1370
154098,1372
154098,59822
154098,61364
154098,61542
154098,62170
154098,62376
154098,63188
154113,1304
154113,1370
154113,1372
154113,59822
154113,61364
154113,61542
154113,62170
154113,62376
154113,63188
154119,1304
154119,1370
154119,1372
154119,59822
154119,61364
154119,61542
154119,62170
154119,62376
154119,63188
154146,1304
154146,1370
154146,1372
154146,59822
154146,61364
154146,61542
154146,62170
154146,62376
154146,63188
154167,1304
154167,1370
154167,1372
154167,59822
154167,61364
154167,61542
154167,62170
154167,62376
154167,63188
154245,1304
154245,1370
154245,1372
154245,59822
154245,61364
154245,61542
154245,62074
154245,62170
154245,62376
154245,63188
154275,1304
154275,1370
154275,1372
154275,59822
154275,61364
154275,61542
154275,62074
154275,62170
154275,62376
154275,63188
154374,1304
154374,1370
154374,1372
154374,59822
154374,61364
154374,61542
154374,62170
154374,62376
154374,63188
154383,1304
154383,1370
154383,1372
154383,59822
154383,61364
154383,61542
154383,62170
154383,62376
154383,63188
154404,1304
154404,1370
154404,1372
154404,59822
154404,61364
154404,61542
154404,62170
154404,62376
154404,63188
154434,1304
154434,1370
154434,1372
154434,59822
154434,61364
154434,61542
154434,62170
154434,62376
154434,63188
154473,1304
154473,1370
154473,1372
154473,59822
154473,61364
154473,61542
154473,62170
154473,62376
154473,63188
154476,1304
154476,1370
154476,1372
154476,59822
154476,61364
154476,61542
154476,62170
154476,62376
154476,63188
154485,1304
154485,1370
154485,1372
154485,59822
154485,61364
154485,61542
154485,62170
154485,62376
154485,63188
154494,1304
154494,1370
154494,1372
154494,59822
154494,61364
154494,61542
154494,62170
154494,62376
154494,63188
154506,1304
154506,1370
154506,1372
154506,59822
154506,61364
154506,61542
154506,62170
154506,62376
154506,63188
154509,1304
154509,1370
154509,1372
154509,59822
154509,61364
154509,61542
154509,62170
154509,62376
154509,63188
154518,1304
154518,1370
154518,1372
154518,59822
154518,61364
154518,61542
154518,62170
154518,62376
154518,63188
154542,1304
154542,1370
154542,1372
154542,59822
154542,61364
154542,61542
154542,62170
154542,62376
154542,63188
154551,1304
154551,1370
154551,1372
154551,59822
154551,61364
154551,61542
154551,62170
154551,62376
154551,63188
154560,1304
154560,1370
154560,1372
154560,59822
154560,61364
154560,61542
154560,62170
154560,62376
154560,63188
154578,1304
154578,1370
154578,1372
154578,59822
154578,61364
154578,61542
154578,62170
154578,62376
154578,63188
154635,1304
154635,1370
154635,1372
154635,59822
154635,61364
154635,61542
154635,62170
154635,62376
154635,63188
154665,1304
154665,1370
154665,1372
154665,59822
154665,61364
154665,61542
154665,62074
154665,62170
154665,62376
154665,63188
154698,1304
154698,1370
154698,1372
154698,59822
154698,61364
154698,61542
154698,62170
154698,62376
154698,63188
154707,1304
154707,1370
154707,1372
154707,59822
154707,61364
154707,61542
154707,62170
154707,62376
154707,63188
154713,1304
154713,1370
154713,1372
154713,59822
154713,61364
154713,61542
154713,62074
154713,62170
154713,62376
154713,63188
154740,1304
154740,1370
154740,1372
154740,59822
154740,61364
154740,61542
154740,62170
154740,62376
154740,63188
154743,1304
154743,1370
154743,1372
154743,59822
154743,61364
154743,61542
154743,62170
154743,62376
154743,63188
154758,1304
154758,1370
154758,1372
154758,59822
154758,61364
154758,61542
154758,62170
154758,62376
154758,63188
154770,1304
154770,1370
154770,1372
154770,59822
154770,61364
154770,61542
154770,62170
154770,62376
154770,63188
154779,1304
154779,1370
154779,1372
154779,59822
154779,61364
154779,61542
154779,62170
154779,62376
154779,63188
154797,1304
154797,1370
154797,1372
154797,59822
154797,61364
154797,61542
154797,62170
154797,62376
154797,63188
154803,1304
154803,1370
154803,1372
154803,59822
154803,61364
154803,61542
154803,62170
154803,62376
154803,63188
154812,1304
154812,1370
154812,1372
154812,59822
154812,61364
154812,61542
154812,62170
154812,62376
154812,63188
154821,1304
154821,1370
154821,1372
154821,59822
154821,61364
154821,61542
154821,62170
154821,62376
154821,63188
154827,1304
154827,1370
154827,1372
154827,59822
154827,61364
154827,61542
154827,62170
154827,62376
154827,63188
154869,1304
154869,1370
154869,1372
154869,59822
154869,61364
154869,61542
154869,62170
154869,62376
154869,63188
154881,1304
154881,1370
154881,1372
154881,59822
154881,61364
154881,61542
154881,62170
154881,62376
154881,63188
154887,1304
154887,1370
154887,1372
154887,59822
154887,61364
154887,61542
154887,62170
154887,62376
154887,63188
154890,1304
154890,1370
154890,1372
154890,59822
154890,61364
154890,61542
154890,62074
154890,62170
154890,62376
154890,63188
154953,1304
154953,1370
154953,1372
154953,59822
154953,61364
154953,61542
154953,62170
154953,62376
154953,63188
154956,1304
154956,1370
154956,1372
154956,59822
154956,61364
154956,61542
154956,62170
154956,62376
154956,63188
154998,1304
154998,1370
154998,1372
154998,59822
154998,61364
154998,61542
154998,62170
154998,62376
154998,63188
155016,1304
155016,1370
155016,1372
155016,59822
155016,61364
155016,61542
155016,62170
155016,62376
155016,63188
155031,1304
155031,1370
155031,1372
155031,59822
155031,61364
155031,61542
155031,62170
155031,62376
155031,63188
155034,1304
155034,1370
155034,1372
155034,59822
155034,61364
155034,61542
155034,62170
155034,62376
155034,63188
155043,1304
155043,1370
155043,1372
155043,59822
155043,61364
155043,61542
155043,62170
155043,62376
155043,63188
155052,1304
155052,1370
155052,1372
155052,59822
155052,61364
155052,61542
155052,62170
155052,62376
155052,63188
155055,1304
155055,1370
155055,1372
155055,59822
155055,61364
155055,61542
155055,62170
155055,62376
155055,63188
155085,1304
155085,1370
155085,1372
155085,59822
155085,61364
155085,61542
155085,62170
155085,62376
155085,63188
155097,1304
155097,1370
155097,1372
155097,59822
155097,61364
155097,61542
155097,62170
155097,62376
155097,63188
155100,1304
155100,1370
155100,1372
155100,59822
155100,61364
155100,61542
155100,62170
155100,62376
155100,63188
155106,1304
155106,1370
155106,1372
155106,59822
155106,61364
155106,61542
155106,62170
155106,62376
155106,63188
155271,1304
155271,1370
155271,1372
155271,59822
155271,61364
155271,61542
155271,62170
155271,62376
155271,63188
155337,1304
155337,1370
155337,1372
155337,59822
155337,61364
155337,61542
155337,62170
155337,62376
155337,63188
155388,1304
155388,1370
155388,1372
155388,59822
155388,61364
155388,61542
155388,62170
155388,62376
155388,63188
155403,1304
155403,1370
155403,1372
155403,59822
155403,61364
155403,61542
155403,62170
155403,62376
155403,63188
155481,1304
155481,1370
155481,1372
155481,59822
155481,61364
155481,61542
155481,62074
155481,62170
155481,62376
155481,63188
155556,1304
155556,1370
155556,1372
155556,59822
155556,61364
155556,61542
155556,62170
155556,62376
155556,63188
156024,1304
156024,1370
156024,1372
156024,59822
156024,61364
156024,61542
156024,62170
156024,62376
156024,63188
156057,1304
156057,1370
156057,1372
156057,59822
156057,61364
156057,61542
156057,62074
156057,62170
156057,62376
156057,63188
156063,1304
156063,1370
156063,1372
156063,59822
156063,61364
156063,61542
156063,62170
156063,62376
156063,63188
156225,1304
156225,1370
156225,1372
156225,59822
156225,61364
156225,61542
156225,62170
156225,62376
156225,63188
156339,1304
156339,1370
156339,1372
156339,59822
156339,61364
156339,61542
156339,62170
156339,62376
156339,63188
156486,1304
156486,1370
156486,1372
156486,59822
156486,61364
156486,61542
156486,62074
156486,62170
156486,62376
156486,63188
156489,1304
156489,1370
156489,1372
156489,59822
156489,61364
156489,61542
156489,62170
156489,62376
156489,63188
157080,1304
157080,1370
157080,1372
157080,59822
157080,61364
157080,61542
157080,62170
157080,62376
157080,63188
157185,1304
157185,1370
157185,1372
157185,59822
157185,61364
157185,61542
157185,62074
157185,62170
157185,62376
157185,63188
157224,1304
157224,1370
157224,1372
157224,59822
157224,61364
157224,61542
157224,62170
157224,62376
157224,63188
157236,1304
157236,1370
157236,1372
157236,59822
157236,61364
157236,61542
157236,62170
157236,62376
157236,63188
157311,1304
157311,1370
157311,1372
157311,59822
157311,61364
157311,61542
157311,62170
157311,62376
157311,63188
157398,1304
157398,1370
157398,1372
157398,59822
157398,61364
157398,61542
157398,62170
157398,62376
157398,63188
157416,1304
157416,1370
157416,1372
157416,59822
157416,61364
157416,61542
157416,62170
157416,62376
157416,63188
157500,1304
157500,1370
157500,1372
157500,59822
157500,61364
157500,61542
157500,62074
157500,62170
157500,62376
157500,63188
157710,1304
157710,1370
157710,1372
157710,59822
157710,61364
157710,61542
157710,62170
157710,62376
157710,63188
157767,1304
157767,1370
157767,1372
157767,59822
157767,61364
157767,61542
157767,62074
157767,62170
157767,62376
157767,63188
157854,1304
157854,1370
157854,1372
157854,59822
157854,61364
157854,61542
157854,62170
157854,62376
157854,63188
157938,1304
157938,1370
157938,1372
157938,59822
157938,61364
157938,61542
157938,62170
157938,62376
157938,63188
158274,1304
158274,1370
158274,1372
158274,59822
158274,61364
158274,61542
158274,62170
158274,62376
158274,63188
158499,1304
158499,1370
158499,1372
158499,59822
158499,61364
158499,61542
158499,62170
158499,62376
158499,63188
158658,1304
158658,1370
158658,1372
158658,59822
158658,61364
158658,61542
158658,62170
158658,62376
158658,63188
158685,1304
158685,1370
158685,1372
158685,59822
158685,61364
158685,61542
158685,62074
158685,62170
158685,62376
158685,63188
158742,1304
158742,1370
158742,1372
158742,59822
158742,61364
158742,61542
158742,62170
158742,62376
158742,63188
159033,1304
159033,1370
159033,1372
159033,59822
159033,61364
159033,61542
159033,62170
159033,62376
159033,63188
159330,1304
159330,1370
159330,1372
159330,59822
159330,61364
159330,61542
159330,62170
159330,62376
159330,63188
159831,1304
159831,1370
159831,1372
159831,59822
159831,61364
159831,61542
159831,62170
159831,62376
159831,63188
160029,1304
160029,1370
160029,1372
160029,59822
160029,61364
160029,61542
160029,62074
160029,62170
160029,62376
160029,63188
160770,1304
160770,1370
160770,1372
160770,59822
160770,61364
160770,61542
160770,62170
160770,62376
160770,63188
161058,1304
161058,1370
161058,1372
161058,59822
161058,61364
161058,61542
161058,62170
161058,62376
161058,63188
161208,1304
161208,1370
161208,1372
161208,59822
161208,61364
161208,61542
161208,62170
161208,62376
161208,63188
161283,1304
161283,1370
161283,1372
161283,59822
161283,61364
161283,61542
161283,62170
161283,62376
161283,63188
161403,1304
161403,1370
161403,1372
161403,59822
161403,61364
161403,61542
161403,62170
161403,62376
161403,63188
161526,1304
161526,1370
161526,1372
161526,59822
161526,61364
161526,61542
161526,62170
161526,62376
161526,63188
161667,1304
161667,1370
161667,1372
161667,59822
161667,61364
161667,61542
161667,62170
161667,62376
161667,63188
161787,1304
161787,1370
161787,1372
161787,59822
161787,61364
161787,61542
161787,62170
161787,62376
161787,63188
162603,1304
162603,1370
162603,1372
162603,59822
162603,61364
162603,61542
162603,62170
162603,62376
162603,63188
162624,1304
162624,1370
162624,1372
162624,59822
162624,61364
162624,61542
162624,62170
162624,62376
162624,63188
162792,1304
162792,1370
162792,1372
162792,59822
162792,61364
162792,61542
162792,62170
162792,62376
162792,63188
162795,1304
162795,1370
162795,1372
162795,59822
162795,61364
162795,61542
162795,62170
162795,62376
162795,63188
162810,1304
162810,1370
162810,1372
162810,59822
162810,61364
162810,61542
162810,62074
162810,62170
162810,62376
162810,63188
162843,1304
162843,1370
162843,1372
162843,59822
162843,61364
162843,61542
162843,62170
162843,62376
162843,63188
162957,1304
162957,1370
162957,1372
162957,59822
162957,61364
162957,61542
162957,62170
162957,62376
162957,63188
162960,1304
162960,1370
162960,1372
162960,59822
162960,61364
162960,61542
162960,62170
162960,62376
162960,63188
162984,1304
162984,1370
162984,1372
162984,59822
162984,61364
162984,61542
162984,62170
162984,62376
162984,63188
163032,1304
163032,1370
163032,1372
163032,59822
163032,61364
163032,61542
163032,62170
163032,62376
163032,63188
163044,1304
163044,1370
163044,1372
163044,59822
163044,61364
163044,61542
163044,62170
163044,62376
163044,63188
163101,1304
163101,1370
163101,1372
163101,59822
163101,61364
163101,61542
163101,62170
163101,62376
163101,63188
163131,1304
163131,1370
163131,1372
163131,59822
163131,61364
163131,61542
163131,62170
163131,62376
163131,63188
163251,1304
163251,1370
163251,1372
163251,59822
163251,61364
163251,61542
163251,62170
163251,62376
163251,63188
163377,1304
163377,1370
163377,1372
163377,59822
163377,61364
163377,61542
163377,62170
163377,62376
163377,63188
163482,1304
163482,1370
163482,1372
163482,59822
163482,61364
163482,61542
163482,62074
163482,62170
163482,62376
163482,63188
163554,1304
163554,1370
163554,1372
163554,59822
163554,61364
163554,61542
163554,62170
163554,62376
163554,63188
163578,1304
163578,1370
163578,1372
163578,59822
163578,61364
163578,61542
163578,62170
163578,62376
163578,63188
164007,1304
164007,1370
164007,1372
164007,59822
164007,61364
164007,61542
164007,62170
164007,62376
164007,63188
164064,1304
164064,1370
164064,1372
164064,59822
164064,61364
164064,61542
164064,62074
164064,62170
164064,62376
164064,63188
164337,1304
164337,1370
164337,1372
164337,59822
164337,61364
164337,61542
164337,62170
164337,62376
164337,63188
164457,1304
164457,1370
164457,1372
164457,59822
164457,61364
164457,61542
164457,62170
164457,62376
164457,63188
164541,1304
164541,1370
164541,1372
164541,59822
164541,61364
164541,61542
164541,62074
164541,62170
164541,62376
164541,63188
164631,1304
164631,1370
164631,1372
164631,59822
164631,61364
164631,61542
164631,62170
164631,62376
164631,63188
164640,1304
164640,1370
164640,1372
164640,59822
164640,61364
164640,61542
164640,62170
164640,62376
164640,63188
164661,1304
164661,1370
164661,1372
164661,59822
164661,61364
164661,61542
164661,62074
164661,62170
164661,62376
164661,63188
164871,1304
164871,1370
164871,1372
164871,59822
164871,61364
164871,61542
164871,62170
164871,62376
164871,63188
164970,1304
164970,1370
164970,1372
164970,59822
164970,61364
164970,61542
164970,62170
164970,62376
164970,63188
165045,1304
165045,1370
165045,1372
165045,59822
165045,61364
165045,61542
165045,62170
165045,62376
165045,63188
165132,1304
165132,1370
165132,1372
165132,59822
165132,61364
165132,61542
165132,62170
165132,62376
165132,63188
165183,1304
165183,1370
165183,1372
165183,59822
165183,61364
165183,61542
165183,62170
165183,62376
165183,63188
165312,1304
165312,1370
165312,1372
165312,59822
165312,61364
165312,61542
165312,62170
165312,62376
165312,63188
165684,1304
165684,1370
165684,1372
165684,59822
165684,61364
165684,61542
165684,62170
165684,62376
165684,63188
165687,1304
165687,1370
165687,1372
165687,59822
165687,61364
165687,61542
165687,62170
165687,62376
165687,63188
165717,1304
165717,1370
165717,1372
165717,59822
165717,61364
165717,61542
165717,62170
165717,62376
165717,63188
165726,1304
165726,1370
165726,1372
165726,59822
165726,61364
165726,61542
165726,62170
165726,62376
165726,63188
165744,1304
165744,1370
165744,1372
165744,59822
165744,61364
165744,61542
165744,62170
165744,62376
165744,63188
165750,1304
165750,1370
165750,1372
165750,59822
165750,61364
165750,61542
165750,62170
165750,62376
165750,63188
165762,1304
165762,1370
165762,1372
165762,59822
165762,61364
165762,61542
165762,62170
165762,62376
165762,63188
165786,1304
165786,1370
165786,1372
165786,59822
165786,61364
165786,61542
165786,62170
165786,62376
165786,63188
165915,1304
165915,1370
165915,1372
165915,59822
165915,61364
165915,61542
165915,62170
165915,62376
165915,63188
165927,1304
165927,1370
165927,1372
165927,59822
165927,61364
165927,61542
165927,62170
165927,62376
165927,63188
166002,1304
166002,1370
166002,1372
166002,59822
166002,61364
166002,61542
166002,62170
166002,62376
166002,63188
166005,1304
166005,1370
166005,1372
166005,59822
166005,61364
166005,61542
166005,62170
166005,62376
166005,63188
166029,1304
166029,1370
166029,1372
166029,59822
166029,61364
166029,61542
166029,62170
166029,62376
166029,63188
166128,1304
166128,1370
166128,1372
166128,59822
166128,61364
166128,61542
166128,62074
166128,62170
166128,62376
166128,63188
166356,1304
166356,1370
166356,1372
166356,59822
166356,61364
166356,61542
166356,62074
166356,62170
166356,62376
166356,63188
166362,1304
166362,1370
166362,1372
166362,59822
166362,61364
166362,61542
166362,62170
166362,62376
166362,63188
166437,1304
166437,1370
166437,1372
166437,59822
166437,61364
166437,61542
166437,62170
166437,62376
166437,63188
166599,1304
166599,1370
166599,1372
166599,59822
166599,61364
166599,61542
166599,62170
166599,62376
166599,63188
166995,1304
166995,1370
166995,1372
166995,59822
166995,61364
166995,61542
166995,62170
166995,62376
166995,63188
167082,1304
167082,1370
167082,1372
167082,59822
167082,61364
167082,61542
167082,62170
167082,62376
167082,63188
167136,1304
167136,1370
167136,1372
167136,59822
167136,61364
167136,61542
167136,62170
167136,62376
167136,63188
167256,1304
167256,1370
167256,1372
167256,59822
167256,61364
167256,61542
167256,62170
167256,62376
167256,63188
167316,1304
167316,1370
167316,1372
167316,59822
167316,61364
167316,61542
167316,62170
167316,62376
167316,63188
167364,1304
167364,1370
167364,1372
167364,59822
167364,61364
167364,61542
167364,62170
167364,62376
167364,63188
167451,1304
167451,1370
167451,1372
167451,59822
167451,61364
167451,61542
167451,62170
167451,62376
167451,63188
167514,1304
167514,1370
167514,1372
167514,59822
167514,61364
167514,61542
167514,62074
167514,62170
167514,62376
167514,63188
167571,1304
167571,1370
167571,1372
167571,59822
167571,61364
167571,61542
167571,62170
167571,62376
167571,63188
167652,1304
167652,1370
167652,1372
167652,59822
167652,61364
167652,61542
167652,62170
167652,62376
167652,63188
167676,1304
167676,1370
167676,1372
167676,59822
167676,61364
167676,61542
167676,62170
167676,62376
167676,63188
171372,1304
171372,1370
171372,1372
171372,59822
171372,61364
171372,61542
171372,62170
171372,62376
171372,63188
171684,1304
171684,1370
171684,1372
171684,59822
171684,61364
171684,61542
171684,62170
171684,62376
171684,63188
171702,1304
171702,1370
171702,1372
171702,59822
171702,61364
171702,61542
171702,62170
171702,62376
171702,63188
171939,1304
171939,1370
171939,1372
171939,59822
171939,61364
171939,61542
171939,62170
171939,62376
171939,63188
172008,1304
172008,1370
172008,1372
172008,59822
172008,61364
172008,61542
172008,62074
172008,62170
172008,62376
172008,63188
172035,1304
172035,1370
172035,1372
172035,59822
172035,61364
172035,61542
172035,62170
172035,62376
172035,63188
172056,1304
172056,1370
172056,1372
172056,59822
172056,61364
172056,61542
172056,62074
172056,62170
172056,62376
172056,63188
172161,1304
172161,1370
172161,1372
172161,59822
172161,61364
172161,61542
172161,62074
172161,62170
172161,62376
172161,63188
172419,1304
172419,1370
172419,1372
172419,59822
172419,61364
172419,61542
172419,62170
172419,62376
172419,63188
172503,1304
172503,1370
172503,1372
172503,59822
172503,61364
172503,61542
172503,62170
172503,62376
172503,63188
172587,1304
172587,1370
172587,1372
172587,59822
172587,61364
172587,61542
172587,62170
172587,62376
172587,63188
172590,1304
172590,1370
172590,1372
172590,59822
172590,61364
172590,61542
172590,62170
172590,62376
172590,63188
172695,1304
172695,1370
172695,1372
172695,59822
172695,61364
172695,61542
172695,62170
172695,62376
172695,63188
172704,1304
172704,1370
172704,1372
172704,59822
172704,61364
172704,61542
172704,62074
172704,62170
172704,62376
172704,63188
172719,1304
172719,1370
172719,1372
172719,59822
172719,61364
172719,61542
172719,62170
172719,62376
172719,63188
173613,1304
173613,1370
173613,1372
173613,59822
173613,61364
173613,61542
173613,62170
173613,62376
173613,63188
173667,1304
173667,1370
173667,1372
173667,59822
173667,61364
173667,61542
173667,62074
173667,62170
173667,62376
173667,63188
173796,1304
173796,1370
173796,1372
173796,59822
173796,61364
173796,61542
173796,62170
173796,62376
173796,63188
173940,1304
173940,1370
173940,1372
173940,59822
173940,61364
173940,61542
173940,62170
173940,62376
173940,63188
174087,1304
174087,1370
174087,1372
174087,59822
174087,61364
174087,61542
174087,62170
174087,62376
174087,63188
174195,1304
174195,1370
174195,1372
174195,59822
174195,61364
174195,61542
174195,62170
174195,62376
174195,63188
174279,1304
174279,1370
174279,1372
174279,59822
174279,61364
174279,61542
174279,62170
174279,62376
174279,63188
174468,1304
174468,1370
174468,1372
174468,59822
174468,61364
174468,61542
174468,62074
174468,62170
174468,62376
174468,63188
174513,1304
174513,1370
174513,1372
174513,59822
174513,61364
174513,61542
174513,62170
174513,62376
174513,63188
175239,1304
175239,1370
175239,1372
175239,59822
175239,61364
175239,61542
175239,62170
175239,62376
175239,63188
175266,1304
175266,1370
175266,1372
175266,59822
175266,61364
175266,61542
175266,62170
175266,62376
175266,63188
175293,1304
175293,1370
175293,1372
175293,59822
175293,61364
175293,61542
175293,62074
175293,62170
175293,62376
175293,63188
175809,1304
175809,1370
175809,1372
175809,59822
175809,61364
175809,61542
175809,62170
175809,62376
175809,63188
175815,1304
175815,1370
175815,1372
175815,59822
175815,61364
175815,61542
175815,62170
175815,62376
175815,63188
175878,1304
175878,1370
175878,1372
175878,59822
175878,61364
175878,61542
175878,62170
175878,62376
175878,63188
175899,1304
175899,1370
175899,1372
175899,59822
175899,61364
175899,61542
175899,62170
175899,62376
175899,63188
176319,1304
176319,1370
176319,1372
176319,59822
176319,61364
176319,61542
176319,62170
176319,62376
176319,63188
176403,1304
176403,1370
176403,1372
176403,59822
176403,61364
176403,61542
176403,62074
176403,62170
176403,62376
176403,63188
176472,1304
176472,1370
176472,1372
176472,59822
176472,61364
176472,61542
176472,62170
176472,62376
176472,63188
176577,1304
176577,1370
176577,1372
176577,59822
176577,61364
176577,61542
176577,62170
176577,62376
176577,63188
176595,1304
176595,1370
176595,1372
176595,59822
176595,61364
176595,61542
176595,62170
176595,62376
176595,63188
176607,1304
176607,1370
176607,1372
176607,59822
176607,61364
176607,61542
176607,62170
176607,62376
176607,63188
176643,1304
176643,1370
176643,1372
176643,59822
176643,61364
176643,61542
176643,62170
176643,62376
176643,63188
177474,1304
177474,1370
177474,1372
177474,59822
177474,61364
177474,61542
177474,62170
177474,62376
177474,63188
177672,1304
177672,1370
177672,1372
177672,59822
177672,61364
177672,61542
177672,62170
177672,62376
177672,63188
177873,1304
177873,1370
177873,1372
177873,59822
177873,61364
177873,61542
177873,62170
177873,62376
177873,63188
177903,1304
177903,1370
177903,1372
177903,59822
177903,61364
177903,61542
177903,62170
177903,62376
177903,63188
177921,1304
177921,1370
177921,1372
177921,59822
177921,61364
177921,61542
177921,62170
177921,62376
177921,63188
177951,1304
177951,1370
177951,1372
177951,59822
177951,61364
177951,61542
177951,62170
177951,62376
177951,63188
178068,1304
178068,1370
178068,1372
178068,59822
178068,61364
178068,61542
178068,62170
178068,62376
178068,63188
178230,1304
178230,1370
178230,1372
178230,59822
178230,61364
178230,61542
178230,62074
178230,62170
178230,62376
178230,63188
178257,1304
178257,1370
178257,1372
178257,59822
178257,61364
178257,61542
178257,62170
178257,62376
178257,63188
178458,1304
178458,1370
178458,1372
178458,59822
178458,61364
178458,61542
178458,62074
178458,62170
178458,62376
178458,63188
178761,1304
178761,1370
178761,1372
178761,59822
178761,61364
178761,61542
178761,62170
178761,62376
178761,63188
178818,1304
178818,1370
178818,1372
178818,59822
178818,61364
178818,61542
178818,62170
178818,62376
178818,63188
178830,1304
178830,1370
178830,1372
178830,59822
178830,61364
178830,61542
178830,62074
178830,62170
178830,62376
178830,63188
178938,1304
178938,1370
178938,1372
178938,59822
178938,61364
178938,61542
178938,62170
178938,62376
178938,63188
179088,1304
179088,1370
179088,1372
179088,59822
179088,61364
179088,61542
179088,62170
179088,62376
179088,63188
179436,1304
179436,1370
179436,1372
179436,59822
179436,61364
179436,61542
179436,62170
179436,62376
179436,63188
179496,1304
179496,1370
179496,1372
179496,59822
179496,61364
179496,61542
179496,62170
179496,62376
179496,63188
179700,1304
179700,1370
179700,1372
179700,59822
179700,61364
179700,61542
179700,62170
179700,62376
179700,63188
179790,1304
179790,1370
179790,1372
179790,59822
179790,61364
179790,61542
179790,62170
179790,62376
179790,63188
179838,1304
179838,1370
179838,1372
179838,59822
179838,61364
179838,61542
179838,62170
179838,62376
179838,63188
179853,1304
179853,1370
179853,1372
179853,59822
179853,61364
179853,61542
179853,62170
179853,62376
179853,63188
180195,1304
180195,1370
180195,1372
180195,59822
180195,61364
180195,61542
180195,62170
180195,62376
180195,63188
180471,1304
180471,1370
180471,1372
180471,59822
180471,61364
180471,61542
180471,62170
180471,62376
180471,63188
180495,1304
180495,1370
180495,1372
180495,59822
180495,61364
180495,61542
180495,62170
180495,62376
180495,63188
180672,1304
180672,1370
180672,1372
180672,59822
180672,61364
180672,61542
180672,62170
180672,62376
180672,63188
180801,1304
180801,1370
180801,1372
180801,59822
180801,61364
180801,61542
180801,62170
180801,62376
180801,63188
181101,1304
181101,1370
181101,1372
181101,59822
181101,61364
181101,61542
181101,62074
181101,62170
181101,62376
181101,63188
181110,1304
181110,1370
181110,1372
181110,59822
181110,61364
181110,61542
181110,62170
181110,62376
181110,63188
181149,1304
181149,1370
181149,1372
181149,59822
181149,61364
181149,61542
181149,62170
181149,62376
181149,63188
181203,1304
181203,1370
181203,1372
181203,59822
181203,61364
181203,61542
181203,62170
181203,62376
181203,63188
181371,1304
181371,1370
181371,1372
181371,59822
181371,61364
181371,61542
181371,62170
181371,62376
181371,63188
181593,1304
181593,1370
181593,1372
181593,59822
181593,61364
181593,61542
181593,62170
181593,62376
181593,63188
181662,1304
181662,1370
181662,1372
181662,59822
181662,61364
181662,61542
181662,62170
181662,62376
181662,63188
181704,1304
181704,1370
181704,1372
181704,59822
181704,61364
181704,61542
181704,62170
181704,62376
181704,63188
181746,1304
181746,1370
181746,1372
181746,59822
181746,61364
181746,61542
181746,62170
181746,62376
181746,63188
181860,1304
181860,1370
181860,1372
181860,59822
181860,61364
181860,61542
181860,62170
181860,62376
181860,63188
182292,1304
182292,1370
182292,1372
182292,59822
182292,61364
182292,61542
182292,62170
182292,62376
182292,63188
182295,1304
182295,1370
182295,1372
182295,59822
182295,61364
182295,61542
182295,62170
182295,62376
182295,63188
182442,1304
182442,1370
182442,1372
182442,59822
182442,61364
182442,61542
182442,62170
182442,62376
182442,63188
182556,1304
182556,1370
182556,1372
182556,59822
182556,61364
182556,61542
182556,62170
182556,62376
182556,63188
182565,1304
182565,1370
182565,1372
182565,59822
182565,61364
182565,61542
182565,62170
182565,62376
182565,63188
183105,1304
183105,1370
183105,1372
183105,59822
183105,61364
183105,61542
183105,62074
183105,62170
183105,62376
183105,63188
183195,1304
183195,1370
183195,1372
183195,59822
183195,61364
183195,61542
183195,62074
183195,62170
183195,62376
183195,63188
183213,1304
183213,1370
183213,1372
183213,59822
183213,61364
183213,61542
183213,62074
183213,62170
183213,62376
183213,63188
183363,1304
183363,1370
183363,1372
183363,59822
183363,61364
183363,61542
183363,62170
183363,62376
183363,63188
183366,1304
183366,1370
183366,1372
183366,59822
183366,61364
183366,61542
183366,62170
183366,62376
183366,63188
183387,1304
183387,1370
183387,1372
183387,59822
183387,61364
183387,61542
183387,62170
183387,62376
183387,63188
183390,1304
183390,1370
183390,1372
183390,59822
183390,61364
183390,61542
183390,62170
183390,62376
183390,63188
183450,1304
183450,1370
183450,1372
183450,59822
183450,61364
183450,61542
183450,62170
183450,62376
183450,63188
183459,1304
183459,1370
183459,1372
183459,59822
183459,61364
183459,61542
183459,62170
183459,62376
183459,63188
183468,1304
183468,1370
183468,1372
183468,59822
183468,61364
183468,61542
183468,62170
183468,62376
183468,63188
183489,1304
183489,1370
183489,1372
183489,59822
183489,61364
183489,61542
183489,62074
183489,62170
183489,62376
183489,63188
183492,1304
183492,1370
183492,1372
183492,59822
183492,61364
183492,61542
183492,62074
183492,62170
183492,62376
183492,63188
183573,1304
183573,1370
183573,1372
183573,59822
183573,61364
183573,61542
183573,62074
183573,62170
183573,62376
183573,63188
183576,1304
183576,1370
183576,1372
183576,59822
183576,61364
183576,61542
183576,62074
183576,62170
183576,62376
183576,63188
183645,1304
183645,1370
183645,1372
183645,59822
183645,61364
183645,61542
183645,62170
183645,62376
183645,63188
183666,1304
183666,1370
183666,1372
183666,59822
183666,61364
183666,61542
183666,62170
183666,62376
183666,63188
183672,1304
183672,1370
183672,1372
183672,59822
183672,61364
183672,61542
183672,62170
183672,62376
183672,63188
183675,1304
183675,1370
183675,1372
183675,59822
183675,61364
183675,61542
183675,62170
183675,62376
183675,63188
183786,1304
183786,1370
183786,1372
183786,59822
183786,61364
183786,61542
183786,62170
183786,62376
183786,63188
183789,1304
183789,1370
183789,1372
183789,59822
183789,61364
183789,61542
183789,62170
183789,62376
183789,63188
183813,1304
183813,1370
183813,1372
183813,59822
183813,61364
183813,61542
183813,62170
183813,62376
183813,63188
183912,1304
183912,1370
183912,1372
183912,59822
183912,61364
183912,61542
183912,62170
183912,62376
183912,63188
183921,1304
183921,1370
183921,1372
183921,59822
183921,61364
183921,61542
183921,62170
183921,62376
183921,63188
184104,1304
184104,1370
184104,1372
184104,59822
184104,61364
184104,61542
184104,62170
184104,62376
184104,63188
184113,1304
184113,1370
184113,1372
184113,59822
184113,61364
184113,61542
184113,62170
184113,62376
184113,63188
184485,1304
184485,1370
184485,1372
184485,59822
184485,61364
184485,61542
184485,62170
184485,62376
184485,63188
184488,1304
184488,1370
184488,1372
184488,59822
184488,61364
184488,61542
184488,62170
184488,62376
184488,63188
184509,1304
184509,1370
184509,1372
184509,59822
184509,61364
184509,61542
184509,62170
184509,62376
184509,63188
184605,1304
184605,1370
184605,1372
184605,59822
184605,61364
184605,61542
184605,62170
184605,62376
184605,63188
184635,1304
184635,1370
184635,1372
184635,59822
184635,61364
184635,61542
184635,62170
184635,62376
184635,63188
184674,1304
184674,1370
184674,1372
184674,59822
184674,61364
184674,61542
184674,62170
184674,62376
184674,63188
184698,1304
184698,1370
184698,1372
184698,59822
184698,61364
184698,61542
184698,62170
184698,62376
184698,63188
184710,1304
184710,1370
184710,1372
184710,59822
184710,61364
184710,61542
184710,62170
184710,62376
184710,63188
184713,1304
184713,1370
184713,1372
184713,59822
184713,61364
184713,61542
184713,62170
184713,62376
184713,63188
184863,1304
184863,1370
184863,1372
184863,59822
184863,61364
184863,61542
184863,62074
184863,62170
184863,62376
184863,63188
184950,1304
184950,1370
184950,1372
184950,59822
184950,61364
184950,61542
184950,62074
184950,62170
184950,62376
184950,63188
185067,1304
185067,1370
185067,1372
185067,59822
185067,61364
185067,61542
185067,62170
185067,62376
185067,63188
185244,1304
185244,1370
185244,1372
185244,59822
185244,61364
185244,61542
185244,62170
185244,62376
185244,63188
185817,1304
185817,1370
185817,1372
185817,59822
185817,61364
185817,61542
185817,62074
185817,62170
185817,62376
185817,63188
186078,1304
186078,1370
186078,1372
186078,59822
186078,61364
186078,61542
186078,62170
186078,62376
186078,63188
186174,1304
186174,1370
186174,1372
186174,59822
186174,61364
186174,61542
186174,62074
186174,62170
186174,62376
186174,63188
186177,1304
186177,1370
186177,1372
186177,59822
186177,61364
186177,61542
186177,62074
186177,62170
186177,62376
186177,63188
186216,1304
186216,1370
186216,1372
186216,59822
186216,61364
186216,61542
186216,62170
186216,62376
186216,63188
186327,1304
186327,1370
186327,1372
186327,59822
186327,61364
186327,61542
186327,62170
186327,62376
186327,63188
186378,1304
186378,1370
186378,1372
186378,59822
186378,61364
186378,61542
186378,62170
186378,62376
186378,63188
186384,1304
186384,1370
186384,1372
186384,59822
186384,61364
186384,61542
186384,62170
186384,62376
186384,63188
186438,1304
186438,1370
186438,1372
186438,59822
186438,61364
186438,61542
186438,62170
186438,62376
186438,63188
186447,1304
186447,1370
186447,1372
186447,59822
186447,61364
186447,61542
186447,62170
186447,62376
186447,63188
186657,1304
186657,1370
186657,1372
186657,59822
186657,61364
186657,61542
186657,62170
186657,62376
186657,63188
186882,1304
186882,1370
186882,1372
186882,59822
186882,61364
186882,61542
186882,62170
186882,62376
186882,63188
186933,1304
186933,1370
186933,1372
186933,59822
186933,61364
186933,61542
186933,62074
186933,62170
186933,62376
186933,63188
186942,1304
186942,1370
186942,1372
186942,59822
186942,61364
186942,61542
186942,62170
186942,62376
186942,63188
186951,1304
186951,1370
186951,1372
186951,59822
186951,61364
186951,61542
186951,62170
186951,62376
186951,63188
186987,1304
186987,1370
186987,1372
186987,59822
186987,61364
186987,61542
186987,62074
186987,62170
186987,62376
186987,63188
186990,1304
186990,1370
186990,1372
186990,59822
186990,61364
186990,61542
186990,62170
186990,62376
186990,63188
187101,1304
187101,1370
187101,1372
187101,59822
187101,61364
187101,61542
187101,62074
187101,62170
187101,62376
187101,63188
187221,1304
187221,1370
187221,1372
187221,59822
187221,61364
187221,61542
187221,62170
187221,62376
187221,63188
187224,1304
187224,1370
187224,1372
187224,59822
187224,61364
187224,61542
187224,62170
187224,62376
187224,63188
187263,1304
187263,1370
187263,1372
187263,59822
187263,61364
187263,61542
187263,62170
187263,62376
187263,63188
187386,1304
187386,1370
187386,1372
187386,59822
187386,61364
187386,61542
187386,62170
187386,62376
187386,63188
187395,1304
187395,1370
187395,1372
187395,59822
187395,61364
187395,61542
187395,62170
187395,62376
187395,63188
187650,1304
187650,1370
187650,1372
187650,59822
187650,61364
187650,61542
187650,62170
187650,62376
187650,63188
187659,1304
187659,1370
187659,1372
187659,59822
187659,61364
187659,61542
187659,62074
187659,62170
187659,62376
187659,63188
187707,1304
187707,1370
187707,1372
187707,59822
187707,61364
187707,61542
187707,62074
187707,62170
187707,62376
187707,63188
187734,1304
187734,1370
187734,1372
187734,59822
187734,61364
187734,61542
187734,62170
187734,62376
187734,63188
187743,1304
187743,1370
187743,1372
187743,59822
187743,61364
187743,61542
187743,62170
187743,62376
187743,63188
187797,1304
187797,1370
187797,1372
187797,59822
187797,61364
187797,61542
187797,62074
187797,62170
187797,62376
187797,63188
187806,1304
187806,1370
187806,1372
187806,59822
187806,61364
187806,61542
187806,62074
187806,62170
187806,62376
187806,63188
187839,1304
187839,1370
187839,1372
187839,59822
187839,61364
187839,61542
187839,62170
187839,62376
187839,63188
187875,1304
187875,1370
187875,1372
187875,59822
187875,61364
187875,61542
187875,62170
187875,62376
187875,63188
187962,1304
187962,1370
187962,1372
187962,59822
187962,61364
187962,61542
187962,62170
187962,62376
187962,63188
187974,1304
187974,1370
187974,1372
187974,59822
187974,61364
187974,61542
187974,62170
187974,62376
187974,63188
188100,1304
188100,1370
188100,1372
188100,59822
188100,61364
188100,61542
188100,62170
188100,62376
188100,63188
188106,1304
188106,1370
188106,1372
188106,59822
188106,61364
188106,61542
188106,62170
188106,62376
188106,63188
188196,1304
188196,1370
188196,1372
188196,59822
188196,61364
188196,61542
188196,62170
188196,62376
188196,63188
188265,1304
188265,1370
188265,1372
188265,59822
188265,61364
188265,61542
188265,62170
188265,62376
188265,63188
188331,1304
188331,1370
188331,1372
188331,59822
188331,61364
188331,61542
188331,62074
188331,62170
188331,62376
188331,63188
188343,1304
188343,1370
188343,1372
188343,59822
188343,61364
188343,61542
188343,62170
188343,62376
188343,63188
188481,1304
188481,1370
188481,1372
188481,59822
188481,61364
188481,61542
188481,62074
188481,62170
188481,62376
188481,63188
188604,1304
188604,1370
188604,1372
188604,59822
188604,61364
188604,61542
188604,62170
188604,62376
188604,63188
188637,1304
188637,1370
188637,1372
188637,59822
188637,61364
188637,61542
188637,62170
188637,62376
188637,63188
188685,1304
188685,1370
188685,1372
188685,59822
188685,61364
188685,61542
188685,62170
188685,62376
188685,63188
188700,1304
188700,1370
188700,1372
188700,59822
188700,61364
188700,61542
188700,62170
188700,62376
188700,63188
188730,1304
188730,1370
188730,1372
188730,59822
188730,61364
188730,61542
188730,62170
188730,62376
188730,63188
188787,1304
188787,1370
188787,1372
188787,59822
188787,61364
188787,61542
188787,62074
188787,62170
188787,62376
188787,63188
188844,1304
188844,1370
188844,1372
188844,59822
188844,61364
188844,61542
188844,62170
188844,62376
188844,63188
188847,1304
188847,1370
188847,1372
188847,59822
188847,61364
188847,61542
188847,62170
188847,62376
188847,63188
188853,1304
188853,1370
188853,1372
188853,59822
188853,61364
188853,61542
188853,62170
188853,62376
188853,63188
188937,1304
188937,1370
188937,1372
188937,59822
188937,61364
188937,61542
188937,62170
188937,62376
188937,63188
188961,1304
188961,1370
188961,1372
188961,59822
188961,61364
188961,61542
188961,62170
188961,62376
188961,63188
189009,1304
189009,1370
189009,1372
189009,59822
189009,61364
189009,61542
189009,62170
189009,62376
189009,63188
189012,1304
189012,1370
189012,1372
189012,59822
189012,61364
189012,61542
189012,62170
189012,62376
189012,63188
189045,1304
189045,1370
189045,1372
189045,59822
189045,61364
189045,61542
189045,62170
189045,62376
189045,63188
190113,1304
190113,1370
190113,1372
190113,59822
190113,61364
190113,61542
190113,62170
190113,62376
190113,63188
190152,1304
190152,1370
190152,1372
190152,59822
190152,61364
190152,61542
190152,62074
190152,62170
190152,62376
190152,63188
190776,1304
190776,1370
190776,1372
190776,59822
190776,61364
190776,61542
190776,62074
190776,62170
190776,62376
190776,63188
191223,1304
191223,1370
191223,1372
191223,59822
191223,61364
191223,61542
191223,62170
191223,62376
191223,63188
191226,1304
191226,1370
191226,1372
191226,59822
191226,61364
191226,61542
191226,62170
191226,62376
191226,63188
191229,1304
191229,1370
191229,1372
191229,59822
191229,61364
191229,61542
191229,62170
191229,62376
191229,63188
191232,1304
191232,1370
191232,1372
191232,59822
191232,61364
191232,61542
191232,62170
191232,62376
191232,63188
191238,1304
191238,1370
191238,1372
191238,59822
191238,61364
191238,61542
191238,62170
191238,62376
191238,63188
191247,1304
191247,1370
191247,1372
191247,59822
191247,61364
191247,61542
191247,62170
191247,62376
191247,63188
191250,1304
191250,1370
191250,1372
191250,59822
191250,61364
191250,61542
191250,62170
191250,62376
191250,63188
191256,1304
191256,1370
191256,1372
191256,59822
191256,61364
191256,61542
191256,62170
191256,62376
191256,63188
191316,1304
191316,1370
191316,1372
191316,59822
191316,61364
191316,61542
191316,62170
191316,62376
191316,63188
191451,1304
191451,1370
191451,1372
191451,59822
191451,61364
191451,61542
191451,62170
191451,62376
191451,63188
191553,1304
191553,1370
191553,1372
191553,59822
191553,61364
191553,61542
191553,62170
191553,62376
191553,63188
191556,1304
191556,1370
191556,1372
191556,59822
191556,61364
191556,61542
191556,62170
191556,62376
191556,63188
191892,1304
191892,1370
191892,1372
191892,59822
191892,61364
191892,61542
191892,62074
191892,62170
191892,62376
191892,63188
192144,1304
192144,1370
192144,1372
192144,59822
192144,61364
192144,61542
192144,62170
192144,62376
192144,63188
192159,1304
192159,1370
192159,1372
192159,59822
192159,61364
192159,61542
192159,62170
192159,62376
192159,63188
192300,1304
192300,1370
192300,1372
192300,59822
192300,61364
192300,61542
192300,62170
192300,62376
192300,63188
192549,1304
192549,1370
192549,1372
192549,59822
192549,61364
192549,61542
192549,62170
192549,62376
192549,63188
192564,1304
192564,1370
192564,1372
192564,59822
192564,61364
192564,61542
192564,62074
192564,62170
192564,62376
192564,63188
192618,1304
192618,1370
192618,1372
192618,59822
192618,61364
192618,61542
192618,62170
192618,62376
192618,63188
192627,1304
192627,1370
192627,1372
192627,59822
192627,61364
192627,61542
192627,62170
192627,62376
192627,63188
192714,1304
192714,1370
192714,1372
192714,59822
192714,61364
192714,61542
192714,62170
192714,62376
192714,63188
192717,1304
192717,1370
192717,1372
192717,59822
192717,61364
192717,61542
192717,62170
192717,62376
192717,63188
192735,1304
192735,1370
192735,1372
192735,59822
192735,61364
192735,61542
192735,62170
192735,62376
192735,63188
193542,1304
193542,1370
193542,1372
193542,59822
193542,61364
193542,61542
193542,62074
193542,62170
193542,62376
193542,63188
193911,1304
193911,1370
193911,1372
193911,59822
193911,61364
193911,61542
193911,62170
193911,62376
193911,63188
194082,1304
194082,1370
194082,1372
194082,59822
194082,61364
194082,61542
194082,62074
194082,62170
194082,62376
194082,63188
194229,1304
194229,1370
194229,1372
194229,59822
194229,61364
194229,61542
194229,62074
194229,62170
194229,62376
194229,63188
194388,1304
194388,1370
194388,1372
194388,59822
194388,61364
194388,61542
194388,62170
194388,62376
194388,63188
194409,1304
194409,1370
194409,1372
194409,59822
194409,61364
194409,61542
194409,62170
194409,62376
194409,63188
194424,1304
194424,1370
194424,1372
194424,59822
194424,61364
194424,61542
194424,62074
194424,62170
194424,62376
194424,63188
194601,1304
194601,1370
194601,1372
194601,59822
194601,61364
194601,61542
194601,62074
194601,62170
194601,62376
194601,63188
194718,1304
194718,1370
194718,1372
194718,59822
194718,61364
194718,61542
194718,62074
194718,62170
194718,62376
194718,63188
194790,1304
194790,1370
194790,1372
194790,59822
194790,61364
194790,61542
194790,62170
194790,62376
194790,63188
194883,1304
194883,1370
194883,1372
194883,59822
194883,61364
194883,61542
194883,62074
194883,62170
194883,62376
194883,63188
194904,1304
194904,1370
194904,1372
194904,59822
194904,61364
194904,61542
194904,62074
194904,62170
194904,62376
194904,63188
195063,1304
195063,1370
195063,1372
195063,59822
195063,61364
195063,61542
195063,62170
195063,62376
195063,63188
195249,1304
195249,1370
195249,1372
195249,59822
195249,61364
195249,61542
195249,62170
195249,62376
195249,63188
195372,1304
195372,1370
195372,1372
195372,59822
195372,61364
195372,61542
195372,62170
195372,62376
195372,63188
195582,1304
195582,1370
195582,1372
195582,59822
195582,61364
195582,61542
195582,62170
195582,62376
195582,63188
195723,1304
195723,1370
195723,1372
195723,59822
195723,61364
195723,61542
195723,62074
195723,62170
195723,62376
195723,63188
195771,1304
195771,1370
195771,1372
195771,59822
195771,61364
195771,61542
195771,62170
195771,62376
195771,63188
195894,1304
195894,1370
195894,1372
195894,59822
195894,61364
195894,61542
195894,62170
195894,62376
195894,63188
196722,1304
196722,1370
196722,1372
196722,59822
196722,61364
196722,61542
196722,62170
196722,62376
196722,63188
196845,1304
196845,1370
196845,1372
196845,59822
196845,61364
196845,61542
196845,62074
196845,62170
196845,62376
196845,63188
197034,1304
197034,1370
197034,1372
197034,59822
197034,61364
197034,61542
197034,62170
197034,62376
197034,63188
197286,1304
197286,1370
197286,1372
197286,59822
197286,61364
197286,61542
197286,62074
197286,62170
197286,62376
197286,63188
197529,1304
197529,1370
197529,1372
197529,59822
197529,61364
197529,61542
197529,62170
197529,62376
197529,63188
197595,1304
197595,1370
197595,1372
197595,59822
197595,61364
197595,61542
197595,62074
197595,62170
197595,62376
197595,63188
197673,1304
197673,1370
197673,1372
197673,59822
197673,61364
197673,61542
197673,62074
197673,62170
197673,62376
197673,63188
197676,1304
197676,1370
197676,1372
197676,59822
197676,61364
197676,61542
197676,62170
197676,62376
197676,63188
197802,1304
197802,1370
197802,1372
197802,59822
197802,61364
197802,61542
197802,62170
197802,62376
197802,63188
197835,1304
197835,1370
197835,1372
197835,59822
197835,61364
197835,61542
197835,62170
197835,62376
197835,63188
198057,1304
198057,1370
198057,1372
198057,59822
198057,61364
198057,61542
198057,62170
198057,62376
198057,63188
198210,1304
198210,1370
198210,1372
198210,59822
198210,61364
198210,61542
198210,62074
198210,62170
198210,62376
198210,63188
198279,1304
198279,1370
198279,1372
198279,59822
198279,61364
198279,61542
198279,62170
198279,62376
198279,63188
198522,1304
198522,1370
198522,1372
198522,59822
198522,61364
198522,61542
198522,62074
198522,62170
198522,62376
198522,63188
198534,1304
198534,1370
198534,1372
198534,59822
198534,61364
198534,61542
198534,62074
198534,62170
198534,62376
198534,63188
198552,1304
198552,1370
198552,1372
198552,59822
198552,61364
198552,61542
198552,62170
198552,62376
198552,63188
198573,1304
198573,1370
198573,1372
198573,59822
198573,61364
198573,61542
198573,62074
198573,62170
198573,62376
198573,63188
198792,1304
198792,1370
198792,1372
198792,59822
198792,61364
198792,61542
198792,62170
198792,62376
198792,63188
198801,1304
198801,1370
198801,1372
198801,59822
198801,61364
198801,61542
198801,62170
198801,62376
198801,63188
198855,1304
198855,1370
198855,1372
198855,59822
198855,61364
198855,61542
198855,62170
198855,62376
198855,63188
198867,1304
198867,1370
198867,1372
198867,59822
198867,61364
198867,61542
198867,62074
198867,62170
198867,62376
198867,63188
198873,1304
198873,1370
198873,1372
198873,59822
198873,61364
198873,61542
198873,62074
198873,62170
198873,62376
198873,63188
198882,1304
198882,1370
198882,1372
198882,59822
198882,61364
198882,61542
198882,62074
198882,62170
198882,62376
198882,63188
198945,1304
198945,1370
198945,1372
198945,59822
198945,61364
198945,61542
198945,62170
198945,62376
198945,63188
198981,1304
198981,1370
198981,1372
198981,59822
198981,61364
198981,61542
198981,62074
198981,62170
198981,62376
198981,63188
199044,1304
199044,1370
199044,1372
199044,59822
199044,61364
199044,61542
199044,62074
199044,62170
199044,62376
199044,63188
199242,1304
199242,1370
199242,1372
199242,59822
199242,61364
199242,61542
199242,62074
199242,62170
199242,62376
199242,63188
199479,1304
199479,1370
199479,1372
199479,59822
199479,61364
199479,61542
199479,62170
199479,62376
199479,63188
199854,1304
199854,1370
199854,1372
199854,59822
199854,61364
199854,61542
199854,62170
199854,62376
199854,63188
200259,1304
200259,1370
200259,1372
200259,59822
200259,61364
200259,61542
200259,62074
200259,62170
200259,62376
200259,63188
200364,1304
200364,1370
200364,1372
200364,59822
200364,61364
200364,61542
200364,62170
200364,62376
200364,63188
201030,1304
201030,1370
201030,1372
201030,59822
201030,61364
201030,61542
201030,62170
201030,62376
201030,63188
201282,1304
201282,1370
201282,1372
201282,59822
201282,61364
201282,61542
201282,62074
201282,62170
201282,62376
201282,63188
201522,1304
201522,1370
201522,1372
201522,59822
201522,61364
201522,61542
201522,62074
201522,62170
201522,62376
201522,63188
201741,1304
201741,1370
201741,1372
201741,59822
201741,61364
201741,61542
201741,62170
201741,62376
201741,63188
201798,1304
201798,1370
201798,1372
201798,59822
201798,61364
201798,61542
201798,62170
201798,62376
201798,63188
201852,1304
201852,1370
201852,1372
201852,59822
201852,61364
201852,61542
201852,62170
201852,62376
201852,63188
202638,1304
202638,1370
202638,1372
202638,59822
202638,61364
202638,61542
202638,62074
202638,62170
202638,62376
202638,63188
202818,1304
202818,1370
202818,1372
202818,59822
202818,61364
202818,61542
202818,62170
202818,62376
202818,63188
202959,1304
202959,1370
202959,1372
202959,59822
202959,61364
202959,61542
202959,62074
202959,62170
202959,62376
202959,63188
203055,1304
203055,1370
203055,1372
203055,59822
203055,61364
203055,61542
203055,62170
203055,62376
203055,63188
203073,1304
203073,1370
203073,1372
203073,59822
203073,61364
203073,61542
203073,62170
203073,62376
203073,63188
203082,1304
203082,1370
203082,1372
203082,59822
203082,61364
203082,61542
203082,62170
203082,62376
203082,63188
203088,1304
203088,1370
203088,1372
203088,59822
203088,61364
203088,61542
203088,62170
203088,62376
203088,63188
203094,1304
203094,1370
203094,1372
203094,59822
203094,61364
203094,61542
203094,62170
203094,62376
203094,63188
203106,1304
203106,1370
203106,1372
203106,59822
203106,61364
203106,61542
203106,62074
203106,62170
203106,62376
203106,63188
203133,1304
203133,1370
203133,1372
203133,59822
203133,61364
203133,61542
203133,62170
203133,62376
203133,63188
203142,1304
203142,1370
203142,1372
203142,59822
203142,61364
203142,61542
203142,62170
203142,62376
203142,63188
203145,1304
203145,1370
203145,1372
203145,59822
203145,61364
203145,61542
203145,62170
203145,62376
203145,63188
203151,1304
203151,1370
203151,1372
203151,59822
203151,61364
203151,61542
203151,62170
203151,62376
203151,63188
203166,1304
203166,1370
203166,1372
203166,59822
203166,61364
203166,61542
203166,62170
203166,62376
203166,63188
203175,1304
203175,1370
203175,1372
203175,59822
203175,61364
203175,61542
203175,62074
203175,62170
203175,62376
203175,63188
203178,1304
203178,1370
203178,1372
203178,59822
203178,61364
203178,61542
203178,62074
203178,62170
203178,62376
203178,63188
203181,1304
203181,1370
203181,1372
203181,59822
203181,61364
203181,61542
203181,62170
203181,62376
203181,63188
203184,1304
203184,1370
203184,1372
203184,59822
203184,61364
203184,61542
203184,62170
203184,62376
203184,63188
203199,1304
203199,1370
203199,1372
203199,59822
203199,61364
203199,61542
203199,62170
203199,62376
203199,63188
203214,1304
203214,1370
203214,1372
203214,59822
203214,61364
203214,61542
203214,62170
203214,62376
203214,63188
203232,1304
203232,1370
203232,1372
203232,59822
203232,61364
203232,61542
203232,62170
203232,62376
203232,63188
203241,1304
203241,1370
203241,1372
203241,59822
203241,61364
203241,61542
203241,62170
203241,62376
203241,63188
203247,1304
203247,1370
203247,1372
203247,59822
203247,61364
203247,61542
203247,62170
203247,62376
203247,63188
203256,1304
203256,1370
203256,1372
203256,59822
203256,61364
203256,61542
203256,62170
203256,62376
203256,63188
203259,1304
203259,1370
203259,1372
203259,59822
203259,61364
203259,61542
203259,62170
203259,62376
203259,63188
203268,1304
203268,1370
203268,1372
203268,59822
203268,61364
203268,61542
203268,62170
203268,62376
203268,63188
203271,1304
203271,1370
203271,1372
203271,59822
203271,61364
203271,61542
203271,62170
203271,62376
203271,63188
203274,1304
203274,1370
203274,1372
203274,59822
203274,61364
203274,61542
203274,62170
203274,62376
203274,63188
203277,1304
203277,1370
203277,1372
203277,59822
203277,61364
203277,61542
203277,62170
203277,62376
203277,63188
203280,1304
203280,1370
203280,1372
203280,59822
203280,61364
203280,61542
203280,62170
203280,62376
203280,63188
203439,1304
203439,1370
203439,1372
203439,59822
203439,61364
203439,61542
203439,62170
203439,62376
203439,63188
203445,1304
203445,1370
203445,1372
203445,59822
203445,61364
203445,61542
203445,62170
203445,62376
203445,63188
203451,1304
203451,1370
203451,1372
203451,59822
203451,61364
203451,61542
203451,62170
203451,62376
203451,63188
203454,1304
203454,1370
203454,1372
203454,59822
203454,61364
203454,61542
203454,62170
203454,62376
203454,63188
203460,1304
203460,1370
203460,1372
203460,59822
203460,61364
203460,61542
203460,62074
203460,62170
203460,62376
203460,63188
203466,1304
203466,1370
203466,1372
203466,59822
203466,61364
203466,61542
203466,62170
203466,62376
203466,63188
203511,1304
203511,1370
203511,1372
203511,59822
203511,61364
203511,61542
203511,62170
203511,62376
203511,63188
203517,1304
203517,1370
203517,1372
203517,59822
203517,61364
203517,61542
203517,62170
203517,62376
203517,63188
203646,1304
203646,1370
203646,1372
203646,59822
203646,61364
203646,61542
203646,62170
203646,62376
203646,63188
203661,1304
203661,1370
203661,1372
203661,59822
203661,61364
203661,61542
203661,62170
203661,62376
203661,63188
203670,1304
203670,1370
203670,1372
203670,59822
203670,61364
203670,61542
203670,62170
203670,62376
203670,63188
203673,1304
203673,1370
203673,1372
203673,59822
203673,61364
203673,61542
203673,62074
203673,62170
203673,62376
203673,63188
203700,1304
203700,1370
203700,1372
203700,59822
203700,61364
203700,61542
203700,62074
203700,62170
203700,62376
203700,63188
203724,1304
203724,1370
203724,1372
203724,59822
203724,61364
203724,61542
203724,62074
203724,62170
203724,62376
203724,63188
203733,1304
203733,1370
203733,1372
203733,59822
203733,61364
203733,61542
203733,62170
203733,62376
203733,63188
203736,1304
203736,1370
203736,1372
203736,59822
203736,61364
203736,61542
203736,62170
203736,62376
203736,63188
203775,1304
203775,1370
203775,1372
203775,59822
203775,61364
203775,61542
203775,62170
203775,62376
203775,63188
203784,1304
203784,1370
203784,1372
203784,59822
203784,61364
203784,61542
203784,62170
203784,62376
203784,63188
203790,1304
203790,1370
203790,1372
203790,59822
203790,61364
203790,61542
203790,62074
203790,62170
203790,62376
203790,63188
203796,1304
203796,1370
203796,1372
203796,59822
203796,61364
203796,61542
203796,62074
203796,62170
203796,62376
203796,63188
203811,1304
203811,1370
203811,1372
203811,59822
203811,61364
203811,61542
203811,62170
203811,62376
203811,63188
203820,1304
203820,1370
203820,1372
203820,59822
203820,61364
203820,61542
203820,62170
203820,62376
203820,63188
203829,1304
203829,1370
203829,1372
203829,59822
203829,61364
203829,61542
203829,62170
203829,62376
203829,63188
203868,1304
203868,1370
203868,1372
203868,59822
203868,61364
203868,61542
203868,62170
203868,62376
203868,63188
203871,1304
203871,1370
203871,1372
203871,59822
203871,61364
203871,61542
203871,62170
203871,62376
203871,63188
204054,1304
204054,1370
204054,1372
204054,59822
204054,61364
204054,61542
204054,62170
204054,62376
204054,63188
204057,1304
204057,1370
204057,1372
204057,59822
204057,61364
204057,61542
204057,62170
204057,62376
204057,63188
204093,1304
204093,1370
204093,1372
204093,59822
204093,61364
204093,61542
204093,62170
204093,62376
204093,63188
204141,1304
204141,1370
204141,1372
204141,59822
204141,61364
204141,61542
204141,62170
204141,62376
204141,63188
204144,1304
204144,1370
204144,1372
204144,59822
204144,61364
204144,61542
204144,62170
204144,62376
204144,63188
204189,1304
204189,1370
204189,1372
204189,59822
204189,61364
204189,61542
204189,62074
204189,62170
204189,62376
204189,63188
204222,1304
204222,1370
204222,1372
204222,59822
204222,61364
204222,61542
204222,62170
204222,62376
204222,63188
204228,1304
204228,1370
204228,1372
204228,59822
204228,61364
204228,61542
204228,62170
204228,62376
204228,63188
204243,1304
204243,1370
204243,1372
204243,59822
204243,61364
204243,61542
204243,62170
204243,62376
204243,63188
204276,1304
204276,1370
204276,1372
204276,59822
204276,61364
204276,61542
204276,62170
204276,62376
204276,63188
204375,1304
204375,1370
204375,1372
204375,59822
204375,61364
204375,61542
204375,62170
204375,62376
204375,63188
204411,1304
204411,1370
204411,1372
204411,59822
204411,61364
204411,61542
204411,62170
204411,62376
204411,63188
204480,1304
204480,1370
204480,1372
204480,59822
204480,61364
204480,61542
204480,62170
204480,62376
204480,63188
204483,1304
204483,1370
204483,1372
204483,59822
204483,61364
204483,61542
204483,62170
204483,62376
204483,63188
204519,1304
204519,1370
204519,1372
204519,59822
204519,61364
204519,61542
204519,62170
204519,62376
204519,63188
204522,1304
204522,1370
204522,1372
204522,59822
204522,61364
204522,61542
204522,62170
204522,62376
204522,63188
204654,1304
204654,1370
204654,1372
204654,59822
204654,61364
204654,61542
204654,62170
204654,62376
204654,63188
204657,1304
204657,1370
204657,1372
204657,59822
204657,61364
204657,61542
204657,62170
204657,62376
204657,63188
204717,1304
204717,1370
204717,1372
204717,59822
204717,61364
204717,61542
204717,62170
204717,62376
204717,63188
204759,1304
204759,1370
204759,1372
204759,59822
204759,61364
204759,61542
204759,62170
204759,62376
204759,63188
204762,1304
204762,1370
204762,1372
204762,59822
204762,61364
204762,61542
204762,62170
204762,62376
204762,63188
204768,1304
204768,1370
204768,1372
204768,59822
204768,61364
204768,61542
204768,62170
204768,62376
204768,63188
204771,1304
204771,1370
204771,1372
204771,59822
204771,61364
204771,61542
204771,62170
204771,62376
204771,63188
204774,1304
204774,1370
204774,1372
204774,59822
204774,61364
204774,61542
204774,62170
204774,62376
204774,63188
204780,1304
204780,1370
204780,1372
204780,59822
204780,61364
204780,61542
204780,62170
204780,62376
204780,63188
204795,1304
204795,1370
204795,1372
204795,59822
204795,61364
204795,61542
204795,62074
204795,62170
204795,62376
204795,63188
204924,1304
204924,1370
204924,1372
204924,59822
204924,61364
204924,61542
204924,62170
204924,62376
204924,63188
205191,1304
205191,1370
205191,1372
205191,59822
205191,61364
205191,61542
205191,62074
205191,62170
205191,62376
205191,63188
205332,1304
205332,1370
205332,1372
205332,59822
205332,61364
205332,61542
205332,62170
205332,62376
205332,63188
205353,1304
205353,1370
205353,1372
205353,59822
205353,61364
205353,61542
205353,62170
205353,62376
205353,63188
205659,1304
205659,1370
205659,1372
205659,59822
205659,61364
205659,61542
205659,62170
205659,62376
205659,63188
205722,1304
205722,1370
205722,1372
205722,59822
205722,61364
205722,61542
205722,62170
205722,62376
205722,63188
205740,1304
205740,1370
205740,1372
205740,59822
205740,61364
205740,61542
205740,62170
205740,62376
205740,63188
205812,1304
205812,1370
205812,1372
205812,59822
205812,61364
205812,61542
205812,62170
205812,62376
205812,63188
205815,1304
205815,1370
205815,1372
205815,59822
205815,61364
205815,61542
205815,62170
205815,62376
205815,63188
205821,1304
205821,1370
205821,1372
205821,59822
205821,61364
205821,61542
205821,62074
205821,62170
205821,62376
205821,63188
205905,1304
205905,1370
205905,1372
205905,59822
205905,61364
205905,61542
205905,62170
205905,62376
205905,63188
205947,1304
205947,1370
205947,1372
205947,59822
205947,61364
205947,61542
205947,62170
205947,62376
205947,63188
205959,1304
205959,1370
205959,1372
205959,59822
205959,61364
205959,61542
205959,62170
205959,62376
205959,63188
205995,1304
205995,1370
205995,1372
205995,59822
205995,61364
205995,61542
205995,62074
205995,62170
205995,62376
205995,63188
206076,1304
206076,1370
206076,1372
206076,59822
206076,61364
206076,61542
206076,62170
206076,62376
206076,63188
206304,1304
206304,1370
206304,1372
206304,59822
206304,61364
206304,61542
206304,62170
206304,62376
206304,63188
206343,1304
206343,1370
206343,1372
206343,59822
206343,61364
206343,61542
206343,62074
206343,62170
206343,62376
206343,63188
206346,1304
206346,1370
206346,1372
206346,59822
206346,61364
206346,61542
206346,62074
206346,62170
206346,62376
206346,63188
206361,1304
206361,1370
206361,1372
206361,59822
206361,61364
206361,61542
206361,62074
206361,62170
206361,62376
206361,63188
206376,1304
206376,1370
206376,1372
206376,59822
206376,61364
206376,61542
206376,62074
206376,62170
206376,62376
206376,63188
206427,1304
206427,1370
206427,1372
206427,59822
206427,61364
206427,61542
206427,62074
206427,62170
206427,62376
206427,63188
206439,1304
206439,1370
206439,1372
206439,59822
206439,61364
206439,61542
206439,62074
206439,62170
206439,62376
206439,63188
206481,1304
206481,1370
206481,1372
206481,59822
206481,61364
206481,61542
206481,62074
206481,62170
206481,62376
206481,63188
206613,1304
206613,1370
206613,1372
206613,59822
206613,61364
206613,61542
206613,62074
206613,62170
206613,62376
206613,63188
206616,1304
206616,1370
206616,1372
206616,59822
206616,61364
206616,61542
206616,62170
206616,62376
206616,63188
206625,1304
206625,1370
206625,1372
206625,59822
206625,61364
206625,61542
206625,62170
206625,62376
206625,63188
206634,1304
206634,1370
206634,1372
206634,59822
206634,61364
206634,61542
206634,62170
206634,62376
206634,63188
206637,1304
206637,1370
206637,1372
206637,59822
206637,61364
206637,61542
206637,62170
206637,62376
206637,63188
206745,1304
206745,1370
206745,1372
206745,59822
206745,61364
206745,61542
206745,62170
206745,62376
206745,63188
206748,1304
206748,1370
206748,1372
206748,59822
206748,61364
206748,61542
206748,62074
206748,62170
206748,62376
206748,63188
206760,1304
206760,1370
206760,1372
206760,59822
206760,61364
206760,61542
206760,62074
206760,62170
206760,62376
206760,63188
206811,1304
206811,1370
206811,1372
206811,59822
206811,61364
206811,61542
206811,62170
206811,62376
206811,63188
206823,1304
206823,1370
206823,1372
206823,59822
206823,61364
206823,61542
206823,62170
206823,62376
206823,63188
206838,1304
206838,1370
206838,1372
206838,59822
206838,61364
206838,61542
206838,62170
206838,62376
206838,63188
206847,1304
206847,1370
206847,1372
206847,59822
206847,61364
206847,61542
206847,62170
206847,62376
206847,63188
206868,1304
206868,1370
206868,1372
206868,59822
206868,61364
206868,61542
206868,62074
206868,62170
206868,62376
206868,63188
206940,1304
206940,1370
206940,1372
206940,59822
206940,61364
206940,61542
206940,62074
206940,62170
206940,62376
206940,63188
206952,1304
206952,1370
206952,1372
206952,59822
206952,61364
206952,61542
206952,62074
206952,62170
206952,62376
206952,63188
206979,1304
206979,1370
206979,1372
206979,59822
206979,61364
206979,61542
206979,62074
206979,62170
206979,62376
206979,63188
207084,1304
207084,1370
207084,1372
207084,59822
207084,61364
207084,61542
207084,62170
207084,62376
207084,63188
207216,1304
207216,1370
207216,1372
207216,59822
207216,61364
207216,61542
207216,62170
207216,62376
207216,63188
207219,1304
207219,1370
207219,1372
207219,59822
207219,61364
207219,61542
207219,62170
207219,62376
207219,63188
207222,1304
207222,1370
207222,1372
207222,59822
207222,61364
207222,61542
207222,62074
207222,62170
207222,62376
207222,63188
207240,1304
207240,1370
207240,1372
207240,59822
207240,61364
207240,61542
207240,62170
207240,62376
207240,63188
207243,1304
207243,1370
207243,1372
207243,59822
207243,61364
207243,61542
207243,62170
207243,62376
207243,63188
207330,1304
207330,1370
207330,1372
207330,59822
207330,61364
207330,61542
207330,62170
207330,62376
207330,63188
207339,1304
207339,1370
207339,1372
207339,59822
207339,61364
207339,61542
207339,62074
207339,62170
207339,62376
207339,63188
207366,1304
207366,1370
207366,1372
207366,59822
207366,61364
207366,61542
207366,62170
207366,62376
207366,63188
207387,1304
207387,1370
207387,1372
207387,59822
207387,61364
207387,61542
207387,62170
207387,62376
207387,63188
207396,1304
207396,1370
207396,1372
207396,59822
207396,61364
207396,61542
207396,62170
207396,62376
207396,63188
207399,1304
207399,1370
207399,1372
207399,59822
207399,61364
207399,61542
207399,62074
207399,62170
207399,62376
207399,63188
207465,1304
207465,1370
207465,1372
207465,59822
207465,61364
207465,61542
207465,62170
207465,62376
207465,63188
207498,1304
207498,1370
207498,1372
207498,59822
207498,61364
207498,61542
207498,62170
207498,62376
207498,63188
207582,1304
207582,1370
207582,1372
207582,59822
207582,61364
207582,61542
207582,62170
207582,62376
207582,63188
207588,1304
207588,1370
207588,1372
207588,59822
207588,61364
207588,61542
207588,62170
207588,62376
207588,63188
207597,1304
207597,1370
207597,1372
207597,59822
207597,61364
207597,61542
207597,62170
207597,62376
207597,63188
207600,1304
207600,1370
207600,1372
207600,59822
207600,61364
207600,61542
207600,62170
207600,62376
207600,63188
207618,1304
207618,1370
207618,1372
207618,59822
207618,61364
207618,61542
207618,62170
207618,62376
207618,63188
207822,1304
207822,1370
207822,1372
207822,59822
207822,61364
207822,61542
207822,62170
207822,62376
207822,63188
207927,1304
207927,1370
207927,1372
207927,59822
207927,61364
207927,61542
207927,62170
207927,62376
207927,63188
207993,1304
207993,1370
207993,1372
207993,59822
207993,61364
207993,61542
207993,62170
207993,62376
207993,63188
207996,1304
207996,1370
207996,1372
207996,59822
207996,61364
207996,61542
207996,62170
207996,62376
207996,63188
207999,1304
207999,1370
207999,1372
207999,59822
207999,61364
207999,61542
207999,62170
207999,62376
207999,63188
208053,1304
208053,1370
208053,1372
208053,59822
208053,61364
208053,61542
208053,62170
208053,62376
208053,63188
208068,1304
208068,1370
208068,1372
208068,59822
208068,61364
208068,61542
208068,62170
208068,62376
208068,63188
208080,1304
208080,1370
208080,1372
208080,59822
208080,61364
208080,61542
208080,62170
208080,62376
208080,63188
208092,1304
208092,1370
208092,1372
208092,59822
208092,61364
208092,61542
208092,62170
208092,62376
208092,63188
208116,1304
208116,1370
208116,1372
208116,59822
208116,61364
208116,61542
208116,62170
208116,62376
208116,63188
208206,1304
208206,1370
208206,1372
208206,59822
208206,61364
208206,61542
208206,62170
208206,62376
208206,63188
208209,1304
208209,1370
208209,1372
208209,59822
208209,61364
208209,61542
208209,62170
208209,62376
208209,63188
208341,1304
208341,1370
208341,1372
208341,59822
208341,61364
208341,61542
208341,62074
208341,62170
208341,62376
208341,63188
208347,1304
208347,1370
208347,1372
208347,59822
208347,61364
208347,61542
208347,62074
208347,62170
208347,62376
208347,63188
208350,1304
208350,1370
208350,1372
208350,59822
208350,61364
208350,61542
208350,62170
208350,62376
208350,63188
208449,1304
208449,1370
208449,1372
208449,59822
208449,61364
208449,61542
208449,62170
208449,62376
208449,63188
208473,1304
208473,1370
208473,1372
208473,59822
208473,61364
208473,61542
208473,62170
208473,62376
208473,63188
208488,1304
208488,1370
208488,1372
208488,59822
208488,61364
208488,61542
208488,62074
208488,62170
208488,62376
208488,63188
208509,1304
208509,1370
208509,1372
208509,59822
208509,61364
208509,61542
208509,62170
208509,62376
208509,63188
208515,1304
208515,1370
208515,1372
208515,59822
208515,61364
208515,61542
208515,62074
208515,62170
208515,62376
208515,63188
208575,1304
208575,1370
208575,1372
208575,59822
208575,61364
208575,61542
208575,62074
208575,62170
208575,62376
208575,63188
208599,1304
208599,1370
208599,1372
208599,59822
208599,61364
208599,61542
208599,62074
208599,62170
208599,62376
208599,63188
208692,1304
208692,1370
208692,1372
208692,59822
208692,61364
208692,61542
208692,62170
208692,62376
208692,63188
208758,1304
208758,1370
208758,1372
208758,59822
208758,61364
208758,61542
208758,62074
208758,62170
208758,62376
208758,63188
208788,1304
208788,1370
208788,1372
208788,59822
208788,61364
208788,61542
208788,62074
208788,62170
208788,62376
208788,63188
208794,1304
208794,1370
208794,1372
208794,59822
208794,61364
208794,61542
208794,62074
208794,62170
208794,62376
208794,63188
208797,1304
208797,1370
208797,1372
208797,59822
208797,61364
208797,61542
208797,62074
208797,62170
208797,62376
208797,63188
208812,1304
208812,1370
208812,1372
208812,59822
208812,61364
208812,61542
208812,62074
208812,62170
208812,62376
208812,63188
208872,1304
208872,1370
208872,1372
208872,59822
208872,61364
208872,61542
208872,62074
208872,62170
208872,62376
208872,63188
208881,1304
208881,1370
208881,1372
208881,59822
208881,61364
208881,61542
208881,62074
208881,62170
208881,62376
208881,63188
209073,1304
209073,1370
209073,1372
209073,59822
209073,61364
209073,61542
209073,62170
209073,62376
209073,63188
209094,1304
209094,1370
209094,1372
209094,59822
209094,61364
209094,61542
209094,62170
209094,62376
209094,63188
209154,1304
209154,1370
209154,1372
209154,59822
209154,61364
209154,61542
209154,62170
209154,62376
209154,63188
209184,1304
209184,1370
209184,1372
209184,59822
209184,61364
209184,61542
209184,62170
209184,62376
209184,63188
209520,1304
209520,1370
209520,1372
209520,59822
209520,61364
209520,61542
209520,62170
209520,62376
209520,63188
209622,1304
209622,1370
209622,1372
209622,59822
209622,61364
209622,61542
209622,62074
209622,62170
209622,62376
209622,63188
209625,1304
209625,1370
209625,1372
209625,59822
209625,61364
209625,61542
209625,62170
209625,62376
209625,63188
209637,1304
209637,1370
209637,1372
209637,59822
209637,61364
209637,61542
209637,62074
209637,62170
209637,62376
209637,63188
209697,1304
209697,1370
209697,1372
209697,59822
209697,61364
209697,61542
209697,62170
209697,62376
209697,63188
209796,1304
209796,1370
209796,1372
209796,59822
209796,61364
209796,61542
209796,62170
209796,62376
209796,63188
209799,1304
209799,1370
209799,1372
209799,59822
209799,61364
209799,61542
209799,62170
209799,62376
209799,63188
209829,1304
209829,1370
209829,1372
209829,59822
209829,61364
209829,61542
209829,62170
209829,62376
209829,63188
209880,1304
209880,1370
209880,1372
209880,59822
209880,61364
209880,61542
209880,62170
209880,62376
209880,63188
209970,1304
209970,1370
209970,1372
209970,59822
209970,61364
209970,61542
209970,62170
209970,62376
209970,63188
209976,1304
209976,1370
209976,1372
209976,59822
209976,61364
209976,61542
209976,62170
209976,62376
209976,63188
209994,1304
209994,1370
209994,1372
209994,59822
209994,61364
209994,61542
209994,62170
209994,62376
209994,63188
210000,1304
210000,1370
210000,1372
210000,59822
210000,61364
210000,61542
210000,62170
210000,62376
210000,63188
210045,1304
210045,1370
210045,1372
210045,59822
210045,61364
210045,61542
210045,62170
210045,62376
210045,63188
210051,1304
210051,1370
210051,1372
210051,59822
210051,61364
210051,61542
210051,62170
210051,62376
210051,63188
210111,1304
210111,1370
210111,1372
210111,59822
210111,61364
210111,61542
210111,62170
210111,62376
210111,63188
210114,1304
210114,1370
210114,1372
210114,59822
210114,61364
210114,61542
210114,62170
210114,62376
210114,63188
210120,1304
210120,1370
210120,1372
210120,59822
210120,61364
210120,61542
210120,62170
210120,62376
210120,63188
210141,1304
210141,1370
210141,1372
210141,59822
210141,61364
210141,61542
210141,62170
210141,62376
210141,63188
210168,1304
210168,1370
210168,1372
210168,59822
210168,61364
210168,61542
210168,62170
210168,62376
210168,63188
210171,1304
210171,1370
210171,1372
210171,59822
210171,61364
210171,61542
210171,62170
210171,62376
210171,63188
210186,1304
210186,1370
210186,1372
210186,59822
210186,61364
210186,61542
210186,62074
210186,62170
210186,62376
210186,63188
210234,1304
210234,1370
210234,1372
210234,59822
210234,61364
210234,61542
210234,62074
210234,62170
210234,62376
210234,63188
210342,1304
210342,1370
210342,1372
210342,59822
210342,61364
210342,61542
210342,62170
210342,62376
210342,63188
210393,1304
210393,1370
210393,1372
210393,59822
210393,61364
210393,61542
210393,62074
210393,62170
210393,62376
210393,63188
210408,1304
210408,1370
210408,1372
210408,59822
210408,61364
210408,61542
210408,62170
210408,62376
210408,63188
210615,1304
210615,1370
210615,1372
210615,59822
210615,61364
210615,61542
210615,62074
210615,62170
210615,62376
210615,63188
210627,1304
210627,1370
210627,1372
210627,59822
210627,61364
210627,61542
210627,62170
210627,62376
210627,63188
210633,1304
210633,1370
210633,1372
210633,59822
210633,61364
210633,61542
210633,62074
210633,62170
210633,62376
210633,63188
210795,1304
210795,1370
210795,1372
210795,59822
210795,61364
210795,61542
210795,62170
210795,62376
210795,63188
210810,1304
210810,1370
210810,1372
210810,59822
210810,61364
210810,61542
210810,62170
210810,62376
210810,63188
210813,1304
210813,1370
210813,1372
210813,59822
210813,61364
210813,61542
210813,62170
210813,62376
210813,63188
210816,1304
210816,1370
210816,1372
210816,59822
210816,61364
210816,61542
210816,62170
210816,62376
210816,63188
210825,1304
210825,1370
210825,1372
210825,59822
210825,61364
210825,61542
210825,62170
210825,62376
210825,63188
210834,1304
210834,1370
210834,1372
210834,59822
210834,61364
210834,61542
210834,62170
210834,62376
210834,63188
210843,1304
210843,1370
210843,1372
210843,59822
210843,61364
210843,61542
210843,62170
210843,62376
210843,63188
210876,1304
210876,1370
210876,1372
210876,59822
210876,61364
210876,61542
210876,62170
210876,62376
210876,63188
210882,1304
210882,1370
210882,1372
210882,59822
210882,61364
210882,61542
210882,62170
210882,62376
210882,63188
210933,1304
210933,1370
210933,1372
210933,59822
210933,61364
210933,61542
210933,62170
210933,62376
210933,63188
210954,1304
210954,1370
210954,1372
210954,59822
210954,61364
210954,61542
210954,62170
210954,62376
210954,63188
210978,1304
210978,1370
210978,1372
210978,59822
210978,61364
210978,61542
210978,62170
210978,62376
210978,63188
210981,1304
210981,1370
210981,1372
210981,59822
210981,61364
210981,61542
210981,62170
210981,62376
210981,63188
211047,1304
211047,1370
211047,1372
211047,59822
211047,61364
211047,61542
211047,62170
211047,62376
211047,63188
211125,1304
211125,1370
211125,1372
211125,59822
211125,61364
211125,61542
211125,62074
211125,62170
211125,62376
211125,63188
211140,1304
211140,1370
211140,1372
211140,59822
211140,61364
211140,61542
211140,62170
211140,62376
211140,63188
211236,1304
211236,1370
211236,1372
211236,59822
211236,61364
211236,61542
211236,62170
211236,62376
211236,63188
211386,1304
211386,1370
211386,1372
211386,59822
211386,61364
211386,61542
211386,62170
211386,62376
211386,63188
211407,1304
211407,1370
211407,1372
211407,59822
211407,61364
211407,61542
211407,62074
211407,62170
211407,62376
211407,63188
211413,1304
211413,1370
211413,1372
211413,59822
211413,61364
211413,61542
211413,62170
211413,62376
211413,63188
211473,1304
211473,1370
211473,1372
211473,59822
211473,61364
211473,61542
211473,62170
211473,62376
211473,63188
211476,1304
211476,1370
211476,1372
211476,59822
211476,61364
211476,61542
211476,62074
211476,62170
211476,62376
211476,63188
211524,1304
211524,1370
211524,1372
211524,59822
211524,61364
211524,61542
211524,62074
211524,62170
211524,62376
211524,63188
211527,1304
211527,1370
211527,1372
211527,59822
211527,61364
211527,61542
211527,62074
211527,62170
211527,62376
211527,63188
211533,1304
211533,1370
211533,1372
211533,59822
211533,61364
211533,61542
211533,62074
211533,62170
211533,62376
211533,63188
211632,1304
211632,1370
211632,1372
211632,59822
211632,61364
211632,61542
211632,62170
211632,62376
211632,63188
211683,1304
211683,1370
211683,1372
211683,59822
211683,61364
211683,61542
211683,62170
211683,62376
211683,63188
211740,1304
211740,1370
211740,1372
211740,59822
211740,61364
211740,61542
211740,62170
211740,62376
211740,63188
211749,1304
211749,1370
211749,1372
211749,59822
211749,61364
211749,61542
211749,62074
211749,62170
211749,62376
211749,63188
211761,1304
211761,1370
211761,1372
211761,59822
211761,61364
211761,61542
211761,62170
211761,62376
211761,63188
211767,1304
211767,1370
211767,1372
211767,59822
211767,61364
211767,61542
211767,62170
211767,62376
211767,63188
211806,1304
211806,1370
211806,1372
211806,59822
211806,61364
211806,61542
211806,62170
211806,62376
211806,63188
211812,1304
211812,1370
211812,1372
211812,59822
211812,61364
211812,61542
211812,62170
211812,62376
211812,63188
211815,1304
211815,1370
211815,1372
211815,59822
211815,61364
211815,61542
211815,62170
211815,62376
211815,63188
211950,1304
211950,1370
211950,1372
211950,59822
211950,61364
211950,61542
211950,62074
211950,62170
211950,62376
211950,63188
211965,1304
211965,1370
211965,1372
211965,59822
211965,61364
211965,61542
211965,62074
211965,62170
211965,62376
211965,63188
212112,1304
212112,1370
212112,1372
212112,59822
212112,61364
212112,61542
212112,62170
212112,62376
212112,63188
212181,1304
212181,1370
212181,1372
212181,59822
212181,61364
212181,61542
212181,62170
212181,62376
212181,63188
212211,1304
212211,1370
212211,1372
212211,59822
212211,61364
212211,61542
212211,62074
212211,62170
212211,62376
212211,63188
212220,1304
212220,1370
212220,1372
212220,59822
212220,61364
212220,61542
212220,62074
212220,62170
212220,62376
212220,63188
212232,1304
212232,1370
212232,1372
212232,59822
212232,61364
212232,61542
212232,62074
212232,62170
212232,62376
212232,63188
212235,1304
212235,1370
212235,1372
212235,59822
212235,61364
212235,61542
212235,62074
212235,62170
212235,62376
212235,63188
212256,1304
212256,1370
212256,1372
212256,59822
212256,61364
212256,61542
212256,62170
212256,62376
212256,63188
212283,1304
212283,1370
212283,1372
212283,59822
212283,61364
212283,61542
212283,62170
212283,62376
212283,63188
212379,1304
212379,1370
212379,1372
212379,59822
212379,61364
212379,61542
212379,62074
212379,62170
212379,62376
212379,63188
212397,1304
212397,1370
212397,1372
212397,59822
212397,61364
212397,61542
212397,62170
212397,62376
212397,63188
212430,1304
212430,1370
212430,1372
212430,59822
212430,61364
212430,61542
212430,62170
212430,62376
212430,63188
212442,1304
212442,1370
212442,1372
212442,59822
212442,61364
212442,61542
212442,62074
212442,62170
212442,62376
212442,63188
212448,1304
212448,1370
212448,1372
212448,59822
212448,61364
212448,61542
212448,62074
212448,62170
212448,62376
212448,63188
212469,1304
212469,1370
212469,1372
212469,59822
212469,61364
212469,61542
212469,62074
212469,62170
212469,62376
212469,63188
212475,1304
212475,1370
212475,1372
212475,59822
212475,61364
212475,61542
212475,62170
212475,62376
212475,63188
212478,1304
212478,1370
212478,1372
212478,59822
212478,61364
212478,61542
212478,62170
212478,62376
212478,63188
212526,1304
212526,1370
212526,1372
212526,59822
212526,61364
212526,61542
212526,62170
212526,62376
212526,63188
212550,1304
212550,1370
212550,1372
212550,59822
212550,61364
212550,61542
212550,62170
212550,62376
212550,63188
212574,1304
212574,1370
212574,1372
212574,59822
212574,61364
212574,61542
212574,62170
212574,62376
212574,63188
212586,1304
212586,1370
212586,1372
212586,59822
212586,61364
212586,61542
212586,62170
212586,62376
212586,63188
212592,1304
212592,1370
212592,1372
212592,59822
212592,61364
212592,61542
212592,62170
212592,62376
212592,63188
212595,1304
212595,1370
212595,1372
212595,59822
212595,61364
212595,61542
212595,62170
212595,62376
212595,63188
212688,1304
212688,1370
212688,1372
212688,59822
212688,61364
212688,61542
212688,62170
212688,62376
212688,63188
212721,1304
212721,1370
212721,1372
212721,59822
212721,61364
212721,61542
212721,62074
212721,62170
212721,62376
212721,63188
212745,1304
212745,1370
212745,1372
212745,59822
212745,61364
212745,61542
212745,62170
212745,62376
212745,63188
212748,1304
212748,1370
212748,1372
212748,59822
212748,61364
212748,61542
212748,62074
212748,62170
212748,62376
212748,63188
212775,1304
212775,1370
212775,1372
212775,59822
212775,61364
212775,61542
212775,62170
212775,62376
212775,63188
212892,1304
212892,1370
212892,1372
212892,59822
212892,61364
212892,61542
212892,62170
212892,62376
212892,63188
213102,1304
213102,1370
213102,1372
213102,59822
213102,61364
213102,61542
213102,62074
213102,62170
213102,62376
213102,63188
213114,1304
213114,1370
213114,1372
213114,59822
213114,61364
213114,61542
213114,62170
213114,62376
213114,63188
213513,1304
213513,1370
213513,1372
213513,59822
213513,61364
213513,61542
213513,62170
213513,62376
213513,63188
213978,1304
213978,1370
213978,1372
213978,59822
213978,61364
213978,61542
213978,62074
213978,62170
213978,62376
213978,63188
213987,1304
213987,1370
213987,1372
213987,59822
213987,61364
213987,61542
213987,62074
213987,62170
213987,62376
213987,63188
214194,1304
214194,1370
214194,1372
214194,59822
214194,61364
214194,61542
214194,62170
214194,62376
214194,63188
214506,1304
214506,1370
214506,1372
214506,59822
214506,61364
214506,61542
214506,62170
214506,62376
214506,63188
214968,1304
214968,1370
214968,1372
214968,59822
214968,61364
214968,61542
214968,62170
214968,62376
214968,63188
214998,1304
214998,1370
214998,1372
214998,59822
214998,61364
214998,61542
214998,62170
214998,62376
214998,63188
215112,1304
215112,1370
215112,1372
215112,59822
215112,61364
215112,61542
215112,62074
215112,62170
215112,62376
215112,63188
215247,1304
215247,1370
215247,1372
215247,59822
215247,61364
215247,61542
215247,62074
215247,62170
215247,62376
215247,63188
215298,1304
215298,1370
215298,1372
215298,59822
215298,61364
215298,61542
215298,62074
215298,62170
215298,62376
215298,63188
215457,1304
215457,1370
215457,1372
215457,59822
215457,61364
215457,61542
215457,62170
215457,62376
215457,63188
216033,1304
216033,1370
216033,1372
216033,59822
216033,61364
216033,61542
216033,62170
216033,62376
216033,63188
216108,1304
216108,1370
216108,1372
216108,59822
216108,61364
216108,61542
216108,62170
216108,62376
216108,63188
216123,1304
216123,1370
216123,1372
216123,59822
216123,61364
216123,61542
216123,62170
216123,62376
216123,63188
216309,1304
216309,1370
216309,1372
216309,59822
216309,61364
216309,61542
216309,62074
216309,62170
216309,62376
216309,63188
216495,1304
216495,1370
216495,1372
216495,59822
216495,61364
216495,61542
216495,62074
216495,62170
216495,62376
216495,63188
216498,1304
216498,1370
216498,1372
216498,59822
216498,61364
216498,61542
216498,62170
216498,62376
216498,63188
216564,1304
216564,1370
216564,1372
216564,59822
216564,61364
216564,61542
216564,62170
216564,62376
216564,63188
216822,1304
216822,1370
216822,1372
216822,59822
216822,61364
216822,61542
216822,62074
216822,62170
216822,62376
216822,63188
216948,1304
216948,1370
216948,1372
216948,59822
216948,61364
216948,61542
216948,62170
216948,62376
216948,63188
216981,1304
216981,1370
216981,1372
216981,59822
216981,61364
216981,61542
216981,62170
216981,62376
216981,63188
217002,1304
217002,1370
217002,1372
217002,59822
217002,61364
217002,61542
217002,62170
217002,62376
217002,63188
217293,1304
217293,1370
217293,1372
217293,59822
217293,61364
217293,61542
217293,62170
217293,62376
217293,63188
217380,1304
217380,1370
217380,1372
217380,59822
217380,61364
217380,61542
217380,62170
217380,62376
217380,63188
217494,1304
217494,1370
217494,1372
217494,59822
217494,61364
217494,61542
217494,62170
217494,62376
217494,63188
217620,1304
217620,1370
217620,1372
217620,59822
217620,61364
217620,61542
217620,62170
217620,62376
217620,63188
217752,1304
217752,1370
217752,1372
217752,59822
217752,61364
217752,61542
217752,62074
217752,62170
217752,62376
217752,63188
217782,1304
217782,1370
217782,1372
217782,59822
217782,61364
217782,61542
217782,62074
217782,62170
217782,62376
217782,63188
217848,1304
217848,1370
217848,1372
217848,59822
217848,61364
217848,61542
217848,62074
217848,62170
217848,62376
217848,63188
217872,1304
217872,1370
217872,1372
217872,59822
217872,61364
217872,61542
217872,62170
217872,62376
217872,63188
218061,1304
218061,1370
218061,1372
218061,59822
218061,61364
218061,61542
218061,62170
218061,62376
218061,63188
218121,1304
218121,1370
218121,1372
218121,59822
218121,61364
218121,61542
218121,62074
218121,62170
218121,62376
218121,63188
218265,1304
218265,1370
218265,1372
218265,59822
218265,61364
218265,61542
218265,62170
218265,62376
218265,63188
218673,1304
218673,1370
218673,1372
218673,59822
218673,61364
218673,61542
218673,62170
218673,62376
218673,63188
218958,1304
218958,1370
218958,1372
218958,59822
218958,61364
218958,61542
218958,62170
218958,62376
218958,63188
219021,1304
219021,1370
219021,1372
219021,59822
219021,61364
219021,61542
219021,62170
219021,62376
219021,63188
219030,1304
219030,1370
219030,1372
219030,59822
219030,61364
219030,61542
219030,62170
219030,62376
219030,63188
219048,1304
219048,1370
219048,1372
219048,59822
219048,61364
219048,61542
219048,62170
219048,62376
219048,63188
219132,1304
219132,1370
219132,1372
219132,59822
219132,61364
219132,61542
219132,62170
219132,62376
219132,63188
219231,1304
219231,1370
219231,1372
219231,59822
219231,61364
219231,61542
219231,62074
219231,62170
219231,62376
219231,63188
219381,1304
219381,1370
219381,1372
219381,59822
219381,61364
219381,61542
219381,62170
219381,62376
219381,63188
219420,1304
219420,1370
219420,1372
219420,59822
219420,61364
219420,61542
219420,62170
219420,62376
219420,63188
219450,1304
219450,1370
219450,1372
219450,59822
219450,61364
219450,61542
219450,62170
219450,62376
219450,63188
219522,1304
219522,1370
219522,1372
219522,59822
219522,61364
219522,61542
219522,62170
219522,62376
219522,63188
220011,1304
220011,1370
220011,1372
220011,59822
220011,61364
220011,61542
220011,62170
220011,62376
220011,63188
220095,1304
220095,1370
220095,1372
220095,59822
220095,61364
220095,61542
220095,62170
220095,62376
220095,63188
220179,1304
220179,1370
220179,1372
220179,59822
220179,61364
220179,61542
220179,62170
220179,62376
220179,63188
220218,1304
220218,1370
220218,1372
220218,59822
220218,61364
220218,61542
220218,62170
220218,62376
220218,63188
220269,1304
220269,1370
220269,1372
220269,59822
220269,61364
220269,61542
220269,62074
220269,62170
220269,62376
220269,63188
220632,1304
220632,1370
220632,1372
220632,59822
220632,61364
220632,61542
220632,62170
220632,62376
220632,63188
220713,1304
220713,1370
220713,1372
220713,59822
220713,61364
220713,61542
220713,62170
220713,62376
220713,63188
220728,1304
220728,1370
220728,1372
220728,59822
220728,61364
220728,61542
220728,62074
220728,62170
220728,62376
220728,63188
221115,1304
221115,1370
221115,1372
221115,59822
221115,61364
221115,61542
221115,62170
221115,62376
221115,63188
221247,1304
221247,1370
221247,1372
221247,59822
221247,61364
221247,61542
221247,62170
221247,62376
221247,63188
221331,1304
221331,1370
221331,1372
221331,59822
221331,61364
221331,61542
221331,62074
221331,62170
221331,62376
221331,63188
221409,1304
221409,1370
221409,1372
221409,59822
221409,61364
221409,61542
221409,62170
221409,62376
221409,63188
221610,1304
221610,1370
221610,1372
221610,59822
221610,61364
221610,61542
221610,62170
221610,62376
221610,63188
222159,1304
222159,1370
222159,1372
222159,59822
222159,61364
222159,61542
222159,62170
222159,62376
222159,63188
222204,1304
222204,1370
222204,1372
222204,59822
222204,61364
222204,61542
222204,62170
222204,62376
222204,63188
222438,1304
222438,1370
222438,1372
222438,59822
222438,61364
222438,61542
222438,62170
222438,62376
222438,63188
222540,1304
222540,1370
222540,1372
222540,59822
222540,61364
222540,61542
222540,62170
222540,62376
222540,63188
222621,1304
222621,1370
222621,1372
222621,59822
222621,61364
222621,61542
222621,62170
222621,62376
222621,63188
222669,1304
222669,1370
222669,1372
222669,59822
222669,61364
222669,61542
222669,62074
222669,62170
222669,62376
222669,63188
222711,1304
222711,1370
222711,1372
222711,59822
222711,61364
222711,61542
222711,62170
222711,62376
222711,63188
222750,1304
222750,1370
222750,1372
222750,59822
222750,61364
222750,61542
222750,62170
222750,62376
222750,63188
222852,1304
222852,1370
222852,1372
222852,59822
222852,61364
222852,61542
222852,62170
222852,62376
222852,63188
222894,1304
222894,1370
222894,1372
222894,59822
222894,61364
222894,61542
222894,62170
222894,62376
222894,63188
222906,1304
222906,1370
222906,1372
222906,59822
222906,61364
222906,61542
222906,62074
222906,62170
222906,62376
222906,63188
223071,1304
223071,1370
223071,1372
223071,59822
223071,61364
223071,61542
223071,62170
223071,62376
223071,63188
223089,1304
223089,1370
223089,1372
223089,59822
223089,61364
223089,61542
223089,62170
223089,62376
223089,63188
223104,1304
223104,1370
223104,1372
223104,59822
223104,61364
223104,61542
223104,62170
223104,62376
223104,63188
223389,1304
223389,1370
223389,1372
223389,59822
223389,61364
223389,61542
223389,62170
223389,62376
223389,63188
223401,1304
223401,1370
223401,1372
223401,59822
223401,61364
223401,61542
223401,62074
223401,62170
223401,62376
223401,63188
223518,1304
223518,1370
223518,1372
223518,59822
223518,61364
223518,61542
223518,62170
223518,62376
223518,63188
223530,1304
223530,1370
223530,1372
223530,59822
223530,61364
223530,61542
223530,62074
223530,62170
223530,62376
223530,63188
223728,1304
223728,1370
223728,1372
223728,59822
223728,61364
223728,61542
223728,62170
223728,62376
223728,63188
223776,1304
223776,1370
223776,1372
223776,59822
223776,61364
223776,61542
223776,62170
223776,62376
223776,63188
223782,1304
223782,1370
223782,1372
223782,59822
223782,61364
223782,61542
223782,62170
223782,62376
223782,63188
223968,1304
223968,1370
223968,1372
223968,59822
223968,61364
223968,61542
223968,62074
223968,62170
223968,62376
223968,63188
224169,1304
224169,1370
224169,1372
224169,59822
224169,61364
224169,61542
224169,62074
224169,62170
224169,62376
224169,63188
224208,1304
224208,1370
224208,1372
224208,59822
224208,61364
224208,61542
224208,62170
224208,62376
224208,63188
224211,1304
224211,1370
224211,1372
224211,59822
224211,61364
224211,61542
224211,62074
224211,62170
224211,62376
224211,63188
224280,1304
224280,1370
224280,1372
224280,59822
224280,61364
224280,61542
224280,62170
224280,62376
224280,63188
224526,1304
224526,1370
224526,1372
224526,59822
224526,61364
224526,61542
224526,62170
224526,62376
224526,63188
224631,1304
224631,1370
224631,1372
224631,59822
224631,61364
224631,61542
224631,62170
224631,62376
224631,63188
224787,1304
224787,1370
224787,1372
224787,59822
224787,61364
224787,61542
224787,62074
224787,62170
224787,62376
224787,63188
224841,1304
224841,1370
224841,1372
224841,59822
224841,61364
224841,61542
224841,62170
224841,62376
224841,63188
224874,1304
224874,1370
224874,1372
224874,59822
224874,61364
224874,61542
224874,62170
224874,62376
224874,63188
224925,1304
224925,1370
224925,1372
224925,59822
224925,61364
224925,61542
224925,62170
224925,62376
224925,63188
224931,1304
224931,1370
224931,1372
224931,59822
224931,61364
224931,61542
224931,62170
224931,62376
224931,63188
225012,1304
225012,1370
225012,1372
225012,59822
225012,61364
225012,61542
225012,62170
225012,62376
225012,63188
225276,1304
225276,1370
225276,1372
225276,59822
225276,61364
225276,61542
225276,62170
225276,62376
225276,63188
225351,1304
225351,1370
225351,1372
225351,59822
225351,61364
225351,61542
225351,62170
225351,62376
225351,63188
225390,1304
225390,1370
225390,1372
225390,59822
225390,61364
225390,61542
225390,62170
225390,62376
225390,63188
225393,1304
225393,1370
225393,1372
225393,59822
225393,61364
225393,61542
225393,62074
225393,62170
225393,62376
225393,63188
225396,1304
225396,1370
225396,1372
225396,59822
225396,61364
225396,61542
225396,62170
225396,62376
225396,63188
225480,1304
225480,1370
225480,1372
225480,59822
225480,61364
225480,61542
225480,62170
225480,62376
225480,63188
225501,1304
225501,1370
225501,1372
225501,59822
225501,61364
225501,61542
225501,62074
225501,62170
225501,62376
225501,63188
225654,1304
225654,1370
225654,1372
225654,59822
225654,61364
225654,61542
225654,62170
225654,62376
225654,63188
225672,1304
225672,1370
225672,1372
225672,59822
225672,61364
225672,61542
225672,62074
225672,62170
225672,62376
225672,63188
225699,1304
225699,1370
225699,1372
225699,59822
225699,61364
225699,61542
225699,62170
225699,62376
225699,63188
225747,1304
225747,1370
225747,1372
225747,59822
225747,61364
225747,61542
225747,62170
225747,62376
225747,63188
225972,1304
225972,1370
225972,1372
225972,59822
225972,61364
225972,61542
225972,62170
225972,62376
225972,63188
225987,1304
225987,1370
225987,1372
225987,59822
225987,61364
225987,61542
225987,62074
225987,62170
225987,62376
225987,63188
226140,1304
226140,1370
226140,1372
226140,59822
226140,61364
226140,61542
226140,62074
226140,62170
226140,62376
226140,63188
226623,1304
226623,1370
226623,1372
226623,59822
226623,61364
226623,61542
226623,62170
226623,62376
226623,63188
226662,1304
226662,1370
226662,1372
226662,59822
226662,61364
226662,61542
226662,62074
226662,62170
226662,62376
226662,63188
226827,1304
226827,1370
226827,1372
226827,59822
226827,61364
226827,61542
226827,62074
226827,62170
226827,62376
226827,63188
226848,1304
226848,1370
226848,1372
226848,59822
226848,61364
226848,61542
226848,62170
226848,62376
226848,63188
227223,1304
227223,1370
227223,1372
227223,59822
227223,61364
227223,61542
227223,62170
227223,62376
227223,63188
227238,1304
227238,1370
227238,1372
227238,59822
227238,61364
227238,61542
227238,62170
227238,62376
227238,63188
227292,1304
227292,1370
227292,1372
227292,59822
227292,61364
227292,61542
227292,62074
227292,62170
227292,62376
227292,63188
227295,1304
227295,1370
227295,1372
227295,59822
227295,61364
227295,61542
227295,62170
227295,62376
227295,63188
227310,1304
227310,1370
227310,1372
227310,59822
227310,61364
227310,61542
227310,62074
227310,62170
227310,62376
227310,63188
227343,1304
227343,1370
227343,1372
227343,59822
227343,61364
227343,61542
227343,62170
227343,62376
227343,63188
227469,1304
227469,1370
227469,1372
227469,59822
227469,61364
227469,61542
227469,62170
227469,62376
227469,63188
227616,1304
227616,1370
227616,1372
227616,59822
227616,61364
227616,61542
227616,62170
227616,62376
227616,63188
227664,1304
227664,1370
227664,1372
227664,59822
227664,61364
227664,61542
227664,62170
227664,62376
227664,63188
227670,1304
227670,1370
227670,1372
227670,59822
227670,61364
227670,61542
227670,62170
227670,62376
227670,63188
227973,1304
227973,1370
227973,1372
227973,59822
227973,61364
227973,61542
227973,62170
227973,62376
227973,63188
227988,1304
227988,1370
227988,1372
227988,59822
227988,61364
227988,61542
227988,62170
227988,62376
227988,63188
228024,1304
228024,1370
228024,1372
228024,59822
228024,61364
228024,61542
228024,62170
228024,62376
228024,63188
228315,1304
228315,1370
228315,1372
228315,59822
228315,61364
228315,61542
228315,62170
228315,62376
228315,63188
228438,1304
228438,1370
228438,1372
228438,59822
228438,61364
228438,61542
228438,62170
228438,62376
228438,63188
228564,1304
228564,1370
228564,1372
228564,59822
228564,61364
228564,61542
228564,62170
228564,62376
228564,63188
228687,1304
228687,1370
228687,1372
228687,59822
228687,61364
228687,61542
228687,62170
228687,62376
228687,63188
228729,1304
228729,1370
228729,1372
228729,59822
228729,61364
228729,61542
228729,62170
228729,62376
228729,63188
228741,1304
228741,1370
228741,1372
228741,59822
228741,61364
228741,61542
228741,62170
228741,62376
228741,63188
228753,1304
228753,1370
228753,1372
228753,59822
228753,61364
228753,61542
228753,62170
228753,62376
228753,63188
228948,1304
228948,1370
228948,1372
228948,59822
228948,61364
228948,61542
228948,62074
228948,62170
228948,62376
228948,63188
229263,1304
229263,1370
229263,1372
229263,59822
229263,61364
229263,61542
229263,62170
229263,62376
229263,63188
229473,1304
229473,1370
229473,1372
229473,59822
229473,61364
229473,61542
229473,62170
229473,62376
229473,63188
229527,1304
229527,1370
229527,1372
229527,59822
229527,61364
229527,61542
229527,62074
229527,62170
229527,62376
229527,63188
229536,1304
229536,1370
229536,1372
229536,59822
229536,61364
229536,61542
229536,62074
229536,62170
229536,62376
229536,63188
229539,1304
229539,1370
229539,1372
229539,59822
229539,61364
229539,61542
229539,62074
229539,62170
229539,62376
229539,63188
229620,1304
229620,1370
229620,1372
229620,59822
229620,61364
229620,61542
229620,62170
229620,62376
229620,63188
229737,1304
229737,1370
229737,1372
229737,59822
229737,61364
229737,61542
229737,62170
229737,62376
229737,63188
229812,1304
229812,1370
229812,1372
229812,59822
229812,61364
229812,61542
229812,62170
229812,62376
229812,63188
229977,1304
229977,1370
229977,1372
229977,59822
229977,61364
229977,61542
229977,62170
229977,62376
229977,63188
230010,1304
230010,1370
230010,1372
230010,59822
230010,61364
230010,61542
230010,62170
230010,62376
230010,63188
230028,1304
230028,1370
230028,1372
230028,59822
230028,61364
230028,61542
230028,62074
230028,62170
230028,62376
230028,63188
230073,1304
230073,1370
230073,1372
230073,59822
230073,61364
230073,61542
230073,62074
230073,62170
230073,62376
230073,63188
230091,1304
230091,1370
230091,1372
230091,59822
230091,61364
230091,61542
230091,62074
230091,62170
230091,62376
230091,63188
230178,1304
230178,1370
230178,1372
230178,59822
230178,61364
230178,61542
230178,62170
230178,62376
230178,63188
230286,1304
230286,1370
230286,1372
230286,59822
230286,61364
230286,61542
230286,62170
230286,62376
230286,63188
230331,1304
230331,1370
230331,1372
230331,59822
230331,61364
230331,61542
230331,62170
230331,62376
230331,63188
230604,1304
230604,1370
230604,1372
230604,59822
230604,61364
230604,61542
230604,62170
230604,62376
230604,63188
231057,1304
231057,1370
231057,1372
231057,59822
231057,61364
231057,61542
231057,62074
231057,62170
231057,62376
231057,63188
231096,1304
231096,1370
231096,1372
231096,59822
231096,61364
231096,61542
231096,62170
231096,62376
231096,63188
231102,1304
231102,1370
231102,1372
231102,59822
231102,61364
231102,61542
231102,62170
231102,62376
231102,63188
231144,1304
231144,1370
231144,1372
231144,59822
231144,61364
231144,61542
231144,62170
231144,62376
231144,63188
231162,1304
231162,1370
231162,1372
231162,59822
231162,61364
231162,61542
231162,62074
231162,62170
231162,62376
231162,63188
231225,1304
231225,1370
231225,1372
231225,59822
231225,61364
231225,61542
231225,62170
231225,62376
231225,63188
231282,1304
231282,1370
231282,1372
231282,59822
231282,61364
231282,61542
231282,62074
231282,62170
231282,62376
231282,63188
231414,1304
231414,1370
231414,1372
231414,59822
231414,61364
231414,61542
231414,62170
231414,62376
231414,63188
231459,1304
231459,1370
231459,1372
231459,59822
231459,61364
231459,61542
231459,62170
231459,62376
231459,63188
231663,1304
231663,1370
231663,1372
231663,59822
231663,61364
231663,61542
231663,62170
231663,62376
231663,63188
231708,1304
231708,1370
231708,1372
231708,59822
231708,61364
231708,61542
231708,62170
231708,62376
231708,63188
231900,1304
231900,1370
231900,1372
231900,59822
231900,61364
231900,61542
231900,62170
231900,62376
231900,63188
231909,1304
231909,1370
231909,1372
231909,59822
231909,61364
231909,61542
231909,62170
231909,62376
231909,63188
232029,1304
232029,1370
232029,1372
232029,59822
232029,61364
232029,61542
232029,62170
232029,62376
232029,63188
232035,1304
232035,1370
232035,1372
232035,59822
232035,61364
232035,61542
232035,62074
232035,62170
232035,62376
232035,63188
232065,1304
232065,1370
232065,1372
232065,59822
232065,61364
232065,61542
232065,62074
232065,62170
232065,62376
232065,63188
232068,1304
232068,1370
232068,1372
232068,59822
232068,61364
232068,61542
232068,62074
232068,62170
232068,62376
232068,63188
232266,1304
232266,1370
232266,1372
232266,59822
232266,61364
232266,61542
232266,62170
232266,62376
232266,63188
232269,1304
232269,1370
232269,1372
232269,59822
232269,61364
232269,61542
232269,62074
232269,62170
232269,62376
232269,63188
232410,1304
232410,1370
232410,1372
232410,59822
232410,61364
232410,61542
232410,62074
232410,62170
232410,62376
232410,63188
232452,1304
232452,1370
232452,1372
232452,59822
232452,61364
232452,61542
232452,62170
232452,62376
232452,63188
232455,1304
232455,1370
232455,1372
232455,59822
232455,61364
232455,61542
232455,62074
232455,62170
232455,62376
232455,63188
232503,1304
232503,1370
232503,1372
232503,59822
232503,61364
232503,61542
232503,62074
232503,62170
232503,62376
232503,63188
232614,1304
232614,1370
232614,1372
232614,59822
232614,61364
232614,61542
232614,62170
232614,62376
232614,63188
232656,1304
232656,1370
232656,1372
232656,59822
232656,61364
232656,61542
232656,62170
232656,62376
232656,63188
232665,1304
232665,1370
232665,1372
232665,59822
232665,61364
232665,61542
232665,62170
232665,62376
232665,63188
232788,1304
232788,1370
232788,1372
232788,59822
232788,61364
232788,61542
232788,62170
232788,62376
232788,63188
232827,1304
232827,1370
232827,1372
232827,59822
232827,61364
232827,61542
232827,62074
232827,62170
232827,62376
232827,63188
233040,1304
233040,1370
233040,1372
233040,59822
233040,61364
233040,61542
233040,62170
233040,62376
233040,63188
233091,1304
233091,1370
233091,1372
233091,59822
233091,61364
233091,61542
233091,62170
233091,62376
233091,63188
233163,1304
233163,1370
233163,1372
233163,59822
233163,61364
233163,61542
233163,62170
233163,62376
233163,63188
233427,1304
233427,1370
233427,1372
233427,59822
233427,61364
233427,61542
233427,62170
233427,62376
233427,63188
233559,1304
233559,1370
233559,1372
233559,59822
233559,61364
233559,61542
233559,62170
233559,62376
233559,63188
233961,1304
233961,1370
233961,1372
233961,59822
233961,61364
233961,61542
233961,62170
233961,62376
233961,63188
233970,1304
233970,1370
233970,1372
233970,59822
233970,61364
233970,61542
233970,62170
233970,62376
233970,63188
234018,1304
234018,1370
234018,1372
234018,59822
234018,61364
234018,61542
234018,62170
234018,62376
234018,63188
234030,1304
234030,1370
234030,1372
234030,59822
234030,61364
234030,61542
234030,62074
234030,62170
234030,62376
234030,63188
234093,1304
234093,1370
234093,1372
234093,59822
234093,61364
234093,61542
234093,62074
234093,62170
234093,62376
234093,63188
234120,1304
234120,1370
234120,1372
234120,59822
234120,61364
234120,61542
234120,62170
234120,62376
234120,63188
234297,1304
234297,1370
234297,1372
234297,59822
234297,61364
234297,61542
234297,62074
234297,62170
234297,62376
234297,63188
234555,1304
234555,1370
234555,1372
234555,59822
234555,61364
234555,61542
234555,62170
234555,62376
234555,63188
234864,1304
234864,1370
234864,1372
234864,59822
234864,61364
234864,61542
234864,62170
234864,62376
234864,63188
234951,1304
234951,1370
234951,1372
234951,59822
234951,61364
234951,61542
234951,62170
234951,62376
234951,63188
234972,1304
234972,1370
234972,1372
234972,59822
234972,61364
234972,61542
234972,62170
234972,62376
234972,63188
235299,1304
235299,1370
235299,1372
235299,59822
235299,61364
235299,61542
235299,62170
235299,62376
235299,63188
235335,1304
235335,1370
235335,1372
235335,59822
235335,61364
235335,61542
235335,62170
235335,62376
235335,63188
235458,1304
235458,1370
235458,1372
235458,59822
235458,61364
235458,61542
235458,62170
235458,62376
235458,63188
235842,1304
235842,1370
235842,1372
235842,59822
235842,61364
235842,61542
235842,62170
235842,62376
235842,63188
236115,1304
236115,1370
236115,1372
236115,59822
236115,61364
236115,61542
236115,62170
236115,62376
236115,63188
236226,1304
236226,1370
236226,1372
236226,59822
236226,61364
236226,61542
236226,62074
236226,62170
236226,62376
236226,63188
236490,1304
236490,1370
236490,1372
236490,59822
236490,61364
236490,61542
236490,62170
236490,62376
236490,63188
236520,1304
236520,1370
236520,1372
236520,59822
236520,61364
236520,61542
236520,62170
236520,62376
236520,63188
236655,1304
236655,1370
236655,1372
236655,59822
236655,61364
236655,61542
236655,62170
236655,62376
236655,63188
236775,1304
236775,1370
236775,1372
236775,59822
236775,61364
236775,61542
236775,62170
236775,62376
236775,63188
236823,1304
236823,1370
236823,1372
236823,59822
236823,61364
236823,61542
236823,62170
236823,62376
236823,63188
237057,1304
237057,1370
237057,1372
237057,59822
237057,61364
237057,61542
237057,62074
237057,62170
237057,62376
237057,63188
237195,1304
237195,1370
237195,1372
237195,59822
237195,61364
237195,61542
237195,62170
237195,62376
237195,63188
237252,1304
237252,1370
237252,1372
237252,59822
237252,61364
237252,61542
237252,62170
237252,62376
237252,63188
237675,1304
237675,1370
237675,1372
237675,59822
237675,61364
237675,61542
237675,62170
237675,62376
237675,63188
237804,1304
237804,1370
237804,1372
237804,59822
237804,61364
237804,61542
237804,62170
237804,62376
237804,63188
237840,1304
237840,1370
237840,1372
237840,59822
237840,61364
237840,61542
237840,62074
237840,62170
237840,62376
237840,63188
238032,1304
238032,1370
238032,1372
238032,59822
238032,61364
238032,61542
238032,62074
238032,62170
238032,62376
238032,63188
238068,1304
238068,1370
238068,1372
238068,59822
238068,61364
238068,61542
238068,62170
238068,62376
238068,63188
238218,1304
238218,1370
238218,1372
238218,59822
238218,61364
238218,61542
238218,62074
238218,62170
238218,62376
238218,63188
238263,1304
238263,1370
238263,1372
238263,59822
238263,61364
238263,61542
238263,62074
238263,62170
238263,62376
238263,63188
238293,1304
238293,1370
238293,1372
238293,59822
238293,61364
238293,61542
238293,62074
238293,62170
238293,62376
238293,63188
238536,1304
238536,1370
238536,1372
238536,59822
238536,61364
238536,61542
238536,62170
238536,62376
238536,63188
238608,1304
238608,1370
238608,1372
238608,59822
238608,61364
238608,61542
238608,62170
238608,62376
238608,63188
238611,1304
238611,1370
238611,1372
238611,59822
238611,61364
238611,61542
238611,62170
238611,62376
238611,63188
238875,1304
238875,1370
238875,1372
238875,59822
238875,61364
238875,61542
238875,62170
238875,62376
238875,63188
238878,1304
238878,1370
238878,1372
238878,59822
238878,61364
238878,61542
238878,62170
238878,62376
238878,63188
238887,1304
238887,1370
238887,1372
238887,59822
238887,61364
238887,61542
238887,62170
238887,62376
238887,63188
239115,1304
239115,1370
239115,1372
239115,59822
239115,61364
239115,61542
239115,62170
239115,62376
239115,63188
239508,1304
239508,1370
239508,1372
239508,59822
239508,61364
239508,61542
239508,62170
239508,62376
239508,63188
239556,1304
239556,1370
239556,1372
239556,59822
239556,61364
239556,61542
239556,62170
239556,62376
239556,63188
239577,1304
239577,1370
239577,1372
239577,59822
239577,61364
239577,61542
239577,62170
239577,62376
239577,63188
239592,1304
239592,1370
239592,1372
239592,59822
239592,61364
239592,61542
239592,62170
239592,62376
239592,63188
240852,1304
240852,1370
240852,1372
240852,59822
240852,61364
240852,61542
240852,62170
240852,62376
240852,63188
240912,1304
240912,1370
240912,1372
240912,59822
240912,61364
240912,61542
240912,62170
240912,62376
240912,63188
240918,1304
240918,1370
240918,1372
240918,59822
240918,61364
240918,61542
240918,62170
240918,62376
240918,63188
240924,1304
240924,1370
240924,1372
240924,59822
240924,61364
240924,61542
240924,62170
240924,62376
240924,63188
241218,1304
241218,1370
241218,1372
241218,59822
241218,61364
241218,61542
241218,62170
241218,62376
241218,63188
241263,1304
241263,1370
241263,1372
241263,59822
241263,61364
241263,61542
241263,62170
241263,62376
241263,63188
241305,1304
241305,1370
241305,1372
241305,59822
241305,61364
241305,61542
241305,62170
241305,62376
241305,63188
241329,1304
241329,1370
241329,1372
241329,59822
241329,61364
241329,61542
241329,62170
241329,62376
241329,63188
241350,1304
241350,1370
241350,1372
241350,59822
241350,61364
241350,61542
241350,62170
241350,62376
241350,63188
241389,1304
241389,1370
241389,1372
241389,59822
241389,61364
241389,61542
241389,62170
241389,62376
241389,63188
242130,1304
242130,1370
242130,1372
242130,59822
242130,61364
242130,61542
242130,62170
242130,62376
242130,63188
242151,1304
242151,1370
242151,1372
242151,59822
242151,61364
242151,61542
242151,62074
242151,62170
242151,62376
242151,63188
242388,1304
242388,1370
242388,1372
242388,59822
242388,61364
242388,61542
242388,62074
242388,62170
242388,62376
242388,63188
242409,1304
242409,1370
242409,1372
242409,59822
242409,61364
242409,61542
242409,62170
242409,62376
242409,63188
242415,1304
242415,1370
242415,1372
242415,59822
242415,61364
242415,61542
242415,62170
242415,62376
242415,63188
242430,1304
242430,1370
242430,1372
242430,59822
242430,61364
242430,61542
242430,62170
242430,62376
242430,63188
242439,1304
242439,1370
242439,1372
242439,59822
242439,61364
242439,61542
242439,62170
242439,62376
242439,63188
242442,1304
242442,1370
242442,1372
242442,59822
242442,61364
242442,61542
242442,62074
242442,62170
242442,62376
242442,63188
242505,1304
242505,1370
242505,1372
242505,59822
242505,61364
242505,61542
242505,62170
242505,62376
242505,63188
242556,1304
242556,1370
242556,1372
242556,59822
242556,61364
242556,61542
242556,62170
242556,62376
242556,63188
242610,1304
242610,1370
242610,1372
242610,59822
242610,61364
242610,61542
242610,62170
242610,62376
242610,63188
242619,1304
242619,1370
242619,1372
242619,59822
242619,61364
242619,61542
242619,62074
242619,62170
242619,62376
242619,63188
242856,1304
242856,1370
242856,1372
242856,59822
242856,61364
242856,61542
242856,62074
242856,62170
242856,62376
242856,63188
243081,1304
243081,1370
243081,1372
243081,59822
243081,61364
243081,61542
243081,62170
243081,62376
243081,63188
243390,1304
243390,1370
243390,1372
243390,59822
243390,61364
243390,61542
243390,62170
243390,62376
243390,63188
243408,1304
243408,1370
243408,1372
243408,59822
243408,61364
243408,61542
243408,62170
243408,62376
243408,63188
243477,1304
243477,1370
243477,1372
243477,59822
243477,61364
243477,61542
243477,62170
243477,62376
243477,63188
243546,1304
243546,1370
243546,1372
243546,59822
243546,61364
243546,61542
243546,62074
243546,62170
243546,62376
243546,63188
243789,1304
243789,1370
243789,1372
243789,59822
243789,61364
243789,61542
243789,62074
243789,62170
243789,62376
243789,63188
243927,1304
243927,1370
243927,1372
243927,59822
243927,61364
243927,61542
243927,62170
243927,62376
243927,63188
243954,1304
243954,1370
243954,1372
243954,59822
243954,61364
243954,61542
243954,62170
243954,62376
243954,63188
243981,1304
243981,1370
243981,1372
243981,59822
243981,61364
243981,61542
243981,62170
243981,62376
243981,63188
244005,1304
244005,1370
244005,1372
244005,59822
244005,61364
244005,61542
244005,62170
244005,62376
244005,63188
244041,1304
244041,1370
244041,1372
244041,59822
244041,61364
244041,61542
244041,62170
244041,62376
244041,63188
244065,1304
244065,1370
244065,1372
244065,59822
244065,61364
244065,61542
244065,62170
244065,62376
244065,63188
244092,1304
244092,1370
244092,1372
244092,59822
244092,61364
244092,61542
244092,62170
244092,62376
244092,63188
244158,1304
244158,1370
244158,1372
244158,59822
244158,61364
244158,61542
244158,62170
244158,62376
244158,63188
244173,1304
244173,1370
244173,1372
244173,59822
244173,61364
244173,61542
244173,62170
244173,62376
244173,63188
244278,1304
244278,1370
244278,1372
244278,59822
244278,61364
244278,61542
244278,62170
244278,62376
244278,63188
244287,1304
244287,1370
244287,1372
244287,59822
244287,61364
244287,61542
244287,62074
244287,62170
244287,62376
244287,63188
244380,1304
244380,1370
244380,1372
244380,59822
244380,61364
244380,61542
244380,62074
244380,62170
244380,62376
244380,63188
244404,1304
244404,1370
244404,1372
244404,59822
244404,61364
244404,61542
244404,62074
244404,62170
244404,62376
244404,63188
244446,1304
244446,1370
244446,1372
244446,59822
244446,61364
244446,61542
244446,62170
244446,62376
244446,63188
244479,1304
244479,1370
244479,1372
244479,59822
244479,61364
244479,61542
244479,62170
244479,62376
244479,63188
244575,1304
244575,1370
244575,1372
244575,59822
244575,61364
244575,61542
244575,62170
244575,62376
244575,63188
244644,1304
244644,1370
244644,1372
244644,59822
244644,61364
244644,61542
244644,62170
244644,62376
244644,63188
244680,1304
244680,1370
244680,1372
244680,59822
244680,61364
244680,61542
244680,62170
244680,62376
244680,63188
244731,1304
244731,1370
244731,1372
244731,59822
244731,61364
244731,61542
244731,62074
244731,62170
244731,62376
244731,63188
244866,1304
244866,1370
244866,1372
244866,59822
244866,61364
244866,61542
244866,62170
244866,62376
244866,63188
244869,1304
244869,1370
244869,1372
244869,59822
244869,61364
244869,61542
244869,62170
244869,62376
244869,63188
244971,1304
244971,1370
244971,1372
244971,59822
244971,61364
244971,61542
244971,62170
244971,62376
244971,63188
245154,1304
245154,1370
245154,1372
245154,59822
245154,61364
245154,61542
245154,62170
245154,62376
245154,63188
245631,1304
245631,1370
245631,1372
245631,59822
245631,61364
245631,61542
245631,62170
245631,62376
245631,63188
245706,1304
245706,1370
245706,1372
245706,59822
245706,61364
245706,61542
245706,62074
245706,62170
245706,62376
245706,63188
245826,1304
245826,1370
245826,1372
245826,59822
245826,61364
245826,61542
245826,62170
245826,62376
245826,63188
245868,1304
245868,1370
245868,1372
245868,59822
245868,61364
245868,61542
245868,62170
245868,62376
245868,63188
245976,1304
245976,1370
245976,1372
245976,59822
245976,61364
245976,61542
245976,62170
245976,62376
245976,63188
246033,1304
246033,1370
246033,1372
246033,59822
246033,61364
246033,61542
246033,62170
246033,62376
246033,63188
246042,1304
246042,1370
246042,1372
246042,59822
246042,61364
246042,61542
246042,62170
246042,62376
246042,63188
246054,1304
246054,1370
246054,1372
246054,59822
246054,61364
246054,61542
246054,62170
246054,62376
246054,63188
246099,1304
246099,1370
246099,1372
246099,59822
246099,61364
246099,61542
246099,62074
246099,62170
246099,62376
246099,63188
246150,1304
246150,1370
246150,1372
246150,59822
246150,61364
246150,61542
246150,62170
246150,62376
246150,63188
246711,1304
246711,1370
246711,1372
246711,59822
246711,61364
246711,61542
246711,62170
246711,62376
246711,63188
246720,1304
246720,1370
246720,1372
246720,59822
246720,61364
246720,61542
246720,62170
246720,62376
246720,63188
246804,1304
246804,1370
246804,1372
246804,59822
246804,61364
246804,61542
246804,62170
246804,62376
246804,63188
246870,1304
246870,1370
246870,1372
246870,59822
246870,61364
246870,61542
246870,62170
246870,62376
246870,63188
246915,1304
246915,1370
246915,1372
246915,59822
246915,61364
246915,61542
246915,62170
246915,62376
246915,63188
246963,1304
246963,1370
246963,1372
246963,59822
246963,61364
246963,61542
246963,62074
246963,62170
246963,62376
246963,63188
246987,1304
246987,1370
246987,1372
246987,59822
246987,61364
246987,61542
246987,62074
246987,62170
246987,62376
246987,63188
247002,1304
247002,1370
247002,1372
247002,59822
247002,61364
247002,61542
247002,62074
247002,62170
247002,62376
247002,63188
247029,1304
247029,1370
247029,1372
247029,59822
247029,61364
247029,61542
247029,62170
247029,62376
247029,63188
247134,1304
247134,1370
247134,1372
247134,59822
247134,61364
247134,61542
247134,62170
247134,62376
247134,63188
247239,1304
247239,1370
247239,1372
247239,59822
247239,61364
247239,61542
247239,62170
247239,62376
247239,63188
247260,1304
247260,1370
247260,1372
247260,59822
247260,61364
247260,61542
247260,62170
247260,62376
247260,63188
247374,1304
247374,1370
247374,1372
247374,59822
247374,61364
247374,61542
247374,62170
247374,62376
247374,63188
247548,1304
247548,1370
247548,1372
247548,59822
247548,61364
247548,61542
247548,62170
247548,62376
247548,63188
247632,1304
247632,1370
247632,1372
247632,59822
247632,61364
247632,61542
247632,62170
247632,62376
247632,63188
247878,1304
247878,1370
247878,1372
247878,59822
247878,61364
247878,61542
247878,62170
247878,62376
247878,63188
247956,1304
247956,1370
247956,1372
247956,59822
247956,61364
247956,61542
247956,62170
247956,62376
247956,63188
247962,1304
247962,1370
247962,1372
247962,59822
247962,61364
247962,61542
247962,62074
247962,62170
247962,62376
247962,63188
247974,1304
247974,1370
247974,1372
247974,59822
247974,61364
247974,61542
247974,62170
247974,62376
247974,63188
247983,1304
247983,1370
247983,1372
247983,59822
247983,61364
247983,61542
247983,62074
247983,62170
247983,62376
247983,63188
247986,1304
247986,1370
247986,1372
247986,59822
247986,61364
247986,61542
247986,62074
247986,62170
247986,62376
247986,63188
247989,1304
247989,1370
247989,1372
247989,59822
247989,61364
247989,61542
247989,62170
247989,62376
247989,63188
248013,1304
248013,1370
248013,1372
248013,59822
248013,61364
248013,61542
248013,62170
248013,62376
248013,63188
248061,1304
248061,1370
248061,1372
248061,59822
248061,61364
248061,61542
248061,62170
248061,62376
248061,63188
248064,1304
248064,1370
248064,1372
248064,59822
248064,61364
248064,61542
248064,62170
248064,62376
248064,63188
248178,1304
248178,1370
248178,1372
248178,59822
248178,61364
248178,61542
248178,62170
248178,62376
248178,63188
248202,1304
248202,1370
248202,1372
248202,59822
248202,61364
248202,61542
248202,62074
248202,62170
248202,62376
248202,63188
248205,1304
248205,1370
248205,1372
248205,59822
248205,61364
248205,61542
248205,62170
248205,62376
248205,63188
248250,1304
248250,1370
248250,1372
248250,59822
248250,61364
248250,61542
248250,62170
248250,62376
248250,63188
248292,1304
248292,1370
248292,1372
248292,59822
248292,61364
248292,61542
248292,62170
248292,62376
248292,63188
248301,1304
248301,1370
248301,1372
248301,59822
248301,61364
248301,61542
248301,62074
248301,62170
248301,62376
248301,63188
248373,1304
248373,1370
248373,1372
248373,59822
248373,61364
248373,61542
248373,62074
248373,62170
248373,62376
248373,63188
248550,1304
248550,1370
248550,1372
248550,59822
248550,61364
248550,61542
248550,62170
248550,62376
248550,63188
248598,1304
248598,1370
248598,1372
248598,59822
248598,61364
248598,61542
248598,62170
248598,62376
248598,63188
248706,1304
248706,1370
248706,1372
248706,59822
248706,61364
248706,61542
248706,62170
248706,62376
248706,63188
248724,1304
248724,1370
248724,1372
248724,59822
248724,61364
248724,61542
248724,62170
248724,62376
248724,63188
248796,1304
248796,1370
248796,1372
248796,59822
248796,61364
248796,61542
248796,62170
248796,62376
248796,63188
248871,1304
248871,1370
248871,1372
248871,59822
248871,61364
248871,61542
248871,62170
248871,62376
248871,63188
249063,1304
249063,1370
249063,1372
249063,59822
249063,61364
249063,61542
249063,62170
249063,62376
249063,63188
249081,1304
249081,1370
249081,1372
249081,59822
249081,61364
249081,61542
249081,62170
249081,62376
249081,63188
249159,1304
249159,1370
249159,1372
249159,59822
249159,61364
249159,61542
249159,62170
249159,62376
249159,63188
249207,1304
249207,1370
249207,1372
249207,59822
249207,61364
249207,61542
249207,62170
249207,62376
249207,63188
249222,1304
249222,1370
249222,1372
249222,59822
249222,61364
249222,61542
249222,62170
249222,62376
249222,63188
249294,1304
249294,1370
249294,1372
249294,59822
249294,61364
249294,61542
249294,62074
249294,62170
249294,62376
249294,63188
249297,1304
249297,1370
249297,1372
249297,59822
249297,61364
249297,61542
249297,62170
249297,62376
249297,63188
249342,1304
249342,1370
249342,1372
249342,59822
249342,61364
249342,61542
249342,62170
249342,62376
249342,63188
249411,1304
249411,1370
249411,1372
249411,59822
249411,61364
249411,61542
249411,62074
249411,62170
249411,62376
249411,63188
249486,1304
249486,1370
249486,1372
249486,59822
249486,61364
249486,61542
249486,62074
249486,62170
249486,62376
249486,63188
249513,1304
249513,1370
249513,1372
249513,59822
249513,61364
249513,61542
249513,62074
249513,62170
249513,62376
249513,63188
249567,1304
249567,1370
249567,1372
249567,59822
249567,61364
249567,61542
249567,62170
249567,62376
249567,63188
249573,1304
249573,1370
249573,1372
249573,59822
249573,61364
249573,61542
249573,62170
249573,62376
249573,63188
249579,1304
249579,1370
249579,1372
249579,59822
249579,61364
249579,61542
249579,62170
249579,62376
249579,63188
249633,1304
249633,1370
249633,1372
249633,59822
249633,61364
249633,61542
249633,62170
249633,62376
249633,63188
249687,1304
249687,1370
249687,1372
249687,59822
249687,61364
249687,61542
249687,62170
249687,62376
249687,63188
249930,1304
249930,1370
249930,1372
249930,59822
249930,61364
249930,61542
249930,62170
249930,62376
249930,63188
250020,1304
250020,1370
250020,1372
250020,59822
250020,61364
250020,61542
250020,62170
250020,62376
250020,63188
250221,1304
250221,1370
250221,1372
250221,59822
250221,61364
250221,61542
250221,62074
250221,62170
250221,62376
250221,63188
250284,1304
250284,1370
250284,1372
250284,59822
250284,61364
250284,61542
250284,62170
250284,62376
250284,63188
250362,1304
250362,1370
250362,1372
250362,59822
250362,61364
250362,61542
250362,62170
250362,62376
250362,63188
250434,1304
250434,1370
250434,1372
250434,59822
250434,61364
250434,61542
250434,62074
250434,62170
250434,62376
250434,63188
250653,1304
250653,1370
250653,1372
250653,59822
250653,61364
250653,61542
250653,62074
250653,62170
250653,62376
250653,63188
250668,1304
250668,1370
250668,1372
250668,59822
250668,61364
250668,61542
250668,62170
250668,62376
250668,63188
250782,1304
250782,1370
250782,1372
250782,59822
250782,61364
250782,61542
250782,62170
250782,62376
250782,63188
250947,1304
250947,1370
250947,1372
250947,59822
250947,61364
250947,61542
250947,62074
250947,62170
250947,62376
250947,63188
250974,1304
250974,1370
250974,1372
250974,59822
250974,61364
250974,61542
250974,62170
250974,62376
250974,63188
250977,1304
250977,1370
250977,1372
250977,59822
250977,61364
250977,61542
250977,62170
250977,62376
250977,63188
251106,1304
251106,1370
251106,1372
251106,59822
251106,61364
251106,61542
251106,62170
251106,62376
251106,63188
251121,1304
251121,1370
251121,1372
251121,59822
251121,61364
251121,61542
251121,62170
251121,62376
251121,63188
251142,1304
251142,1370
251142,1372
251142,59822
251142,61364
251142,61542
251142,62170
251142,62376
251142,63188
251169,1304
251169,1370
251169,1372
251169,59822
251169,61364
251169,61542
251169,62170
251169,62376
251169,63188
251235,1304
251235,1370
251235,1372
251235,59822
251235,61364
251235,61542
251235,62170
251235,62376
251235,63188
251253,1304
251253,1370
251253,1372
251253,59822
251253,61364
251253,61542
251253,62170
251253,62376
251253,63188
251391,1304
251391,1370
251391,1372
251391,59822
251391,61364
251391,61542
251391,62170
251391,62376
251391,63188
251442,1304
251442,1370
251442,1372
251442,59822
251442,61364
251442,61542
251442,62074
251442,62170
251442,62376
251442,63188
251610,1304
251610,1370
251610,1372
251610,59822
251610,61364
251610,61542
251610,62170
251610,62376
251610,63188
251619,1304
251619,1370
251619,1372
251619,59822
251619,61364
251619,61542
251619,62074
251619,62170
251619,62376
251619,63188
251625,1304
251625,1370
251625,1372
251625,59822
251625,61364
251625,61542
251625,62074
251625,62170
251625,62376
251625,63188
251643,1304
251643,1370
251643,1372
251643,59822
251643,61364
251643,61542
251643,62170
251643,62376
251643,63188
251766,1304
251766,1370
251766,1372
251766,59822
251766,61364
251766,61542
251766,62170
251766,62376
251766,63188
251817,1304
251817,1370
251817,1372
251817,59822
251817,61364
251817,61542
251817,62170
251817,62376
251817,63188
251829,1304
251829,1370
251829,1372
251829,59822
251829,61364
251829,61542
251829,62074
251829,62170
251829,62376
251829,63188
251967,1304
251967,1370
251967,1372
251967,59822
251967,61364
251967,61542
251967,62074
251967,62170
251967,62376
251967,63188
252057,1304
252057,1370
252057,1372
252057,59822
252057,61364
252057,61542
252057,62170
252057,62376
252057,63188
252066,1304
252066,1370
252066,1372
252066,59822
252066,61364
252066,61542
252066,62170
252066,62376
252066,63188
252081,1304
252081,1370
252081,1372
252081,59822
252081,61364
252081,61542
252081,62074
252081,62170
252081,62376
252081,63188
252177,1304
252177,1370
252177,1372
252177,59822
252177,61364
252177,61542
252177,62170
252177,62376
252177,63188
252405,1304
252405,1370
252405,1372
252405,59822
252405,61364
252405,61542
252405,62170
252405,62376
252405,63188
252480,1304
252480,1370
252480,1372
252480,59822
252480,61364
252480,61542
252480,62170
252480,62376
252480,63188
252618,1304
252618,1370
252618,1372
252618,59822
252618,61364
252618,61542
252618,62170
252618,62376
252618,63188
252696,1304
252696,1370
252696,1372
252696,59822
252696,61364
252696,61542
252696,62170
252696,62376
252696,63188
253053,1304
253053,1370
253053,1372
253053,59822
253053,61364
253053,61542
253053,62170
253053,62376
253053,63188
253098,1304
253098,1370
253098,1372
253098,59822
253098,61364
253098,61542
253098,62170
253098,62376
253098,63188
253146,1304
253146,1370
253146,1372
253146,59822
253146,61364
253146,61542
253146,62170
253146,62376
253146,63188
253308,1304
253308,1370
253308,1372
253308,59822
253308,61364
253308,61542
253308,62170
253308,62376
253308,63188
253335,1304
253335,1370
253335,1372
253335,59822
253335,61364
253335,61542
253335,62170
253335,62376
253335,63188
253557,1304
253557,1370
253557,1372
253557,59822
253557,61364
253557,61542
253557,62074
253557,62170
253557,62376
253557,63188
457455,1304
457455,1370
457455,1372
457455,59822
457455,61364
457455,61542
457455,62170
457455,62376
457455,63188
